Anna Brown vs. Pokemon SSE,pokemon,D_HP,D_ATK,D_DEF,D_SPA,D_SPD,D_SPE,SSE
0,Bulbasaur,-32,-40,-45,-13,-29,5,5684
1,Ivysaur,-17,-27,-31,2,-14,20,2579
2,Venusaur,3,-7,-11,22,6,40,2299
3,Venusaur (Mega Venusaur),3,11,29,44,26,40,5183
4,Charmander,-38,-37,-51,-18,-44,25,8299
5,Charmeleon,-19,-25,-36,2,-29,40,4727
6,Charizard,1,-5,-16,31,-9,60,4924
7,Charizard (Mega Charizard X),1,41,17,52,-9,60,8356
8,Charizard (Mega Charizard Y),1,15,-16,81,21,60,11084
9,Squirtle,-33,-41,-29,-28,-30,3,5304
10,Wartortle,-18,-26,-14,-13,-14,18,1885
11,Blastoise,2,-6,6,7,11,38,1690
12,Blastoise (Mega Blastoise),2,14,26,57,21,38,6010
13,Caterpie,-32,-59,-59,-58,-74,5,16851
14,Metapod,-27,-69,-39,-53,-69,-10,14681
15,Butterfree,-17,-44,-44,12,-14,30,5401
16,Weedle,-37,-54,-64,-58,-74,10,17321
17,Kakuna,-32,-64,-44,-53,-69,-5,14651
18,Beedrill,-12,1,-54,-33,-14,35,5571
19,Beedrill (Mega Beedrill),-12,61,-54,-63,-14,105,21971
20,Pidgey,-37,-44,-54,-43,-59,16,11807
21,Pidgeotto,-14,-29,-39,-28,-44,31,6239
22,Pidgeot,6,-9,-19,-8,-24,61,4839
23,Pidgeot (Mega Pidgeot),6,-9,-14,57,-14,81,10319
24,Rattata,-47,-33,-59,-53,-59,32,14093
25,Rattata (Alolan Rattata),-47,-33,-59,-53,-59,32,14093
26,Raticate,-22,-8,-34,-28,-24,57,6313
27,Raticate (Alolan Raticate),-2,-18,-24,-38,-14,37,3913
28,Spearow,-37,-29,-64,-47,-63,30,13384
29,Fearow,-12,1,-29,-17,-33,60,5964
30,Ekans,-42,-29,-50,-38,-40,15,8374
31,Arbok,-17,6,-25,-13,-15,40,2944
32,Pikachu,-42,-34,-54,-28,-44,50,11056
33,Pikachu (Partner Pikachu),-32,-9,-44,-3,-34,80,10606
34,Raichu,-17,1,-39,12,-14,70,7051
35,Raichu (Alolan Raichu),-17,-4,-44,17,-9,70,7511
36,Sandshrew,-27,-14,-9,-58,-64,0,8466
37,Sandshrew (Alolan Sandshrew),-27,-14,-4,-68,-59,0,9046
38,Sandslash,-2,11,16,-33,-39,25,3616
39,Sandslash (Alolan Sandslash),-2,11,26,-53,-29,25,5076
40,Nidoran♀,-22,-42,-42,-38,-54,1,8373
41,Nidorina,-7,-27,-27,-23,-39,16,3813
42,Nidoqueen,13,3,-7,-3,-9,36,1613
43,Nidoran♂,-31,-32,-54,-38,-54,10,9361
44,Nidorino,-16,-17,-37,-23,-39,25,4589
45,Nidoking,4,13,-17,7,-19,45,2909
46,Clefairy,-7,-44,-46,-18,-29,-5,5291
47,Clefable,18,-19,-21,17,-4,20,1831
48,Vulpix,-39,-48,-54,-28,-29,25,8991
49,Vulpix (Alolan Vulpix),-39,-48,-54,-28,-29,25,8991
50,Ninetales,-4,-13,-19,3,6,60,4191
51,Ninetales (Alolan Ninetales),-4,-22,-19,3,6,69,5667
52,Jigglypuff,38,-44,-74,-33,-69,-20,15106
53,Wigglytuff,63,-19,-49,7,-44,5,8741
54,Zubat,-37,-44,-59,-48,-54,15,12231
55,Golbat,-2,-9,-24,-13,-19,50,3691
56,Oddish,-32,-39,-39,-3,-29,-10,5016
57,Gloom,-17,-24,-24,7,-19,0,1851
58,Vileplume,-2,-9,-9,32,-4,10,1306
59,Paras,-42,-19,-39,-33,-39,-15,6481
60,Parasect,-17,6,-14,-18,-14,-10,1141
61,Venonat,-17,-34,-44,-38,-39,5,6371
62,Venomoth,-7,-24,-34,12,-19,50,4786
63,Diglett,-67,-34,-69,-43,-49,55,17681
64,Diglett (Alolan Diglett),-67,-34,-64,-43,-49,50,16491
65,Dugtrio,-42,11,-44,-28,-24,80,11581
66,Dugtrio (Alolan Dugtrio),-42,11,-34,-28,-24,70,9301
67,Meowth,-37,-44,-59,-38,-54,50,13646
68,Meowth (Alolan Meowth),-37,-54,-59,-28,-54,50,13966
69,Meowth (Galarian Meowth),-27,-24,-39,-38,-54,0,7186
70,Persian,-12,-19,-34,-13,-29,75,8296
71,Persian (Alolan Persian),-12,-29,-34,-3,-29,75,8616
72,Psyduck,-27,-37,-46,-13,-44,15,6544
73,Golduck,3,-7,-16,17,-14,45,2824
74,Mankey,-37,-9,-59,-43,-49,30,10081
75,Primeape,-12,16,-34,-18,-24,55,5481
76,Growlithe,-22,-19,-49,-8,-44,20,5646
77,Growlithe (Hisuian Growlithe),-17,-14,-49,-13,-44,15,5216
78,Arcanine,13,21,-14,22,-14,55,4511
79,Arcanine (Hisuian Arcanine),18,26,-14,17,-14,50,4181
80,Poliwag,-37,-39,-54,-38,-54,50,12666
81,Poliwhirl,-12,-24,-29,-28,-44,50,6781
82,Poliwrath,13,6,1,-8,-4,30,1186
83,Abra,-52,-69,-79,27,-39,50,18456
84,Kadabra,-37,-54,-64,42,-24,65,14946
85,Alakazam,-22,-39,-49,57,1,80,14056
86,Alakazam (Mega Alakazam),-22,-39,-29,97,11,110,24476
87,Machop,-7,-9,-44,-43,-59,-5,7421
88,Machoke,3,11,-24,-28,-34,5,2671
89,Machamp,13,41,-14,-13,-9,15,2521
90,Bellsprout,-27,-14,-59,-8,-64,0,8566
91,Weepinbell,-12,1,-44,7,-49,15,4756
92,Victreebel,3,16,-29,22,-24,30,3066
93,Tentacool,-37,-49,-59,-28,6,30,8971
94,Tentacruel,3,-19,-29,2,26,60,5491
95,Geodude,-37,-9,6,-48,-64,-20,8286
96,Geodude (Alolan Geodude),-37,-9,6,-48,-64,-20,8286
97,Graveler,-22,6,21,-33,-49,-5,4476
98,Graveler (Alolan Graveler),-22,6,21,-33,-49,-5,4476
99,Golem,3,31,36,-23,-29,5,3661
100,Golem (Alolan Golem),3,31,36,-23,-29,5,3661
101,Ponyta,-27,-4,-39,-13,-29,50,5776
102,Ponyta (Galarian Ponyta),-27,-4,-39,-13,-29,50,5776
103,Rapidash,-12,11,-24,2,-14,65,5266
104,Rapidash (Galarian Rapidash),-12,11,-24,2,-14,65,5266
105,Slowpoke,13,-24,-29,-38,-54,-25,6571
106,Slowpoke (Galarian Slowpoke),13,-24,-29,-38,-54,-25,6571
107,Slowbro,18,-14,16,22,-14,-10,1556
108,Slowbro (Mega Slowbro),18,-14,86,52,-14,-10,10916
109,Slowbro (Galarian Slowbro),18,11,1,22,-24,-10,1606
110,Magnemite,-52,-54,-24,17,-39,5,8031
111,Magneton,-27,-29,1,42,-24,30,4811
112,Farfetch'd,-25,1,-39,-20,-32,20,3971
113,Farfetch'd (Galarian Farfetch'd),-25,6,-39,-20,-32,15,3831
114,Doduo,-42,-4,-49,-43,-59,35,10736
115,Dodrio,-17,21,-24,-18,-34,70,7686
116,Seel,-12,-44,-39,-33,-24,5,5291
117,Dewgong,13,-19,-14,-8,1,30,1691
118,Grimer,3,-9,-44,-38,-44,-15,5631
119,Grimer (Alolan Grimer),3,-9,-44,-38,-44,-15,5631
120,Muk,28,16,-19,-13,6,10,1706
121,Muk (Alolan Muk),28,16,-19,-13,6,10,1706
122,Shellder,-47,-24,6,-33,-69,0,8671
123,Cloyster,-27,6,86,7,-49,30,11511
124,Gastly,-47,-54,-64,22,-59,40,14786
125,Haunter,-32,-39,-49,37,-39,55,10861
126,Gengar,-17,-24,-34,52,-19,70,9986
127,Gengar (Mega Gengar),-17,-24,-14,92,1,90,17626
128,Onix,-42,-44,66,-48,-49,30,13661
129,Drowzee,-17,-41,-49,-35,-4,2,5616
130,Hypno,8,-16,-24,-5,21,27,2091
131,Krabby,-47,16,-4,-53,-69,10,10151
132,Kingler,-22,41,21,-28,-44,35,6551
133,Voltorb,-37,-59,-44,-23,-39,60,12436
134,Voltorb (Hisuian Voltorb),-37,-59,-44,-23,-39,60,12436
135,Electrode,-17,-39,-24,2,-14,110,14686
136,Electrode (Hisuian Electrode),-17,-39,-24,2,-14,110,14686
137,Exeggcute,-17,-49,-14,-18,-49,0,5611
138,Exeggutor,18,6,-9,47,-19,15,3236
139,Exeggutor (Alolan Exeggutor),18,16,-9,47,-19,5,3256
140,Cubone,-27,-39,1,-38,-44,-5,5656
141,Marowak,-17,-9,16,-28,-14,5,1631
142,Marowak (Alolan Marowak),-17,-9,16,-28,-14,5,1631
143,Hitmonlee,-27,31,-41,-43,16,47,7685
144,Hitmonchan,-27,16,-15,-43,16,36,4611
145,Lickitung,13,-34,-19,-18,-19,-10,2471
146,Koffing,-37,-24,1,-18,-49,-5,4696
147,Weezing,-12,1,26,7,-24,20,1846
148,Weezing (Galarian Weezing),-12,1,26,7,-24,20,1846
149,Rhyhorn,3,-4,1,-48,-64,-15,6651
150,Rhydon,28,41,26,-33,-49,0,6631
151,Chansey,173,-84,-89,-43,11,10,46976
152,Tangela,-12,-34,21,22,-54,20,5541
153,Kangaskhan,28,6,-14,-38,-14,50,5156
154,Kangaskhan (Mega Kangaskhan),28,36,6,-18,6,60,6076
155,Horsea,-47,-49,-24,-8,-69,20,10411
156,Seadra,-22,-24,1,17,-49,45,5776
157,Goldeen,-32,-22,-34,-43,-44,23,6978
158,Seaking,3,3,-29,-13,-14,28,2008
159,Staryu,-47,-44,-39,-8,-39,45,9276
160,Starmie,-17,-14,-9,22,-9,75,6756
161,Mr. Mime,-37,-44,-29,22,26,50,7806
162,Mr. Mime (Galarian Mr. Mime),-27,-24,-29,12,-4,60,5906
163,Scyther,-7,21,-14,-23,-14,65,5636
164,Jynx,-12,-39,-59,37,1,55,9541
165,Electabuzz,-12,-6,-37,17,-9,65,6144
166,Magmar,-12,6,-37,22,-9,53,4923
167,Pinsir,-12,36,6,-23,-24,45,4606
168,Pinsir (Mega Pinsir),-12,66,26,-13,-4,65,9586
169,Tauros,-2,11,1,-38,-24,70,7046
170,Tauros (Paldean Tauros (Combat Breed)),-2,21,11,-48,-24,60,7046
171,Tauros (Paldean Tauros (Blaze Breed)),-2,21,11,-48,-24,60,7046
172,Tauros (Paldean Tauros (Aqua Breed)),-2,21,11,-48,-24,60,7046
173,Magikarp,-57,-79,-39,-63,-74,40,22056
174,Gyarados,18,36,-15,-18,6,41,3886
175,Gyarados (Mega Gyarados),18,66,15,-8,36,41,7946
176,Lapras,53,-4,-14,7,1,20,3471
177,Ditto,-29,-41,-46,-30,-46,8,7718
178,Eevee,-22,-34,-44,-33,-29,15,5731
179,Eevee (Partner Eevee),-12,-14,-24,-13,-9,35,2391
180,Vaporeon,53,-24,-34,32,1,25,6191
181,Jolteon,-12,-24,-34,32,1,90,11001
182,Flareon,-12,41,-34,17,16,25,4151
183,Porygon,-12,-29,-24,7,-19,0,1971
184,Omanyte,-42,-49,6,12,-39,-5,5891
185,Omastar,-7,-29,31,37,-24,15,4021
186,Kabuto,-47,-9,-4,-23,-49,15,5461
187,Kabutops,-17,26,11,-13,-24,40,3431
188,Aerodactyl,3,16,-29,-18,-19,90,9891
189,Aerodactyl (Mega Aerodactyl),3,46,-9,-8,1,110,14371
190,Snorlax,83,21,-29,-13,16,-10,8696
191,Articuno,13,-4,6,17,31,45,3496
192,Articuno (Galarian Articuno),13,-4,-9,47,6,55,5536
193,Zapdos,13,1,-9,47,-4,60,6076
194,Zapdos (Galarian Zapdos),13,36,-4,7,-4,60,5146
195,Moltres,13,11,-4,47,-9,50,5096
196,Moltres (Galarian Moltres),13,-4,-4,22,31,50,4146
197,Dratini,-36,-25,-49,-28,-44,10,7142
198,Dragonair,-16,-5,-29,-8,-24,30,2662
199,Dragonite,14,45,1,22,6,40,4342
200,Mewtwo,29,21,-4,76,-4,90,15190
201,Mewtwo (Mega Mewtwo X),29,101,6,76,6,90,24990
202,Mewtwo (Mega Mewtwo Y),29,61,-24,116,26,100,29270
203,Mew,23,11,6,22,6,60,4806
204,Chikorita,-32,-40,-29,-29,-29,5,5172
205,Bayleef,-17,-27,-14,-15,-14,20,2035
206,Meganium,3,-7,6,5,6,40,1755
207,Cyndaquil,-38,-37,-51,-18,-44,25,8299
208,Quilava,-19,-25,-36,2,-29,40,4727
209,Typhlosion,1,-5,-16,31,-9,60,4924
210,Typhlosion (Hisuian Typhlosion),-4,-5,-16,41,-9,55,5084
211,Totodile,-27,-24,-30,-34,-46,3,5486
212,Croconaw,-12,-9,-14,-19,-31,18,2067
213,Feraligatr,8,16,6,1,-11,38,1922
214,Sentret,-42,-43,-60,-43,-49,-20,11863
215,Furret,8,-13,-30,-33,-39,50,6243
216,Hoothoot,-17,-59,-64,-42,-38,10,11174
217,Noctowl,23,-39,-44,8,2,30,4954
218,Ledyba,-37,-69,-64,-38,-14,15,12091
219,Ledian,-22,-54,-44,-23,16,45,8146
220,Spinarak,-37,-29,-54,-38,-54,-10,9586
221,Ariados,-7,1,-24,-18,-24,0,1526
222,Crobat,8,1,-14,-8,-14,90,8621
223,Chinchou,-2,-51,-56,-22,-38,27,8398
224,Lanturn,48,-31,-36,-2,-18,27,5618
225,Pichu,-57,-49,-79,-43,-59,20,17621
226,Cleffa,-27,-64,-66,-33,-39,-25,12416
227,Igglybuff,13,-59,-79,-38,-74,-25,17436
228,Togepi,-42,-69,-29,-38,-29,-20,10051
229,Togetic,-22,-49,-9,2,11,0,3091
230,Natu,-37,-39,-49,-8,-49,30,8656
231,Xatu,-12,-14,-24,17,-24,55,4806
232,Mareep,-22,-49,-54,-13,-49,-5,8396
233,Flaaffy,-7,-34,-39,2,-34,5,3911
234,Ampharos,13,-14,-9,37,-4,15,2056
235,Ampharos (Mega Ampharos),13,6,11,87,16,5,8176
236,Bellossom,-2,-9,1,12,6,10,366
237,Marill,-7,-69,-44,-58,-44,0,12046
238,Azumarill,23,-39,-14,-18,-14,10,2866
239,Sudowoodo,-7,11,21,-48,-29,-10,3856
240,Politoed,13,-14,-19,12,6,30,1806
241,Hoppip,-42,-54,-54,-43,-39,10,11066
242,Skiploom,-22,-44,-44,-33,-29,40,7886
243,Jumpluff,-2,-34,-24,-23,1,70,7166
244,Aipom,-22,-19,-39,-38,-39,45,7356
245,Sunkern,-47,-59,-64,-48,-64,-10,16286
246,Sunflora,-2,-14,-39,27,-9,-10,2631
247,Yanma,-12,-24,-49,-3,-49,55,8556
248,Wooper,-22,-44,-49,-53,-69,-25,13016
249,Wooper (Paldean Wooper),-22,-44,-49,-53,-69,-25,13016
250,Quagsire,18,-4,-9,-13,-29,-5,1456
251,Espeon,-12,-24,-34,52,1,70,9481
252,Umbreon,18,-24,16,-18,36,25,3401
253,Murkrow,-17,-4,-52,7,-52,51,8363
254,Slowking,18,-14,-14,22,16,-10,1556
255,Slowking (Galarian Slowking),18,-24,-14,32,16,-10,2476
256,Misdreavus,-17,-29,-34,7,-9,45,4441
257,Unown,-29,-17,-46,-6,-46,8,5462
258,Wobbuffet,113,-56,-36,-45,-36,-7,20571
259,Girafarig,-7,-9,-29,12,-29,45,3981
260,Pineco,-27,-24,-4,-43,-59,-25,7276
261,Forretress,-2,1,46,-18,-34,0,3601
262,Dunsparce,23,-19,-24,-13,-29,5,2501
263,Gligar,-12,-14,11,-43,-29,45,5176
264,Steelix,-2,-4,106,-23,-29,-10,12726
265,Steelix (Mega Steelix),-2,36,136,-23,1,-10,20426
266,Snubbull,-17,-9,-44,-38,-54,-10,6766
267,Granbull,13,31,-19,-18,-34,5,2996
268,Qwilfish,-12,6,-9,-23,-39,45,4336
269,Qwilfish (Hisuian Qwilfish),-12,6,-9,-23,-39,45,4336
270,Scizor,-7,41,6,-23,-14,25,3116
271,Scizor (Mega Scizor),-7,61,46,-13,6,35,7316
272,Shuckle,-57,-79,136,-68,136,-35,52331
273,Heracross,3,36,-19,-38,1,45,5136
274,Heracross (Mega Heracross),3,96,21,-38,11,35,12456
275,Sneasel,-22,6,-39,-43,-19,75,9876
276,Sneasel (Hisuian Sneasel),-22,6,-39,-43,-19,75,9876
277,Teddiursa,-17,-9,-44,-28,-44,0,5026
278,Ursaring,13,41,-19,-3,-19,15,2806
279,Slugma,-37,-49,-54,-8,-54,-20,10066
280,Magcargo,-17,-39,26,12,-14,-10,2926
281,Swinub,-27,-39,-54,-48,-64,10,11666
282,Piloswine,23,11,-14,-18,-34,10,2426
283,Corsola,-12,-34,1,-13,1,-5,1496
284,Corsola (Galarian Corsola),-17,-34,6,-13,6,-10,1786
285,Remoraid,-42,-24,-59,-13,-59,25,10096
286,Octillery,-2,16,-19,27,-19,5,1736
287,Delibird,-32,-34,-49,-13,-49,35,8376
288,Mantine,8,-49,-24,2,46,30,6061
289,Skarmory,-12,-9,46,-38,-24,30,5261
290,Houndour,-32,-29,-64,2,-44,25,8526
291,Houndoom,-2,1,-44,32,-14,55,6186
292,Houndoom (Mega Houndoom),-2,1,-4,62,-4,75,9506
293,Kingdra,-2,6,1,17,1,45,2356
294,Phanpy,13,-29,-34,-38,-54,0,6526
295,Donphan,13,31,26,-18,-34,10,3386
296,Porygon2,8,-9,-4,27,1,20,1291
297,Stantler,-4,6,-32,7,-29,45,3991
298,Smeargle,-22,-69,-59,-58,-49,35,15716
299,Tyrogue,-42,-54,-59,-43,-59,-5,13516
300,Hitmontop,-27,6,1,-43,16,30,3771
301,Smoochum,-32,-59,-79,7,-29,25,12261
302,Elekid,-32,-26,-57,-13,-39,55,9664
303,Magby,-32,-14,-57,-8,-39,43,7903
304,Miltank,18,-9,11,-38,-24,60,6146
305,Blissey,178,-79,-84,-3,41,15,46896
306,Raikou,13,-4,-19,37,6,75,7576
307,Entei,38,26,-9,12,-19,60,6306
308,Suicune,23,-14,21,12,21,45,3776
309,Larvitar,-27,-25,-44,-33,-44,1,6316
310,Pupitar,-7,-5,-24,-13,-24,11,1516
311,Tyranitar,23,45,16,17,6,21,3576
312,Tyranitar (Mega Tyranitar),23,75,56,17,26,31,11216
313,Lugia,29,1,36,12,60,70,10782
314,Ho-Oh,29,41,-4,32,60,50,9662
315,Celebi,23,11,6,22,6,60,4806
316,Treecko,-37,-44,-59,-13,-39,30,9376
317,Grovyle,-27,-24,-49,7,-29,55,7621
318,Sceptile,-7,-4,-29,27,-9,80,8116
319,Sceptile (Mega Sceptile),-7,21,-19,67,-9,105,16446
320,Torchic,-32,-29,-54,-8,-44,5,6806
321,Combusken,-17,-4,-34,7,-34,15,2891
322,Blaziken,3,31,-24,32,-24,40,4746
323,Blaziken (Mega Blaziken),3,71,-14,52,-14,60,11746
324,Mudkip,-27,-19,-44,-28,-44,0,5746
325,Marshtomp,-7,-4,-24,-18,-24,10,1641
326,Swampert,23,21,-4,7,-4,20,1451
327,Swampert (Mega Swampert),23,61,16,17,16,30,5951
328,Poochyena,-42,-34,-59,-48,-64,-5,12826
329,Mightyena,-7,1,-24,-18,-34,30,3006
330,Zigzagoon,-39,-59,-53,-48,-53,20,13324
331,Zigzagoon (Galarian Zigzagoon),-39,-59,-53,-48,-53,20,13324
332,Linoone,1,-19,-33,-28,-33,60,6924
333,Linoone (Galarian Linoone),1,-19,-33,-28,-33,60,6924
334,Wurmple,-32,-44,-59,-58,-64,-20,14301
335,Silcoon,-27,-54,-39,-53,-69,-25,13361
336,Beautifly,-17,-19,-44,22,-44,25,5631
337,Cascoon,-27,-54,-39,-53,-69,-25,13361
338,Dustox,-17,-39,-24,-28,-4,25,3811
339,Lotad,-37,-59,-64,-38,-44,-10,12426
340,Lombre,-17,-39,-44,-18,-24,10,4746
341,Ludicolo,3,-19,-24,12,6,30,2026
342,Seedot,-37,-49,-44,-48,-64,-10,12206
343,Nuzleaf,-7,-19,-54,-18,-54,20,6966
344,Shiftry,13,11,-34,12,-34,40,4346
345,Taillow,-37,-34,-64,-48,-64,45,15046
346,Swellow,-17,-4,-34,-3,-44,85,10631
347,Wingull,-37,-59,-64,-23,-64,45,15596
348,Pelipper,-17,-39,6,17,-24,25,3336
349,Ralts,-49,-64,-69,-33,-59,0,15828
350,Kirlia,-39,-54,-59,-13,-39,10,9708
351,Gardevoir,-9,-24,-29,47,21,40,5748
352,Gardevoir (Mega Gardevoir),-9,-4,-29,87,41,60,13788
353,Surskit,-37,-59,-62,-28,-42,25,11867
354,Masquerain,-7,-29,-32,22,-12,40,4142
355,Shroomish,-17,-49,-34,-38,-34,-5,6471
356,Breloom,-17,41,-14,-18,-34,30,4546
357,Slakoth,-17,-29,-34,-43,-59,-10,7716
358,Vigoroth,3,-9,-14,-23,-39,50,4836
359,Slaking,73,71,6,17,-29,60,15136
360,Nincada,-46,-44,-4,-48,-64,0,10468
361,Ninjask,-16,1,-49,-28,-44,120,19778
362,Shedinja,-76,1,-49,-48,-64,0,14578
363,Whismur,-13,-38,-71,-27,-71,-12,12568
364,Loudred,7,-18,-51,-7,-51,8,5688
365,Exploud,27,2,-31,13,-21,28,3088
366,Makuhita,-5,-29,-64,-58,-64,-15,12647
367,Hariyama,67,31,-34,-38,-34,10,9306
368,Azurill,-27,-69,-54,-58,-54,-20,15086
369,Nosepass,-47,-44,41,-33,-4,-10,7031
370,Skitty,-27,-44,-49,-43,-59,10,10496
371,Delcatty,-7,-24,-29,-23,-39,50,6016
372,Sableye,-27,-14,-19,-13,-29,10,2396
373,Sableye (Mega Sableye),-27,-4,31,7,21,-20,2596
374,Mawile,-27,-4,-9,-23,-39,10,2976
375,Mawile (Mega Mawile),-27,16,31,-23,1,10,2576
376,Aron,-27,-19,6,-38,-54,-10,5586
377,Lairon,-17,1,46,-28,-44,0,5126
378,Aggron,-7,21,86,-18,-34,10,9466
379,Aggron (Mega Aggron),-7,51,136,-18,-14,10,21766
380,Meditite,-47,-49,-39,-38,-39,20,9496
381,Medicham,-17,-29,-19,-18,-19,40,3776
382,Medicham (Mega Medicham),-17,11,-9,2,-9,60,4176
383,Electrike,-37,-44,-54,-13,-54,25,9931
384,Manectric,-7,-14,-34,27,-34,65,7511
385,Manectric (Mega Manectric),-7,-14,-14,57,-14,95,12911
386,Plusle,-17,-39,-54,7,-19,55,8161
387,Minun,-17,-49,-44,-3,-9,55,7741
388,Volbeat,-12,-16,-19,-31,-9,45,3828
389,Illumise,-12,-42,-19,-5,-9,45,4400
390,Roselia,-27,-29,-49,22,-14,25,5276
391,Gulpin,-7,-46,-41,-35,-41,0,6752
392,Swalot,23,-16,-11,-5,-11,15,1277
393,Carvanha,-32,1,-74,-13,-74,25,12771
394,Sharpedo,-7,31,-54,17,-54,55,10156
395,Sharpedo (Mega Sharpedo),-7,51,-24,32,-29,65,9316
396,Wailmer,53,-19,-59,-8,-59,20,10596
397,Wailord,93,1,-49,12,-49,20,13996
398,Numel,-17,-29,-54,-13,-49,-5,6641
399,Camerupt,-7,11,-24,27,-19,0,1836
400,Camerupt (Mega Camerupt),-7,31,6,67,11,-20,6056
401,Torkoal,-7,-4,46,7,-24,-20,3206
402,Spoink,-17,-64,-59,-8,-14,20,8526
403,Grumpig,3,-44,-29,12,16,40,4786
404,Spinda,-17,-29,-34,-18,-34,20,4166
405,Trapinch,-32,11,-49,-33,-49,-30,7936
406,Vibrava,-27,-19,-44,-28,-44,30,6646
407,Flygon,3,11,-14,2,-14,60,4126
408,Cacnea,-27,-4,-54,7,-54,-5,6651
409,Cacturne,-7,26,-34,37,-34,15,4631
410,Swablu,-32,-49,-34,-38,-19,10,6486
411,Altaria,-2,-19,-4,-8,11,40,2166
412,Altaria (Mega Altaria),-2,21,16,32,11,40,3446
413,Zangoose,-4,26,-34,-18,-34,50,5828
414,Seviper,-4,11,-34,22,-34,25,3558
415,Lunatone,13,-34,-29,17,-9,30,3436
416,Solrock,13,6,-9,-23,-29,30,2556
417,Barboach,-27,-41,-51,-32,-53,20,9244
418,Whiscash,33,-11,-21,-2,-23,20,2584
419,Corphish,-34,-9,-29,-28,-59,-5,6368
420,Crawdaunt,-14,31,-9,12,-39,15,3128
421,Baltoy,-37,-49,-39,-38,-24,15,7536
422,Claydol,-17,-19,11,-8,26,35,2736
423,Lileep,-11,-48,-17,-17,-7,-17,3341
424,Cradily,9,-8,3,3,13,3,341
425,Anorith,-32,6,-44,-38,-44,35,7601
426,Armaldo,-2,36,6,-8,-14,5,1621
427,Feebas,-57,-74,-74,-68,-39,40,21946
428,Milotic,18,-29,-15,22,31,41,4516
429,Castform,-7,-19,-24,-8,-24,30,2526
430,Kecleon,-17,1,-24,-18,26,0,1866
431,Shuppet,-33,-14,-59,-15,-61,5,8737
432,Banette,-13,26,-29,5,-31,25,3297
433,Banette (Mega Banette),-13,76,-19,15,-11,35,7877
434,Duskull,-57,-49,-4,-48,-4,-15,8211
435,Dusclops,-37,-19,36,-18,36,-15,4871
436,Tropius,22,-21,-11,-6,-7,11,1252
437,Chimecho,-2,-39,-14,17,-4,25,2651
438,Absol,-12,41,-34,-3,-34,35,5371
439,Absol (Mega Absol),-12,61,-34,37,-34,75,13171
440,Wynaut,18,-66,-46,-55,-46,-17,12226
441,Snorunt,-27,-39,-44,-28,-44,10,7006
442,Glalie,3,-9,-14,2,-14,40,2086
443,Glalie (Mega Glalie),3,31,-14,42,-14,60,6726
444,Spheal,-7,-49,-44,-23,-44,-15,7076
445,Sealeo,13,-29,-24,-3,-24,5,2196
446,Walrein,33,-9,-4,17,-4,25,2116
447,Clamperl,-42,-25,-9,-4,-39,-8,4071
448,Huntail,-22,15,11,16,-19,12,1591
449,Gorebyss,-22,-5,11,36,-19,12,2431
450,Relicanth,23,1,36,-33,-29,15,3981
451,Luvdisc,-34,-59,-39,-38,-29,57,11692
452,Bagon,-32,-14,-34,-38,-64,10,8016
453,Shelgon,-12,6,6,-18,-44,10,2576
454,Salamence,18,46,-14,32,-14,60,7456
455,Salamence (Mega Salamence),18,56,36,42,-4,80,12936
456,Beldum,-37,-34,-14,-43,-34,-10,5826
457,Metang,-17,-14,6,-23,-14,10,1346
458,Metagross,3,46,36,17,-4,30,4626
459,Metagross (Mega Metagross),3,56,56,27,16,70,12166
460,Regirock,3,11,106,-28,6,10,12286
461,Regice,3,-39,6,22,106,10,13386
462,Registeel,3,-14,56,-3,56,10,6586
463,Latias,3,-9,-4,32,36,70,7326
464,Latias (Mega Latias),3,11,26,62,56,70,12686
465,Latios,3,1,-14,52,16,70,8066
466,Latios (Mega Latios),3,41,6,82,26,70,14026
467,Kyogre,23,11,-4,72,46,50,10466
468,Kyogre (Primal Kyogre),23,61,-4,102,66,50,21526
469,Groudon,23,61,46,22,-4,50,9366
470,Groudon (Primal Groudon),23,91,66,72,-4,50,20866
471,Rayquaza,28,61,-4,72,-4,55,12746
472,Rayquaza (Mega Rayquaza),28,91,6,102,6,75,25166
473,Jirachi,23,11,6,22,6,60,4806
474,Deoxys (Normal Forme),-27,61,-44,72,-44,110,25606
475,Deoxys (Attack Forme),-27,91,-74,102,-74,110,42466
476,Deoxys (Defense Forme),-27,-19,66,-8,66,50,12366
477,Deoxys (Speed Forme),-27,6,-4,17,-4,140,20686
478,Turtwig,-22,-21,-30,-33,-39,-9,4516
479,Grotle,-2,0,-9,-23,-29,-4,1471
480,Torterra,18,20,11,-3,-9,16,1191
481,Chimchar,-33,-31,-50,-20,-50,21,7891
482,Monferno,-13,-11,-42,0,-42,41,5499
483,Infernape,-1,15,-23,26,-23,68,6584
484,Piplup,-24,-38,-41,-17,-38,0,5434
485,Prinplup,-13,-23,-26,3,-18,10,1807
486,Empoleon,7,-3,-6,33,7,20,1632
487,Starly,-37,-34,-64,-48,-64,20,13421
488,Staravia,-22,-14,-44,-38,-54,40,8576
489,Staraptor,8,31,-24,-28,-34,60,7141
490,Bidoof,-18,-44,-54,-43,-54,-9,10022
491,Bibarel,2,-4,-34,-23,-34,31,3822
492,Kricketot,-40,-64,-53,-53,-53,-15,14348
493,Kricketune,0,-4,-43,-23,-43,25,4868
494,Shinx,-32,-24,-60,-38,-60,5,10269
495,Luxio,-17,-4,-45,-18,-45,20,5079
496,Luxray,3,31,-15,17,-15,30,2609
497,Budew,-37,-59,-59,-28,-24,15,9916
498,Roserade,-17,-19,-29,47,11,50,6321
499,Cranidos,-10,36,-54,-48,-64,18,11036
500,Rampardos,20,76,-34,-13,-44,18,9761
501,Shieldon,-47,-47,24,-36,-6,-10,6426
502,Bastiodon,-17,-37,74,-31,44,-10,10131
503,Burmy,-37,-60,-49,-49,-49,-4,12188
504,Wormadam (Plant Cloak),-17,-30,-9,1,11,-4,1408
505,Wormadam (Sandy Cloak),-17,-10,11,-19,-9,-4,968
506,Wormadam (Trash Cloak),-17,-20,1,-9,1,-4,788
507,Mothim,-7,5,-44,16,-44,26,4878
508,Combee,-47,-59,-52,-48,-52,30,14302
509,Vespiquen,-7,-9,8,2,8,0,262
510,Pachirisu,-17,-44,-24,-33,-4,55,6931
511,Buizel,-22,-24,-59,-18,-64,45,10986
512,Floatzel,8,16,-39,7,-44,75,9451
513,Cherubi,-32,-54,-49,-16,-41,-5,8303
514,Cherrim,-7,-29,-24,9,-16,45,3828
515,Shellos,-1,-41,-46,-21,-32,-6,5299
516,Gastrodon,34,-6,-26,14,-12,-1,2209
517,Ambipom,-2,11,-28,-18,-28,75,7642
518,Drifloon,13,-39,-60,-18,-50,30,9014
519,Drifblim,73,-9,-50,12,-40,40,11254
520,Buneary,-22,-23,-50,-34,-38,45,8138
521,Lopunny,-12,-13,-10,-24,2,65,5218
522,Lopunny (Mega Lopunny),-12,47,0,-24,2,95,11958
523,Mismagius,-17,-29,-34,27,11,65,7361
524,Honchkrow,23,36,-42,27,-42,31,7043
525,Glameow,-28,-34,-52,-36,-57,45,11214
526,Purugly,-6,-7,-30,-14,-35,72,7590
527,Chingling,-32,-59,-44,-13,-44,5,8571
528,Stunky,-14,-26,-47,-37,-53,34,8415
529,Skuntank,26,4,-27,-7,-33,44,4495
530,Bronzor,-20,-65,-8,-54,-8,-17,7958
531,Bronzong,-10,0,22,1,22,-7,1118
532,Bonsly,-27,-9,1,-68,-49,-30,8736
533,Mime Jr.,-57,-64,-49,-8,-4,20,10226
534,Happiny,23,-84,-89,-63,-29,-10,20416
535,Chatot,-1,-24,-49,14,-52,51,8479
536,Spiritomb,-27,3,14,14,14,-5,1351
537,Gible,-19,-19,-49,-38,-49,2,6972
538,Gabite,-9,1,-29,-28,-39,42,4992
539,Garchomp,31,41,1,2,-9,62,6572
540,Garchomp (Mega Garchomp),31,81,21,42,1,52,12432
541,Munchlax,58,-4,-54,-38,-9,-35,9046
542,Riolu,-37,-19,-54,-43,-54,20,9811
543,Lucario,-7,21,-24,37,-24,50,5511
544,Lucario (Mega Lucario),-7,56,-6,62,-24,72,12825
545,Hippopotas,-9,-17,-16,-40,-52,-8,4994
546,Hippowdon,31,23,24,-10,-22,7,2699
547,Skorupi,-37,-39,-4,-48,-39,25,7356
548,Drapion,-7,1,16,-18,-19,55,4016
549,Croagunk,-29,-28,-54,-17,-54,10,7846
550,Toxicroak,6,17,-29,8,-29,45,4096
551,Carnivine,-3,11,-22,12,-22,6,1278
552,Finneon,-28,-40,-38,-29,-33,26,6434
553,Lumineon,-8,-20,-18,-9,-8,51,3534
554,Mantyke,-32,-69,-44,-18,26,10,8821
555,Snover,-17,-27,-44,-16,-34,0,4366
556,Abomasnow,13,3,-19,14,-9,20,1216
557,Abomasnow (Mega Abomasnow),13,43,11,54,11,-10,5276
558,Weavile,-7,31,-29,-33,-9,85,10246
559,Magnezone,-7,-19,21,52,-4,20,3971
560,Lickilicky,33,-4,1,2,1,10,1211
561,Rhyperior,38,51,36,-23,-39,0,7391
562,Tangrowth,23,11,31,32,-44,10,4671
563,Electivire,-2,34,-27,17,-9,55,5284
564,Magmortar,-2,6,-27,47,1,43,4828
565,Togekiss,8,-39,1,42,21,40,5391
566,Yanmega,9,-13,-8,38,-38,55,6227
567,Leafeon,-12,21,36,-18,-29,55,6071
568,Glaceon,-12,-29,16,52,1,25,4571
569,Gliscor,-2,6,31,-33,-19,55,5476
570,Mamoswine,33,41,-14,-8,-34,40,5786
571,Porygon-Z,8,-9,-24,57,-19,50,6831
572,Gallade,-9,36,-29,-13,21,40,4428
573,Gallade (Mega Gallade),-9,76,1,-13,21,70,11368
574,Probopass,-17,-34,51,-3,56,0,7191
575,Dusknoir,-32,11,41,-13,41,5,4701
576,Froslass,-7,-9,-24,2,-24,70,6186
577,Rotom,-27,-39,-17,17,-17,51,5718
578,Rotom (Heat Rotom),-27,-24,13,27,13,46,4488
579,Rotom (Wash Rotom),-27,-24,13,27,13,46,4488
580,Rotom (Frost Rotom),-27,-24,13,27,13,46,4488
581,Rotom (Fan Rotom),-27,-24,13,27,13,46,4488
582,Rotom (Mow Rotom),-27,-24,13,27,13,46,4488
583,Uxie,-2,-14,36,-3,36,55,5826
584,Mesprit,3,16,11,27,11,40,2836
585,Azelf,-2,36,-24,47,-24,75,10286
586,Dialga,23,31,26,72,6,50,9886
587,Dialga (Origin Forme),23,11,26,72,26,50,9686
588,Palkia,13,31,6,72,26,60,10626
589,Palkia (Origin Forme),13,11,6,72,26,80,12586
590,Heatran,14,1,12,52,12,37,4558
591,Regigigas,33,71,16,2,16,60,10246
592,Giratina (Altered Forme),73,11,26,22,26,50,9786
593,Giratina (Origin Forme),73,31,6,42,6,50,10626
594,Cresselia,43,-19,26,-3,36,45,6216
595,Phione,3,-9,-14,2,-14,40,2086
596,Manaphy,23,11,6,22,6,60,4806
597,Darkrai,-7,1,-4,57,-4,85,10556
598,Shaymin (Land Forme),23,11,6,22,6,60,4806
599,Shaymin (Sky Forme),23,14,-19,42,-19,87,10780
600,Arceus,43,31,26,42,26,80,12326
601,Victini,23,11,6,22,6,60,4806
602,Snivy,-32,-44,-39,-33,-39,23,7620
603,Servine,-17,-29,-19,-18,-19,43,4025
604,Serperior,-2,-14,1,-3,1,73,5540
605,Tepig,-12,-26,-49,-33,-49,5,6736
606,Pignite,13,4,-39,-8,-39,15,3516
607,Emboar,33,34,-29,22,-29,25,5036
608,Oshawott,-22,-34,-49,-15,-49,5,6692
609,Dewott,-2,-14,-34,5,-34,20,2937
610,Samurott,18,11,-9,30,-24,30,2902
611,Samurott (Hisuian Samurott),13,19,-14,22,-29,45,4076
612,Patrat,-32,-34,-55,-43,-55,2,10083
613,Watchog,-17,-4,-25,-18,-25,37,3248
614,Lillipup,-32,-29,-49,-53,-49,15,9701
615,Herdier,-12,-9,-29,-43,-29,20,4156
616,Stoutland,8,21,-4,-33,-4,40,3226
617,Purrloin,-36,-39,-57,-28,-57,26,10775
618,Liepard,-13,-1,-44,10,-44,66,8498
619,Pansage,-27,-36,-46,-25,-46,24,7458
620,Simisage,-2,9,-31,20,-31,61,6128
621,Pansear,-27,-36,-46,-25,-46,24,7458
622,Simisear,-2,9,-31,20,-31,61,6128
623,Panpour,-27,-36,-46,-25,-46,24,7458
624,Simipour,-2,9,-31,20,-31,61,6128
625,Munna,-1,-64,-49,-11,-39,-16,8396
626,Musharna,39,-34,-9,29,1,-11,3721
627,Pidove,-27,-34,-44,-42,-64,3,9690
628,Tranquill,-15,-12,-32,-28,-52,25,5506
629,Unfezant,3,26,-14,-13,-39,53,5380
630,Blitzle,-32,-29,-62,-28,-62,36,11633
631,Zebstrika,-2,11,-31,2,-31,76,7827
632,Roggenrola,-22,-14,-9,-53,-69,-25,8956
633,Boldore,-7,16,11,-28,-54,-20,4526
634,Gigalith,8,46,36,-18,-14,-15,4221
635,Woobat,-12,-44,-51,-23,-51,32,8835
636,Swoobat,-10,-32,-39,-1,-39,74,9643
637,Drilbur,-17,-4,-54,-48,-49,28,8710
638,Excadrill,33,46,-34,-28,-29,48,8290
639,Audino,26,-29,-8,-18,-8,10,2069
640,Audino (Mega Audino),26,-29,32,2,32,10,3669
641,Timburr,-2,-9,-39,-53,-59,-5,7921
642,Gurdurr,8,16,-9,-38,-44,0,3781
643,Conkeldurr,28,51,1,-23,-29,5,4781
644,Tympole,-27,-39,-54,-28,-54,24,9442
645,Palpitoad,-2,-24,-39,-13,-39,29,4632
646,Seismitoad,28,6,-19,7,-19,34,2747
647,Throh,43,11,-9,-48,-9,5,4461
648,Sawk,-2,36,-19,-48,-19,45,6351
649,Sewaddle,-32,-36,-24,-38,-34,2,5500
650,Swadloon,-22,-26,-4,-28,-14,2,2160
651,Leavanny,-2,14,-14,-8,-14,52,3360
652,Venipede,-47,-44,-35,-48,-55,17,10988
653,Whirlipede,-37,-34,5,-38,-15,7,4268
654,Scolipede,-17,11,-5,-23,-25,72,6773
655,Cottonee,-37,-62,-34,-41,-44,26,10662
656,Whimsicott,-17,-22,-9,-1,-19,76,6992
657,Petilil,-32,-54,-44,-8,-44,-10,7976
658,Lilligant,-7,-29,-19,32,-19,50,5136
659,Lilligant (Hisuian Lilligant),-7,16,-19,-28,-19,65,6036
660,Basculin,-7,3,-29,2,-39,58,5788
661,Sandile,-27,-17,-59,-43,-59,25,10454
662,Krokorok,-17,-7,-49,-33,-49,34,7385
663,Krookodile,18,28,-14,-13,-24,52,4753
664,Darumaka,-7,1,-49,-63,-49,10,8921
665,Darumaka (Galarian Darumaka),-7,1,-49,-63,-49,10,8921
666,Darmanitan (Standard Mode),28,51,-39,-48,-39,55,11756
667,Darmanitan (Zen Mode),28,-59,11,62,11,15,8576
668,Darmanitan (Galarian Standard Mode),28,51,-39,-48,-39,55,11756
669,Darmanitan (Galarian Zen Mode),28,71,-39,-48,-39,95,20196
670,Maractus,-2,-3,-27,28,-27,20,2655
671,Dwebble,-27,-24,-9,-43,-59,15,6941
672,Crustle,-7,16,31,-13,-19,5,1821
673,Scraggy,-27,-14,-24,-43,-24,8,3990
674,Scrafty,-12,1,21,-33,21,18,2440
675,Sigilyph,-5,-31,-14,25,-14,57,5252
676,Yamask,-39,-59,-9,-23,-29,-10,6553
677,Yamask (Galarian Yamask),-39,-34,-9,-48,-29,-10,6003
678,Cofagrigus,-19,-39,51,17,11,-10,4993
679,Tirtouga,-23,-11,9,-25,-49,-18,4081
680,Carracosta,-3,19,39,5,-29,-8,2821
681,Archen,-22,23,-49,-4,-49,30,6731
682,Archeops,-2,51,-29,34,-29,70,10343
683,Trubbish,-27,-39,-32,-38,-32,25,6367
684,Garbodor,3,6,-12,-18,-12,35,1882
685,Zorua,-37,-24,-54,2,-54,25,8406
686,Zorua (Hisuian Zorua),-42,-29,-54,7,-54,30,9386
687,Zoroark,-17,16,-34,42,-34,65,8846
688,Zoroark (Hisuian Zoroark),-22,11,-34,47,-34,70,10026
689,Minccino,-22,-39,-54,-38,-54,35,10506
690,Cinccino,-2,6,-34,-13,-34,75,8146
691,Gothita,-32,-59,-44,-23,-29,5,7836
692,Gothorita,-17,-44,-24,-3,-9,15,3116
693,Gothitelle,-7,-34,1,17,16,25,2376
694,Solosis,-32,-59,-54,27,-44,-20,10486
695,Duosion,-12,-49,-44,47,-34,-10,7946
696,Reuniclus,33,-24,-19,47,-9,-10,4416
697,Ducklett,-15,-45,-44,-34,-44,15,7503
698,Swanna,-2,-2,-31,9,-31,58,5375
699,Vanillite,-41,-39,-44,-13,-34,4,6479
700,Vanillish,-26,-24,-29,2,-19,19,2819
701,Vanilluxe,-6,6,-9,32,1,39,2699
702,Deerling,-17,-29,-44,-38,-44,35,7671
703,Sawsbuck,3,11,-24,-18,-24,55,4631
704,Emolga,-22,-14,-34,-3,-34,63,6970
705,Karrablast,-27,-14,-49,-38,-49,20,7571
706,Escavalier,-7,46,11,-18,11,-20,3131
707,Foongus,-8,-34,-49,-23,-39,-25,6296
708,Amoonguss,37,-4,-24,7,-14,-10,2306
709,Frillish,-22,-49,-44,-13,-9,0,5071
710,Jellicent,23,-29,-24,7,11,20,2516
711,Alomomola,88,-14,-14,-38,-49,25,12606
712,Joltik,-27,-42,-44,-21,-44,25,7431
713,Galvantula,-7,-12,-34,19,-34,68,7490
714,Ferroseed,-33,-39,-3,-54,-8,-30,6499
715,Ferrothorn,-3,5,37,-24,22,-20,2863
716,Klink,-37,-34,-24,-33,-34,-10,5446
717,Klang,-17,-9,1,-8,-9,10,616
718,Klinklang,-17,11,21,-8,-9,50,3496
719,Tynamo,-42,-34,-54,-33,-54,20,10241
720,Eelektrik,-12,-4,-24,-3,-24,0,1321
721,Eelektross,8,26,-14,27,-14,10,1961
722,Elgyem,-22,-34,-39,7,-39,-10,4831
723,Beheeyem,-2,-14,-19,47,1,0,2771
724,Litwick,-27,-59,-39,-13,-39,-20,7821
725,Lampent,-17,-49,-34,17,-34,15,5516
726,Chandelure,-17,-34,-4,67,-4,40,7566
727,Axew,-31,-2,-34,-48,-54,17,7630
728,Fraxure,-11,28,-24,-38,-44,27,5590
729,Haxorus,-1,58,-4,-18,-24,57,7530
730,Cubchoo,-22,-19,-54,-18,-54,0,7001
731,Beartic,18,41,-14,-8,-14,10,2561
732,Cryogonal,3,-39,-44,17,41,65,9661
733,Shelmet,-27,-49,-9,-38,-29,-15,5721
734,Accelgor,3,-19,-54,22,-34,105,15951
735,Stunfisk,32,-23,-10,3,5,-8,1751
736,Stunfisk (Galarian Stunfisk),32,-8,5,-12,-10,-8,1421
737,Mienfoo,-32,-4,-44,-23,-44,25,6066
738,Mienshao,-12,36,-34,17,-34,65,8266
739,Druddigon,0,31,-4,-18,-4,8,1381
740,Golett,-18,-15,-44,-43,-44,-5,6295
741,Golurk,12,35,-14,-23,-14,15,2515
742,Pawniard,-32,-4,-24,-38,-54,20,6376
743,Bisharp,-12,36,6,-18,-24,30,3276
744,Bouffalant,18,21,1,-38,1,15,2436
745,Rufflet,-7,-6,-44,-41,-44,20,6038
746,Braviary,23,34,-19,-21,-19,40,4448
747,Braviary (Hisuian Braviary),33,-6,-24,34,-24,25,4058
748,Vullaby,-7,-34,-19,-33,-29,20,3896
749,Mandibuzz,33,-24,11,-23,1,40,3916
750,Heatmor,8,8,-28,27,-28,25,3050
751,Durant,-19,20,18,-30,-46,69,8862
752,Deino,-25,-24,-44,-33,-44,-2,6166
753,Zweilous,-5,-4,-24,-13,-24,18,1686
754,Hydreigon,15,16,-4,47,-4,58,6086
755,Larvesta,-22,-4,-39,-28,-39,20,4726
756,Volcarona,8,-29,-29,57,11,60,8716
757,Cobalion,14,1,35,12,-22,68,6674
758,Terrakion,14,40,-4,-6,-4,68,6488
759,Virizion,14,1,-22,12,35,68,6674
760,Tornadus (Incarnate Forme),2,26,-24,47,-14,71,8702
761,Tornadus (Therian Forme),2,11,-14,32,-4,81,7922
762,Thundurus (Incarnate Forme),2,26,-24,47,-14,71,8702
763,Thundurus (Therian Forme),2,16,-24,67,-14,61,9242
764,Reshiram,23,31,6,72,26,50,9886
765,Zekrom,23,61,26,42,6,50,9226
766,Landorus (Incarnate Forme),12,36,-4,37,-14,61,6742
767,Landorus (Therian Forme),12,56,-4,27,-14,51,6822
768,Kyurem,48,41,-4,52,-4,55,9746
769,Kyurem (Black Kyurem),48,81,6,42,-4,55,13706
770,Kyurem (White Kyurem),48,31,-4,92,6,55,14806
771,Keldeo,14,-17,-4,51,-4,68,7742
772,Meloetta (Aria Forme),23,-12,-17,50,34,50,7118
773,Meloetta (Pirouette Forme),23,39,-4,-1,-17,88,10100
774,Genesect,-6,31,1,42,1,59,6244
775,Chespin,-21,-28,-29,-30,-49,-2,5371
776,Quilladin,-16,-11,1,-22,-36,17,2447
777,Chesnaught,11,18,28,-4,-19,24,2182
778,Fennekin,-37,-44,-54,-16,-34,20,8033
779,Braixen,-18,-30,-36,12,-24,33,4329
780,Delphox,-2,-20,-22,36,6,64,6316
781,Froakie,-36,-33,-54,-16,-50,31,9018
782,Frogadier,-23,-26,-42,5,-38,57,7687
783,Greninja,-5,6,-27,25,-23,82,8668
784,Greninja (Ash-Greninja),-5,56,-27,75,-23,92,18508
785,Bunnelby,-39,-53,-56,-46,-58,17,13235
786,Diggersby,8,-33,-17,-28,-17,38,3959
787,Fletchling,-32,-39,-51,-38,-56,22,10210
788,Fletchinder,-15,-16,-39,-22,-42,44,6186
789,Talonflame,1,-8,-23,-4,-25,86,8631
790,Scatterbug,-39,-54,-54,-51,-69,-5,14740
791,Spewpa,-32,-67,-34,-51,-64,-11,13487
792,Vivillon,3,-37,-44,12,-44,49,7795
793,Litleo,-15,-39,-36,-5,-40,32,5691
794,Pyroar,9,-21,-22,31,-28,66,7107
795,Flabébé,-33,-51,-55,-17,-15,2,7233
796,Floette,-23,-44,-47,-3,4,12,4843
797,Florges,1,-24,-26,34,60,35,7234
798,Skiddo,-11,-24,-46,-16,-37,12,4582
799,Gogoat,46,11,-32,19,-13,28,4575
800,Pancham,-10,-7,-32,-32,-46,3,4322
801,Pangoro,18,35,-16,-9,-23,18,2739
802,Furfrou,-2,-9,-34,-13,-4,62,5270
803,Espurr,-15,-41,-40,-15,-34,28,5671
804,Meowstic,-3,-41,-18,5,-13,64,6304
805,Honedge,-32,-9,6,-43,-57,-12,6383
806,Doublade,-18,21,56,-33,-45,-5,7040
807,Aegislash (Shield Forme),-17,-39,46,-28,46,20,7226
808,Aegislash (Blade Forme),-17,51,-44,62,-44,20,11006
809,Spritzee,1,-37,-34,-15,-29,-17,3881
810,Aromatisse,24,-17,-22,21,-5,-11,1936
811,Swirlix,-15,-41,-28,-19,-37,9,4501
812,Slurpuff,5,-9,-8,7,-19,32,1604
813,Inkay,-24,-35,-41,-41,-48,5,7492
814,Malamar,9,3,-6,-10,-19,33,1676
815,Binacle,-35,-37,-27,-39,-38,10,6388
816,Barbaracle,-5,16,21,-24,-8,28,2146
817,Skrelp,-27,-29,-34,-18,-34,-10,4306
818,Dragalge,-12,-14,-4,19,29,4,1574
819,Clauncher,-27,-36,-32,-20,-31,4,4426
820,Clawitzer,-6,-16,-6,42,-5,19,2478
821,Helioptile,-33,-51,-61,-17,-51,30,11201
822,Heliolisk,-15,-34,-42,31,0,69,8867
823,Tyrunt,-19,0,-17,-33,-49,8,4204
824,Tyrantrum,5,32,25,-9,-35,31,3941
825,Amaura,0,-30,-44,-11,-31,6,3954
826,Aurorus,46,-12,-22,21,-2,18,3513
827,Sylveon,18,-24,-29,32,36,20,4461
828,Hawlucha,1,3,-19,-4,-31,78,7432
829,Dedenne,-10,-31,-37,3,-27,61,6889
830,Carbink,-27,-39,56,-28,56,10,9406
831,Goomy,-32,-39,-59,-23,-19,0,6916
832,Sliggoo,-9,-14,-41,5,19,20,2744
833,Sliggoo (Hisuian Sliggoo),-19,-14,-11,5,19,0,1064
834,Goodra,13,11,-24,32,56,40,6626
835,Goodra (Hisuian Goodra),3,11,6,32,56,20,4726
836,Klefki,-20,-9,-3,2,-7,35,1768
837,Phantump,-34,-19,-46,-28,-34,-2,5577
838,Trevenant,8,21,-18,-13,-12,16,1398
839,Pumpkaboo (Small Size),-33,-23,-24,-34,-39,16,5127
840,Pumpkaboo (Average Size),-28,-23,-24,-34,-39,11,4687
841,Pumpkaboo (Large Size),-23,-23,-24,-34,-39,6,4347
842,Pumpkaboo (Super Size),-18,-23,-24,-34,-39,1,4107
843,Gourgeist (Small Size),-22,-4,28,-20,-19,59,5526
844,Gourgeist (Average Size),-12,1,28,-20,-19,44,3626
845,Gourgeist (Large Size),-2,6,28,-20,-19,29,2426
846,Gourgeist (Super Size),8,11,28,-20,-19,14,1926
847,Bergmite,-22,-20,-9,-46,-59,-12,6706
848,Avalugg,18,28,90,-34,-48,-12,12812
849,Avalugg (Hisuian Avalugg),18,38,90,-44,-58,-2,15172
850,Noibat,-37,-59,-59,-33,-54,15,12561
851,Noivern,8,-19,-14,19,-14,83,8067
852,Xerneas,49,42,1,53,4,59,10472
853,Yveltal,49,42,1,53,4,59,10472
854,Zygarde (50% Forme),31,11,27,3,1,55,4846
855,Zygarde (10% Forme),-23,11,-23,-17,-9,75,7174
856,Zygarde (Complete Forme),139,11,27,13,1,45,22366
857,Diancie,-27,11,56,22,56,10,7706
858,Diancie (Mega Diancie),-27,71,16,82,16,70,17906
859,Hoopa (Hoopa Confined),3,21,-34,72,36,30,8986
860,Hoopa (Hoopa Unbound),3,71,-34,92,36,40,17566
861,Volcanion,3,21,26,52,-4,30,4746
862,Rowlet,-9,-34,-39,-28,-44,2,5482
863,Dartrix,1,-14,-19,-8,-24,12,1342
864,Decidueye,1,18,-19,22,6,30,2106
865,Decidueye (Hisuian Decidueye),11,23,-14,17,1,20,1536
866,Litten,-32,-24,-54,-18,-54,30,8656
867,Torracat,-12,-4,-44,2,-44,50,6536
868,Incineroar,18,26,-4,2,-4,20,1436
869,Popplio,-27,-35,-40,-12,-38,0,5142
870,Brionne,-17,-20,-25,13,-13,10,1752
871,Primarina,3,-15,-20,48,22,20,3822
872,Pikipek,-42,-14,-64,-48,-64,25,13081
873,Trumbeak,-22,-4,-44,-38,-44,35,7041
874,Toucannon,3,31,-19,-3,-19,20,2101
875,Yungoos,-29,-19,-64,-48,-64,5,11723
876,Gumshoos,11,21,-34,-23,-34,5,3428
877,Grubbin,-30,-27,-49,-23,-49,6,6996
878,Charjabug,-20,-7,1,-23,-19,-4,1356
879,Vikavolt,0,-19,-4,67,-19,3,5236
880,Crabrawler,-30,-7,-37,-36,-47,23,6352
881,Crabominable,20,43,-17,-16,-27,3,3532
882,Oricorio,-2,-19,-24,20,-24,53,4726
883,Cutiefly,-37,-44,-54,-23,-54,44,11602
884,Ribombee,-17,-34,-34,17,-24,84,10522
885,Rockruff,-32,-24,-54,-48,-54,20,10136
886,Lycanroc (Midday Form),-2,26,-29,-23,-29,72,8075
887,Lycanroc (Midnight Form),8,26,-19,-23,-19,42,3755
888,Lycanroc (Dusk Form),-2,28,-29,-23,-29,70,7899
889,Wishiwashi (Solo Form),-32,-69,-74,-53,-69,0,18831
890,Wishiwashi (School Form),-32,51,36,62,41,-10,10546
891,Mareanie,-27,-36,-32,-35,-42,5,6063
892,Toxapex,-27,-26,58,-25,48,-5,7723
893,Mudbray,-7,11,-24,-33,-39,5,3381
894,Mudsdale,23,36,6,-23,-9,-5,2496
895,Dewpider,-39,-49,-42,-38,-22,-13,7783
896,Araquanid,-9,-19,-2,-28,38,2,2678
897,Fomantis,-37,-34,-59,-28,-59,-5,10296
898,Lurantis,-7,16,-4,2,-4,5,366
899,Morelull,-37,-54,-39,-13,-19,-25,6961
900,Shiinotic,-17,-44,-14,12,6,-10,2701
901,Salandit,-29,-45,-54,-7,-54,37,10116
902,Salazzle,-9,-25,-34,33,-34,77,10036
903,Stufful,-7,-14,-44,-33,-44,10,5306
904,Bewear,43,36,-14,-23,-34,20,5426
905,Bounsweet,-35,-59,-56,-48,-56,-8,13346
906,Steenee,-25,-49,-46,-38,-46,22,9186
907,Tsareena,-5,31,4,-28,4,32,2826
908,Comfey,-26,-37,-4,4,16,60,5933
909,Oranguru,13,-29,-14,12,16,20,2006
910,Passimian,23,31,-4,-38,-34,40,5706
911,Wimpod,-52,-54,-54,-58,-64,40,17596
912,Golisopod,-2,36,46,-18,-4,0,3756
913,Sandygast,-22,-34,-14,-8,-49,-25,4926
914,Palossand,8,-14,16,22,-19,-5,1386
915,Pyukumuku,-22,-29,36,-48,36,-35,7446
916,Type: Null,18,6,1,17,1,19,1012
917,Silvally,18,6,1,17,1,55,3676
918,Minior (Meteor Form),-17,-29,6,-18,6,20,1926
919,Minior (Core),-17,11,-34,22,-34,80,9606
920,Komala,-12,26,-29,-3,1,25,2296
921,Turtonator,-17,-11,41,13,-9,-4,2357
922,Togedemaru,-12,9,-31,-38,-21,56,6207
923,Mimikyu,-22,1,-14,-28,11,56,4722
924,Bruxish,-9,16,-24,-8,-24,52,4257
925,Drampa,1,-29,-9,57,-3,-4,4197
926,Dhelmise,-7,42,6,8,-4,0,1929
927,Jangmo-o,-32,-34,-29,-33,-49,5,6536
928,Hakamo-o,-22,-14,-4,-13,-24,25,2066
929,Kommo-o,-2,21,31,22,11,45,4036
930,Tapu Koko,-7,26,-9,17,-19,90,9556
931,Tapu Lele,-7,-4,-19,52,21,55,6596
932,Tapu Bulu,-7,41,21,7,1,35,3446
933,Tapu Fini,-7,-14,21,17,36,45,4296
934,Cosmog,-34,-60,-63,-49,-63,-3,15104
935,Cosmoem,-34,-60,37,-49,37,-3,9904
936,Solgaleo,60,48,13,35,-5,57,10572
937,Lunala,60,24,-5,59,13,57,11100
938,Nihilego,32,-36,-47,49,37,63,12268
939,Buzzwole,30,50,45,-25,-41,39,9252
940,Pheromosa,-6,48,-57,59,-57,111,24640
941,Xurkitree,6,0,-23,95,-23,43,11968
942,Celesteela,20,12,9,29,7,21,1956
943,Kartana,-18,92,37,-19,-63,69,19248
944,Guzzlord,146,12,-41,19,-41,3,25192
945,Necrozma,20,18,7,49,-5,39,4720
946,Necrozma (Dusk Mane Necrozma),20,68,33,35,15,37,8932
947,Necrozma (Dawn Wings Necrozma),20,24,15,79,33,37,9900
948,Necrozma (Ultra Necrozma),20,78,3,89,3,89,22344
949,Magearna,3,6,21,52,21,25,4256
950,Marshadow,13,36,-14,12,-4,85,9046
951,Poipole,-10,-16,-27,-5,-27,33,2928
952,Naganadel,-4,-16,-21,49,-21,81,10116
953,Stakataka,-16,42,117,-25,7,-27,17112
954,Blacephalon,-24,38,-41,73,-15,67,13744
955,Zeraora,11,23,-19,24,-14,103,12392
956,Meltan,-31,-24,-29,-23,-59,-6,6424
957,Melmetal,58,54,49,2,-29,-6,9562
958,Grookey,-27,-24,-44,-38,-54,25,8226
959,Thwackey,-7,-4,-24,-23,-34,40,3926
960,Rillaboom,23,36,-4,-18,-24,45,4766
961,Scorbunny,-27,-18,-54,-38,-54,29,9170
962,Raboot,-12,-3,-34,-23,-34,54,5910
963,Cinderace,3,27,-19,-13,-19,79,7870
964,Sobble,-27,-49,-54,-8,-54,30,9926
965,Drizzile,-12,-29,-39,17,-39,50,6816
966,Inteleon,-7,-4,-29,47,-29,80,10356
967,Skwovet,-7,-34,-39,-43,-59,-15,8281
968,Greedent,43,6,1,-23,-19,-20,3176
969,Rookidee,-39,-42,-59,-45,-59,17,12561
970,Corvisquire,-9,-22,-39,-35,-39,37,6201
971,Corviknight,21,-2,11,-25,-9,27,2001
972,Blipbug,-52,-69,-74,-53,-49,5,18176
973,Dottler,-27,-54,-14,-28,-4,-10,4741
974,Orbeetle,-17,-44,16,2,26,50,5661
975,Nickit,-37,-61,-66,-31,-42,10,12271
976,Thievul,-7,-31,-36,9,-2,50,4891
977,Gossifleur,-37,-49,-34,-38,-34,-30,8426
978,Eldegoss,-17,-39,-4,2,26,20,2906
979,Wooloo,-35,-49,-39,-38,-49,8,9056
980,Dubwool,-5,-9,6,-18,-4,48,2786
981,Chewtle,-27,-25,-44,-40,-56,4,8042
982,Drednaw,13,26,-4,-30,-26,34,3593
983,Yamper,-18,-44,-44,-38,-44,-14,7772
984,Boltund,-8,1,-34,12,-34,81,9082
985,Rolycoly,-47,-49,-44,-38,-44,-10,10026
986,Carkol,3,-29,-4,-18,-24,10,1866
987,Coalossal,33,-9,26,2,-4,-10,1966
988,Applin,-37,-49,-14,-38,-54,-20,8726
989,Flapple,-7,21,-14,17,-34,30,3031
990,Appletun,33,-4,-14,22,-14,-10,2081
991,Silicobra,-25,-32,-19,-43,-44,6,5831
992,Sandaconda,-5,18,31,-13,-24,31,3016
993,Cramorant,-7,-4,-39,7,1,45,3661
994,Arrokuda,-36,-26,-54,-38,-64,26,11104
995,Barraskewda,-16,34,-34,-18,-44,96,14044
996,Toxel,-37,-51,-59,-24,-59,0,11508
997,Toxtricity,-2,9,-24,36,-24,35,3758
998,Sizzlipede,-27,-24,-49,-28,-44,5,6451
999,Centiskorch,23,26,-29,12,-4,25,2831
1000,Clobbopus,-27,-21,-34,-28,-44,-8,5110
1001,Grapploct,3,29,-4,-8,-14,2,1130
1002,Sinistea,-37,-44,-49,-4,-40,10,7422
1003,Polteageist,-17,-24,-29,56,20,30,6142
1004,Hatenna,-35,-59,-49,-22,-41,-1,9273
1005,Hattrem,-20,-49,-29,8,-21,9,4228
1006,Hatterene,-20,1,1,58,9,-11,3968
1007,Impidimp,-32,-44,-64,-23,-54,10,10601
1008,Morgrem,-12,-29,-49,-3,-39,30,5816
1009,Grimmsnarl,18,31,-29,17,-19,20,3176
1010,Obstagoon,16,1,7,-18,-13,55,3824
1011,Perrserker,-7,21,6,-28,-34,10,2566
1012,Cursola,-17,6,-44,67,36,-10,8146
1013,Sirfetch'd,-15,46,1,-10,-12,25,3211
1014,Mr. Rime,3,-4,-19,32,6,30,2346
1015,Runerigus,-19,6,51,-28,11,-10,4003
1016,Milcery,-32,-49,-54,-28,-33,-6,8250
1017,Alcremie,-12,-29,-19,32,27,24,3675
1018,Falinks,-12,11,6,-8,-34,35,2746
1019,Pincurchin,-29,12,1,13,-9,-25,1861
1020,Snom,-47,-64,-59,-33,-64,-20,15371
1021,Frosmoth,-7,-24,-34,47,-4,25,4631
1022,Stonjourner,23,36,41,-58,-74,30,13246
1023,Eiscue (Ice Face),-2,-9,16,-13,-4,10,626
1024,Eiscue (Noice Face),-2,-9,-24,-13,-44,90,10866
1025,Indeedee (Male),-17,-24,-39,27,1,55,6141
1026,Indeedee (Female),-7,-34,-29,17,11,45,4481
1027,Morpeko,-19,6,-36,-8,-36,57,6302
1028,Cufant,-5,-9,-45,-38,-45,0,5600
1029,Copperajah,45,41,-25,2,-25,-10,5060
1030,Dracozolt,13,11,-4,2,-24,35,2111
1031,Arctozolt,13,11,-4,12,-14,15,871
1032,Dracovish,13,1,6,-8,-14,35,1691
1033,Arctovish,13,1,6,2,-4,15,451
1034,Duraludon,-7,6,21,42,-44,45,6251
1035,Dreepy,-49,-29,-64,-38,-64,42,14642
1036,Drakloak,-9,-9,-44,-18,-44,62,8202
1037,Dragapult,11,31,-19,22,-19,102,12692
1038,Zacian (Hero of Many Battles),15,31,21,2,21,98,11676
1039,Zacian (Crowned Sword),15,61,21,2,21,108,16496
1040,Zamazenta (Hero of Many Battles),15,31,21,2,21,98,11676
1041,Zamazenta (Crowned Shield),15,31,46,2,46,88,13166
1042,Eternatus,63,-4,1,67,1,90,16576
1043,Eternatus (Eternamax Eternatus),178,26,156,47,156,90,91341
1044,Kubfu,-17,1,-34,-25,-44,32,5031
1045,Urshifu,23,41,6,-15,-34,57,6876
1046,Zarude,28,31,11,-8,1,65,6156
1047,Regieleki,3,11,-44,22,-44,160,30086
1048,Regidrago,123,11,-44,22,-44,40,21206
1049,Glastrier,23,56,36,-13,16,-10,5486
1050,Spectrier,23,-24,-34,67,-14,90,15046
1051,Calyrex,23,-9,-14,2,-14,40,2606
1052,Calyrex (Ice Rider Calyrex),23,76,56,7,36,10,10886
1053,Calyrex (Shadow Rider Calyrex),23,-4,-14,87,6,110,20446
1054,Wyrdeer,26,16,-22,27,-19,25,3131
1055,Kleavor,-7,46,1,-33,-24,45,5856
1056,Ursaluna,53,51,11,-33,-14,10,6916
1057,Basculegion (Male),43,23,-29,2,-19,38,5028
1058,Basculegion (Female),43,3,-29,22,-19,38,4988
1059,Sneasler,3,41,-34,-38,-14,80,10886
1060,Overqwil,8,26,1,-13,-29,45,3776
1061,Enamorus (Incarnate Forme),-3,26,-24,57,-14,66,9062
1062,Enamorus (Therian Forme),-3,26,16,57,6,6,4262
1063,Sprigatito,-37,-28,-40,-33,-49,25,7868
1064,Floragato,-16,-9,-31,-18,-31,43,4432
1065,Meowscarada,-1,21,-24,3,-24,83,8492
1066,Fuecoco,-10,-44,-35,-15,-54,-4,6418
1067,Crocalor,4,-34,-16,12,-36,9,2949
1068,Skeledirge,27,-14,6,32,-19,26,3022
1069,Quaxly,-22,-24,-49,-28,-49,10,6746
1070,Quaxwell,-7,-4,-29,-13,-34,25,2856
1071,Quaquaval,8,31,-14,7,-19,45,3656
1072,Lechonk,-23,-44,-54,-43,-49,-5,9656
1073,Oinkologne (Male),33,11,-19,-19,-14,25,2753
1074,Oinkologne (Female),38,1,-24,-19,-4,25,3023
1075,Tarountula,-42,-48,-49,-49,-54,-20,12186
1076,Spidops,-17,-10,-2,-26,-8,-5,1158
1077,Nymble,-44,-43,-54,-57,-69,5,14736
1078,Lokix,-6,13,-16,-26,-39,52,5362
1079,Pawmi,-32,-39,-74,-38,-69,20,14626
1080,Pawmo,-17,-14,-54,-28,-54,45,9126
1081,Pawmot,-7,26,-24,-8,-34,65,6746
1082,Tandemaus,-27,-39,-49,-38,-49,35,9721
1083,Maushold,-3,-14,-24,-13,-19,71,6352
1084,Fidough,-40,-34,-24,-48,-39,25,7782
1085,Dachsbun,-20,-9,21,-28,-14,55,4927
1086,Smoliv,-36,-54,-49,-20,-43,-10,8962
1087,Dolliv,-25,-36,-34,0,-16,-7,3382
1088,Arboliva,1,-20,-4,47,15,-1,2852
1089,Squawkabilly,5,7,-43,-33,-43,52,7565
1090,Nacli,-22,-34,-19,-43,-59,-15,7556
1091,Naclstack,-17,-29,6,-43,-29,-5,3881
1092,Garganacl,23,11,36,-33,-4,-5,3076
1093,Charcadet,-37,-39,-54,-28,-54,-5,9531
1094,Armarouge,8,-29,6,47,-14,35,4571
1095,Ceruledge,-2,36,-14,-18,6,45,3881
1096,Tadbulb,-16,-58,-53,-19,-59,5,10296
1097,Bellibolt,32,-25,-3,25,-11,5,2429
1098,Wattrel,-37,-49,-59,-23,-54,30,11596
1099,Kilowattrel,-7,-19,-34,27,-34,85,10676
1100,Maschiff,-17,-11,-34,-38,-43,11,4980
1101,Mabosstiff,3,31,-4,-18,-24,45,3911
1102,Shroodle,-37,-24,-59,-38,-59,35,11576
1103,Grafaiai,-14,6,-29,2,-22,70,6461
1104,Bramblin,-37,-24,-64,-33,-59,20,11011
1105,Brambleghast,-22,26,-24,2,-24,50,4816
1106,Toedscool,-37,-49,-59,-28,6,30,8971
1107,Toedscruel,3,-19,-29,2,26,60,5491
1108,Klawf,-7,11,21,-43,-39,35,5206
1109,Capsakid,-27,-27,-54,-16,-54,10,7646
1110,Scovillain,-12,19,-29,30,-29,35,4312
1111,Rellor,-36,-39,-34,-47,-36,-10,7578
1112,Rabsca,-2,-39,-9,37,6,5,3036
1113,Flittle,-47,-54,-64,-23,-64,35,15071
1114,Espathra,18,-29,-34,23,-34,65,8231
1115,Tinkatink,-27,-44,-49,-43,-30,18,8139
1116,Tinkatuff,-12,-34,-39,-33,-12,38,5498
1117,Tinkaton,8,-14,-17,-8,11,54,3650
1118,Wiglett,-67,-34,-69,-43,-69,55,20041
1119,Wugtrio,-42,11,-44,-28,-24,80,11581
1120,Bombirdier,-7,14,-9,-18,-9,42,2495
1121,Finizen,-7,-44,-54,-33,-54,35,10131
1122,Palafin,23,-19,-22,-25,-32,60,6623
1123,Palafin,23,71,3,28,-7,60,10012
1124,Varoom,-32,-19,-31,-48,-49,7,7100
1125,Revavroom,3,30,-4,-24,-27,50,4730
1126,Cyclizar,-7,6,-29,7,-29,81,8377
1127,Orthworm,-7,-4,51,-18,-39,25,5136
1128,Glimmet,-29,-54,-52,27,-34,20,8746
1129,Glimmora,6,-34,-4,52,-13,46,6197
1130,Greavard,-27,-28,-34,-48,-39,-6,6530
1131,Houndstone,-5,12,6,-28,3,28,1782
1132,Flamigo,5,26,-20,-3,-30,50,4510
1133,Cetoddle,31,-21,-49,-48,-54,3,9032
1134,Cetitan,93,24,-29,-33,-39,33,13765
1135,Veluza,13,13,-21,0,-29,30,2520
1136,Dondozo,73,11,21,-13,-29,-5,6926
1137,Tatsugiri,-9,-39,-34,42,1,42,6287
1138,Annihilape,33,26,-14,-28,-4,50,5261
1139,Clodsire,53,-14,-34,-33,6,-20,5686
1140,Farigiraf,43,1,-24,32,-24,20,4426
1141,Dudunsparce,48,11,-14,7,-19,15,3256
1142,Kingambit,23,46,26,-18,-9,10,3826
1143,Great Tusk,38,42,37,-25,-41,47,9092
1144,Scream Tail,38,-24,5,-13,21,71,7696
1145,Brute Bonnet,34,38,5,1,5,15,2876
1146,Flutter Mane,-22,-34,-39,57,41,95,17116
1147,Slither Wing,8,46,-15,7,11,41,4256
1148,Sandy Shocks,8,-8,3,43,-9,61,5788
1149,Iron Treads,13,23,26,-6,-24,66,6342
1150,Iron Bundle,-21,-9,20,46,-34,96,13410
1151,Iron Hands,77,51,14,-28,-26,10,10286
1152,Iron Jugulis,17,-9,-8,44,-14,68,7190
1153,Iron Moth,3,-19,-34,62,16,70,10526
1154,Iron Thorns,23,45,16,-8,-10,32,3998
1155,Frigibax,-12,-14,-49,-43,-49,15,7216
1156,Arctibax,13,6,-28,-33,-29,22,3403
1157,Baxcalibur,38,56,-2,-3,-8,47,6866
1158,Gimmighoul (Chest Form),-32,-59,-24,-3,-24,-30,6566
1159,Gimmighoul (Roaming Form),-32,-59,-69,-3,-49,40,13276
1160,Gholdengo,10,-29,1,55,-3,44,5912
1161,Wo-Chien,8,-4,6,17,41,30,2986
1162,Chien-Pao,3,31,-14,12,-29,95,11176
1163,Ting-Lu,78,21,31,-23,-14,5,8236
1164,Chi-Yu,-22,-9,-14,57,26,60,8286
1165,Roaring Moon,28,50,-23,-23,7,79,10632
1166,Iron Valiant,-3,41,-4,42,-34,76,10402
1167,Koraidon,23,46,21,7,6,95,12196
1168,Miraidon,23,-4,6,57,21,95,13296
