Leah Baetcke vs. Pokemon SSE,pokemon,D_HP,D_ATK,D_DEF,D_SPA,D_SPD,D_SPE,SSE
0,Bulbasaur,-50,-38,-23,-51,-40,-75,14299
1,Ivysaur,-35,-25,-9,-36,-25,-60,7452
2,Venusaur,-15,-5,11,-16,-5,-40,2252
3,Venusaur (Mega Venusaur),-15,13,51,6,15,-40,4856
4,Charmander,-56,-35,-29,-56,-55,-55,14388
5,Charmeleon,-37,-23,-14,-36,-40,-40,6590
6,Charizard,-17,-3,6,-7,-20,-20,1183
7,Charizard (Mega Charizard X),-17,43,39,14,-20,-20,4655
8,Charizard (Mega Charizard Y),-17,17,6,43,10,-20,2963
9,Squirtle,-51,-39,-7,-66,-41,-77,16137
10,Wartortle,-36,-24,8,-51,-25,-62,9006
11,Blastoise,-16,-4,28,-31,0,-42,3781
12,Blastoise (Mega Blastoise),-16,16,48,19,10,-42,5041
13,Caterpie,-50,-57,-37,-96,-85,-75,29184
14,Metapod,-45,-67,-17,-91,-80,-90,29584
15,Butterfree,-35,-42,-22,-26,-25,-50,7274
16,Weedle,-55,-52,-42,-96,-85,-70,28834
17,Kakuna,-50,-62,-22,-91,-80,-85,28734
18,Beedrill,-30,3,-32,-71,-25,-45,9624
19,Beedrill (Mega Beedrill),-30,63,-32,-101,-25,25,17344
20,Pidgey,-55,-42,-32,-81,-70,-64,21370
21,Pidgeotto,-32,-27,-17,-66,-55,-49,11824
22,Pidgeot,-12,-7,3,-46,-35,-19,3904
23,Pidgeot (Mega Pidgeot),-12,-7,8,19,-25,1,1244
24,Rattata,-65,-31,-37,-91,-70,-48,22040
25,Rattata (Alolan Rattata),-65,-31,-37,-91,-70,-48,22040
26,Raticate,-40,-6,-12,-66,-35,-23,7890
27,Raticate (Alolan Raticate),-20,-16,-2,-76,-25,-43,8910
28,Spearow,-55,-27,-42,-85,-74,-50,20719
29,Fearow,-30,3,-7,-55,-44,-20,6319
30,Ekans,-60,-27,-28,-76,-51,-65,17715
31,Arbok,-35,8,-3,-51,-26,-40,6175
32,Pikachu,-60,-32,-32,-66,-55,-30,13929
33,Pikachu (Partner Pikachu),-50,-7,-22,-41,-45,0,6739
34,Raichu,-35,3,-17,-26,-25,-10,2924
35,Raichu (Alolan Raichu),-35,-2,-22,-21,-20,-10,2654
36,Sandshrew,-45,-12,13,-96,-75,-80,23579
37,Sandshrew (Alolan Sandshrew),-45,-12,18,-106,-70,-80,25029
38,Sandslash,-20,13,38,-71,-50,-55,12579
39,Sandslash (Alolan Sandslash),-20,13,48,-91,-40,-55,15779
40,Nidoran♀,-40,-40,-20,-76,-65,-79,19842
41,Nidorina,-25,-25,-5,-61,-50,-64,11592
42,Nidoqueen,-5,5,15,-41,-20,-44,4292
43,Nidoran♂,-49,-30,-32,-76,-65,-70,19226
44,Nidorino,-34,-15,-15,-61,-50,-55,10852
45,Nidoking,-14,15,5,-31,-30,-35,3532
46,Clefairy,-25,-42,-24,-56,-40,-85,14926
47,Clefable,0,-17,1,-21,-15,-60,4556
48,Vulpix,-57,-46,-32,-66,-40,-55,15370
49,Vulpix (Alolan Vulpix),-57,-46,-32,-66,-40,-55,15370
50,Ninetales,-22,-11,3,-35,-5,-20,2264
51,Ninetales (Alolan Ninetales),-22,-20,3,-35,-5,-11,2264
52,Jigglypuff,20,-42,-52,-71,-80,-100,26309
53,Wigglytuff,45,-17,-27,-31,-55,-75,12654
54,Zubat,-55,-42,-37,-86,-65,-65,22004
55,Golbat,-20,-7,-2,-51,-30,-30,4854
56,Oddish,-50,-37,-17,-41,-40,-90,15539
57,Gloom,-35,-22,-2,-31,-30,-80,9974
58,Vileplume,-20,-7,13,-6,-15,-70,5779
59,Paras,-60,-17,-17,-71,-50,-95,20744
60,Parasect,-35,8,8,-56,-25,-90,13214
61,Venonat,-35,-32,-22,-76,-50,-75,16634
62,Venomoth,-25,-22,-12,-26,-30,-30,3729
63,Diglett,-85,-32,-47,-81,-60,-25,21244
64,Diglett (Alolan Diglett),-85,-32,-42,-81,-60,-30,21074
65,Dugtrio,-60,13,-22,-66,-35,0,9834
66,Dugtrio (Alolan Dugtrio),-60,13,-12,-66,-35,-10,9594
67,Meowth,-55,-42,-37,-76,-65,-30,17059
68,Meowth (Alolan Meowth),-55,-52,-37,-66,-65,-30,16579
69,Meowth (Galarian Meowth),-45,-22,-17,-76,-65,-80,19199
70,Persian,-30,-17,-12,-51,-40,-5,5559
71,Persian (Alolan Persian),-30,-27,-12,-41,-40,-5,5079
72,Psyduck,-45,-35,-24,-51,-55,-65,13677
73,Golduck,-15,-5,6,-21,-25,-35,2577
74,Mankey,-55,-7,-37,-81,-60,-50,17104
75,Primeape,-30,18,-12,-56,-35,-25,6354
76,Growlithe,-40,-17,-27,-46,-55,-60,11359
77,Growlithe (Hisuian Growlithe),-35,-12,-27,-51,-55,-65,11949
78,Arcanine,-5,23,8,-16,-25,-25,2124
79,Arcanine (Hisuian Arcanine),0,28,8,-21,-25,-30,2814
80,Poliwag,-55,-37,-32,-76,-65,-30,16319
81,Poliwhirl,-30,-22,-7,-66,-55,-30,9714
82,Poliwrath,-5,8,23,-46,-15,-50,5459
83,Abra,-70,-67,-57,-11,-50,-30,16159
84,Kadabra,-55,-52,-42,4,-35,-15,8959
85,Alakazam,-40,-37,-27,19,-10,0,4159
86,Alakazam (Mega Alakazam),-40,-37,-7,59,0,30,7399
87,Machop,-25,-7,-22,-81,-70,-85,19844
88,Machoke,-15,13,-2,-66,-45,-75,12404
89,Machamp,-5,43,8,-51,-20,-65,9164
90,Bellsprout,-45,-12,-37,-46,-75,-80,17679
91,Weepinbell,-30,3,-22,-31,-60,-65,10179
92,Victreebel,-15,18,-7,-16,-35,-50,4579
93,Tentacool,-55,-47,-37,-66,-5,-50,13484
94,Tentacruel,-15,-17,-7,-36,15,-20,2484
95,Geodude,-55,-7,28,-86,-75,-100,26879
96,Geodude (Alolan Geodude),-55,-7,28,-86,-75,-100,26879
97,Graveler,-40,8,43,-71,-60,-85,19379
98,Graveler (Alolan Graveler),-40,8,43,-71,-60,-85,19379
99,Golem,-15,33,58,-61,-40,-75,15624
100,Golem (Alolan Golem),-15,33,58,-61,-40,-75,15624
101,Ponyta,-45,-2,-17,-51,-40,-30,7419
102,Ponyta (Galarian Ponyta),-45,-2,-17,-51,-40,-30,7419
103,Rapidash,-30,13,-2,-36,-25,-15,3219
104,Rapidash (Galarian Rapidash),-30,13,-2,-36,-25,-15,3219
105,Slowpoke,-5,-22,-7,-76,-65,-105,21584
106,Slowpoke (Galarian Slowpoke),-5,-22,-7,-76,-65,-105,21584
107,Slowbro,0,-12,38,-16,-25,-90,10569
108,Slowbro (Mega Slowbro),0,-12,108,14,-25,-90,20729
109,Slowbro (Galarian Slowbro),0,13,23,-16,-35,-90,10279
110,Magnemite,-70,-52,-2,-21,-50,-75,16174
111,Magneton,-45,-27,23,4,-35,-50,7024
112,Farfetch'd,-43,3,-17,-58,-43,-60,10960
113,Farfetch'd (Galarian Farfetch'd),-43,8,-17,-58,-43,-65,11640
114,Doduo,-60,-2,-27,-81,-70,-45,17819
115,Dodrio,-35,23,-2,-56,-45,-10,7019
116,Seel,-30,-42,-17,-71,-35,-75,14844
117,Dewgong,-5,-17,8,-46,-10,-50,5094
118,Grimer,-15,-7,-22,-76,-55,-95,18584
119,Grimer (Alolan Grimer),-15,-7,-22,-76,-55,-95,18584
120,Muk,10,18,3,-51,-5,-70,7959
121,Muk (Alolan Muk),10,18,3,-51,-5,-70,7959
122,Shellder,-65,-22,28,-71,-80,-80,23334
123,Cloyster,-45,8,108,-31,-60,-50,20814
124,Gastly,-65,-52,-42,-16,-70,-40,15449
125,Haunter,-50,-37,-27,-1,-50,-25,7724
126,Gengar,-35,-22,-12,14,-30,-10,3049
127,Gengar (Mega Gengar),-35,-22,8,54,-10,10,4889
128,Onix,-60,-42,88,-86,-60,-50,26604
129,Drowzee,-35,-39,-27,-73,-15,-78,15113
130,Hypno,-10,-14,-2,-43,10,-53,5058
131,Krabby,-65,18,18,-91,-80,-70,24454
132,Kingler,-40,43,43,-66,-55,-45,14704
133,Voltorb,-55,-57,-22,-61,-50,-20,13379
134,Voltorb (Hisuian Voltorb),-55,-57,-22,-61,-50,-20,13379
135,Electrode,-35,-37,-2,-36,-25,30,5419
136,Electrode (Hisuian Electrode),-35,-37,-2,-36,-25,30,5419
137,Exeggcute,-35,-47,8,-56,-60,-80,16634
138,Exeggutor,0,8,13,9,-30,-65,5439
139,Exeggutor (Alolan Exeggutor),0,18,13,9,-30,-75,7099
140,Cubone,-45,-37,23,-76,-55,-85,19949
141,Marowak,-35,-7,38,-66,-25,-75,13324
142,Marowak (Alolan Marowak),-35,-7,38,-66,-25,-75,13324
143,Hitmonlee,-45,33,-19,-81,5,-33,11150
144,Hitmonchan,-45,18,7,-81,5,-44,10920
145,Lickitung,-5,-32,3,-56,-30,-90,13194
146,Koffing,-55,-22,23,-56,-60,-85,17999
147,Weezing,-30,3,48,-31,-35,-60,8999
148,Weezing (Galarian Weezing),-30,3,48,-31,-35,-60,8999
149,Rhyhorn,-15,-2,23,-86,-75,-95,22804
150,Rhydon,10,43,48,-71,-60,-80,19294
151,Chansey,155,-82,-67,-81,0,-70,46699
152,Tangela,-30,-32,43,-16,-65,-60,11854
153,Kangaskhan,10,8,8,-76,-25,-30,7529
154,Kangaskhan (Mega Kangaskhan),10,38,28,-56,-5,-20,5889
155,Horsea,-65,-47,-2,-46,-80,-60,18554
156,Seadra,-40,-22,23,-21,-60,-35,7879
157,Goldeen,-50,-20,-12,-81,-55,-57,15879
158,Seaking,-15,5,-7,-51,-25,-52,6229
159,Staryu,-65,-42,-17,-46,-50,-35,12119
160,Starmie,-35,-12,13,-16,-20,-5,2219
161,Mr. Mime,-55,-42,-7,-16,15,-30,6219
162,Mr. Mime (Galarian Mr. Mime),-45,-22,-7,-26,-15,-20,3859
163,Scyther,-25,23,8,-61,-25,-15,5789
164,Jynx,-30,-37,-37,-1,-10,-25,4364
165,Electabuzz,-30,-4,-15,-21,-20,-15,2207
166,Magmar,-30,8,-15,-16,-20,-27,2574
167,Pinsir,-30,38,28,-61,-35,-35,9299
168,Pinsir (Mega Pinsir),-30,68,48,-51,-15,-15,10879
169,Tauros,-20,13,23,-76,-35,-10,8199
170,Tauros (Paldean Tauros (Combat Breed)),-20,23,33,-86,-35,-20,11039
171,Tauros (Paldean Tauros (Blaze Breed)),-20,23,33,-86,-35,-20,11039
172,Tauros (Paldean Tauros (Aqua Breed)),-20,23,33,-86,-35,-20,11039
173,Magikarp,-75,-77,-17,-101,-85,-40,30869
174,Gyarados,0,38,7,-56,-5,-39,6175
175,Gyarados (Mega Gyarados),0,68,37,-46,25,-39,10255
176,Lapras,35,-2,8,-31,-10,-60,5954
177,Ditto,-47,-39,-24,-68,-57,-72,17363
178,Eevee,-40,-32,-22,-71,-40,-65,13974
179,Eevee (Partner Eevee),-30,-12,-2,-51,-20,-45,6074
180,Vaporeon,35,-22,-12,-6,-10,-55,5014
181,Jolteon,-30,-22,-12,-6,-10,10,1764
182,Flareon,-30,43,-12,-21,5,-55,6384
183,Porygon,-30,-27,-2,-31,-30,-80,9894
184,Omanyte,-60,-47,28,-26,-50,-85,16994
185,Omastar,-25,-27,53,-1,-35,-65,9614
186,Kabuto,-65,-7,18,-61,-60,-65,16144
187,Kabutops,-35,28,33,-51,-35,-40,8524
188,Aerodactyl,-15,18,-7,-56,-30,10,4734
189,Aerodactyl (Mega Aerodactyl),-15,48,13,-46,-10,30,5814
190,Snorlax,65,23,-7,-51,5,-90,15529
191,Articuno,-5,-2,28,-21,20,-35,2879
192,Articuno (Galarian Articuno),-5,-2,13,9,-5,-25,929
193,Zapdos,-5,3,13,9,-15,-20,909
194,Zapdos (Galarian Zapdos),-5,38,18,-31,-15,-20,3379
195,Moltres,-5,13,18,9,-20,-30,1899
196,Moltres (Galarian Moltres),-5,-2,18,-16,20,-30,1909
197,Dratini,-54,-23,-27,-66,-55,-70,16455
198,Dragonair,-34,-3,-7,-46,-35,-50,7055
199,Dragonite,-4,47,23,-16,-5,-40,4635
200,Mewtwo,11,23,18,38,-15,10,2743
201,Mewtwo (Mega Mewtwo X),11,103,28,38,-5,10,13083
202,Mewtwo (Mega Mewtwo Y),11,63,-2,78,15,20,10803
203,Mew,5,13,28,-16,-5,-20,1659
204,Chikorita,-50,-38,-7,-67,-40,-75,15707
205,Bayleef,-35,-25,8,-53,-25,-60,8948
206,Meganium,-15,-5,28,-33,-5,-40,3748
207,Cyndaquil,-56,-35,-29,-56,-55,-55,14388
208,Quilava,-37,-23,-14,-36,-40,-40,6590
209,Typhlosion,-17,-3,6,-7,-20,-20,1183
210,Typhlosion (Hisuian Typhlosion),-22,-3,6,3,-20,-25,1563
211,Totodile,-45,-22,-8,-72,-57,-77,16935
212,Croconaw,-30,-7,8,-57,-42,-62,9870
213,Feraligatr,-10,18,28,-37,-22,-42,4825
214,Sentret,-60,-41,-38,-81,-60,-100,26886
215,Furret,-10,-11,-8,-71,-50,-30,8726
216,Hoothoot,-35,-57,-42,-80,-49,-70,19939
217,Noctowl,5,-37,-22,-30,-9,-50,5359
218,Ledyba,-55,-67,-42,-76,-25,-65,19904
219,Ledian,-40,-52,-22,-61,5,-35,9759
220,Spinarak,-55,-27,-32,-76,-65,-90,22879
221,Ariados,-25,3,-2,-56,-35,-80,11399
222,Crobat,-10,3,8,-46,-25,10,3014
223,Chinchou,-20,-49,-34,-60,-49,-53,12767
224,Lanturn,30,-29,-14,-40,-29,-53,7187
225,Pichu,-75,-47,-57,-81,-70,-60,26144
226,Cleffa,-45,-62,-44,-71,-50,-105,26371
227,Igglybuff,-5,-57,-57,-76,-85,-105,30549
228,Togepi,-60,-67,-7,-76,-40,-100,25514
229,Togetic,-40,-47,13,-36,0,-80,11674
230,Natu,-55,-37,-27,-46,-60,-50,13339
231,Xatu,-30,-12,-2,-21,-35,-25,3339
232,Mareep,-40,-47,-32,-51,-60,-85,18259
233,Flaaffy,-25,-32,-17,-36,-45,-75,10884
234,Ampharos,-5,-12,13,-1,-15,-65,4789
235,Ampharos (Mega Ampharos),-5,8,33,49,5,-75,9229
236,Bellossom,-20,-7,23,-26,-5,-70,6579
237,Marill,-25,-67,-22,-96,-55,-80,24239
238,Azumarill,5,-37,8,-56,-25,-70,10119
239,Sudowoodo,-25,13,43,-86,-40,-90,19739
240,Politoed,-5,-12,3,-26,-5,-50,3379
241,Hoppip,-60,-52,-32,-81,-50,-70,21289
242,Skiploom,-40,-42,-22,-71,-40,-40,12089
243,Jumpluff,-20,-32,-2,-61,-10,-10,5349
244,Aipom,-40,-17,-17,-76,-50,-35,11679
245,Sunkern,-65,-57,-42,-86,-75,-90,30359
246,Sunflora,-20,-12,-17,-11,-20,-90,9454
247,Yanma,-30,-22,-27,-41,-60,-25,8019
248,Wooper,-40,-42,-27,-91,-80,-105,29799
249,Wooper (Paldean Wooper),-40,-42,-27,-91,-80,-105,29799
250,Quagsire,0,-2,13,-51,-40,-85,11599
251,Espeon,-30,-22,-12,14,-10,-10,1924
252,Umbreon,0,-22,38,-56,25,-55,8714
253,Murkrow,-35,-2,-30,-31,-63,-29,7900
254,Slowking,0,-12,8,-16,5,-90,8589
255,Slowking (Galarian Slowking),0,-22,8,-6,5,-90,8709
256,Misdreavus,-35,-27,-12,-31,-20,-35,4684
257,Unown,-47,-15,-24,-44,-57,-72,13379
258,Wobbuffet,95,-54,-14,-83,-47,-87,28804
259,Girafarig,-25,-7,-7,-26,-40,-35,4224
260,Pineco,-45,-22,18,-81,-70,-105,25319
261,Forretress,-20,3,68,-56,-45,-80,16594
262,Dunsparce,5,-17,-2,-51,-40,-75,10144
263,Gligar,-30,-12,33,-81,-40,-35,11519
264,Steelix,-20,-2,128,-61,-40,-90,30209
265,Steelix (Mega Steelix),-20,38,158,-61,-10,-90,38729
266,Snubbull,-35,-7,-22,-76,-65,-90,19859
267,Granbull,-5,33,3,-56,-45,-75,11909
268,Qwilfish,-30,8,13,-61,-50,-35,8579
269,Qwilfish (Hisuian Qwilfish),-30,8,13,-61,-50,-35,8579
270,Scizor,-25,43,28,-61,-25,-55,10629
271,Scizor (Mega Scizor),-25,63,68,-51,-5,-45,13869
272,Shuckle,-75,-77,158,-106,125,-115,76604
273,Heracross,-15,38,3,-76,-10,-35,8779
274,Heracross (Mega Heracross),-15,98,43,-76,0,-45,19479
275,Sneasel,-40,8,-17,-81,-30,-5,9439
276,Sneasel (Hisuian Sneasel),-40,8,-17,-81,-30,-5,9439
277,Teddiursa,-35,-7,-22,-66,-55,-80,15539
278,Ursaring,-5,43,3,-41,-30,-65,8689
279,Slugma,-55,-47,-32,-46,-65,-100,22599
280,Magcargo,-35,-37,48,-26,-25,-90,14299
281,Swinub,-45,-37,-32,-86,-75,-70,22339
282,Piloswine,5,13,8,-56,-45,-70,10319
283,Corsola,-30,-32,23,-51,-10,-85,12379
284,Corsola (Galarian Corsola),-35,-32,28,-51,-5,-90,13759
285,Remoraid,-60,-22,-37,-51,-70,-55,15979
286,Octillery,-20,18,3,-11,-30,-75,7379
287,Delibird,-50,-32,-27,-51,-60,-45,12479
288,Mantine,-10,-47,-2,-36,35,-50,7334
289,Skarmory,-30,-7,68,-76,-35,-50,15074
290,Houndour,-50,-27,-42,-36,-55,-55,12339
291,Houndoom,-20,3,-22,-6,-25,-25,2179
292,Houndoom (Mega Houndoom),-20,3,18,24,-15,-5,1559
293,Kingdra,-20,8,23,-21,-10,-35,2759
294,Phanpy,-5,-27,-12,-76,-65,-80,17299
295,Donphan,-5,33,48,-56,-45,-70,13479
296,Porygon2,-10,-7,18,-11,-10,-60,4294
297,Stantler,-22,8,-10,-31,-40,-35,4434
298,Smeargle,-40,-67,-37,-96,-60,-45,22299
299,Tyrogue,-60,-52,-37,-81,-70,-85,26359
300,Hitmontop,-45,8,23,-81,5,-50,11704
301,Smoochum,-50,-57,-57,-31,-40,-55,14584
302,Elekid,-50,-24,-35,-51,-50,-25,10027
303,Magby,-50,-12,-35,-46,-50,-37,9854
304,Miltank,0,-7,33,-76,-35,-20,8539
305,Blissey,160,-77,-62,-41,30,-65,42179
306,Raikou,-5,-2,3,-1,-5,-5,89
307,Entei,20,28,13,-26,-30,-20,3329
308,Suicune,5,-12,43,-26,10,-35,4019
309,Larvitar,-45,-23,-22,-71,-55,-79,17345
310,Pupitar,-25,-3,-2,-51,-35,-69,9225
311,Tyranitar,5,47,38,-21,-5,-59,7625
312,Tyranitar (Mega Tyranitar),5,77,78,-21,15,-49,15105
313,Lugia,11,3,58,-26,49,-10,6671
314,Ho-Oh,11,43,18,-6,49,-30,5631
315,Celebi,5,13,28,-16,-5,-20,1659
316,Treecko,-55,-42,-37,-51,-50,-50,13759
317,Grovyle,-45,-22,-27,-31,-40,-25,6424
318,Sceptile,-25,-2,-7,-11,-20,0,1199
319,Sceptile (Mega Sceptile),-25,23,3,29,-20,25,3029
320,Torchic,-50,-27,-32,-46,-55,-75,15019
321,Combusken,-35,-2,-12,-31,-45,-65,8584
322,Blaziken,-15,33,-2,-6,-35,-40,4179
323,Blaziken (Mega Blaziken),-15,73,8,14,-25,-20,6839
324,Mudkip,-45,-17,-22,-66,-55,-80,16579
325,Marshtomp,-25,-2,-2,-56,-35,-70,9894
326,Swampert,5,23,18,-31,-15,-60,5664
327,Swampert (Mega Swampert),5,63,38,-21,5,-50,8404
328,Poochyena,-60,-32,-37,-86,-75,-85,26239
329,Mightyena,-25,3,-2,-56,-45,-50,8299
330,Zigzagoon,-57,-57,-31,-86,-64,-60,22551
331,Zigzagoon (Galarian Zigzagoon),-57,-57,-31,-86,-64,-60,22551
332,Linoone,-17,-17,-11,-66,-44,-20,7391
333,Linoone (Galarian Linoone),-17,-17,-11,-66,-44,-20,7391
334,Wurmple,-50,-42,-37,-96,-75,-100,30474
335,Silcoon,-45,-52,-17,-91,-80,-105,30724
336,Beautifly,-35,-17,-22,-16,-55,-55,8304
337,Cascoon,-45,-52,-17,-91,-80,-105,30724
338,Dustox,-35,-37,-2,-66,-15,-55,10204
339,Lotad,-55,-57,-42,-76,-55,-90,24939
340,Lombre,-35,-37,-22,-56,-35,-70,12339
341,Ludicolo,-15,-17,-2,-26,-5,-50,3719
342,Seedot,-55,-47,-22,-86,-75,-90,26839
343,Nuzleaf,-25,-17,-32,-56,-65,-60,12899
344,Shiftry,-5,13,-12,-26,-45,-40,4639
345,Taillow,-55,-32,-42,-86,-75,-35,20059
346,Swellow,-35,-2,-12,-41,-55,5,6104
347,Wingull,-55,-57,-42,-61,-75,-35,18609
348,Pelipper,-35,-37,28,-21,-35,-55,8069
349,Ralts,-67,-62,-47,-71,-70,-80,26883
350,Kirlia,-57,-52,-37,-51,-50,-70,17323
351,Gardevoir,-27,-22,-7,9,10,-40,3043
352,Gardevoir (Mega Gardevoir),-27,-2,-7,49,30,-20,4483
353,Surskit,-55,-57,-40,-66,-53,-55,18064
354,Masquerain,-25,-27,-10,-16,-23,-40,3839
355,Shroomish,-35,-47,-12,-76,-45,-85,18604
356,Breloom,-35,43,8,-56,-45,-50,10799
357,Slakoth,-35,-27,-12,-81,-70,-90,21659
358,Vigoroth,-15,-7,8,-61,-50,-30,7459
359,Slaking,55,73,28,-21,-40,-20,11579
360,Nincada,-64,-42,18,-86,-75,-80,25605
361,Ninjask,-34,3,-27,-66,-55,40,10875
362,Shedinja,-94,3,-27,-86,-75,-80,28995
363,Whismur,-31,-36,-49,-65,-82,-92,24071
364,Loudred,-11,-16,-29,-45,-62,-72,12271
365,Exploud,9,4,-9,-25,-32,-52,4531
366,Makuhita,-23,-27,-42,-96,-75,-95,26888
367,Hariyama,49,33,-12,-76,-45,-70,16335
368,Azurill,-45,-67,-32,-96,-65,-100,30979
369,Nosepass,-65,-42,63,-71,-15,-90,23324
370,Skitty,-45,-42,-27,-81,-70,-70,20879
371,Delcatty,-25,-22,-7,-61,-50,-30,8279
372,Sableye,-45,-12,3,-51,-40,-70,11279
373,Sableye (Mega Sableye),-45,-2,53,-31,10,-100,15899
374,Mawile,-45,-2,13,-61,-50,-70,13319
375,Mawile (Mega Mawile),-45,18,53,-61,-10,-70,13879
376,Aron,-45,-17,28,-76,-65,-90,21199
377,Lairon,-35,3,68,-66,-55,-80,19639
378,Aggron,-25,23,108,-56,-45,-70,22879
379,Aggron (Mega Aggron),-25,53,158,-56,-25,-70,37059
380,Meditite,-65,-47,-17,-76,-50,-60,18599
381,Medicham,-35,-27,3,-56,-30,-40,7599
382,Medicham (Mega Medicham),-35,13,13,-36,-20,-20,3659
383,Electrike,-55,-42,-32,-51,-65,-55,15664
384,Manectric,-25,-12,-12,-11,-45,-15,3284
385,Manectric (Mega Manectric),-25,-12,8,19,-25,15,2044
386,Plusle,-35,-37,-32,-31,-30,-25,6104
387,Minun,-35,-47,-22,-41,-20,-25,6624
388,Volbeat,-30,-14,3,-69,-20,-35,7491
389,Illumise,-30,-40,3,-43,-20,-35,5983
390,Roselia,-45,-27,-27,-16,-25,-55,7389
391,Gulpin,-25,-44,-19,-73,-52,-80,17355
392,Swalot,5,-14,11,-43,-22,-65,6900
393,Carvanha,-50,3,-52,-51,-85,-55,18064
394,Sharpedo,-25,33,-32,-21,-65,-25,8029
395,Sharpedo (Mega Sharpedo),-25,53,-2,-6,-40,-15,5299
396,Wailmer,35,-17,-37,-46,-70,-60,13499
397,Wailord,75,3,-27,-26,-60,-60,14239
398,Numel,-35,-27,-32,-51,-60,-85,16404
399,Camerupt,-25,13,-2,-11,-30,-80,8219
400,Camerupt (Mega Camerupt),-25,33,28,29,0,-100,13339
401,Torkoal,-25,-2,68,-31,-35,-100,17439
402,Spoink,-35,-62,-37,-46,-25,-60,12779
403,Grumpig,-15,-42,-7,-26,5,-40,4339
404,Spinda,-35,-27,-12,-56,-45,-60,10859
405,Trapinch,-50,13,-27,-71,-60,-110,24139
406,Vibrava,-45,-17,-22,-66,-55,-50,12679
407,Flygon,-15,13,8,-36,-25,-20,2779
408,Cacnea,-45,-2,-32,-31,-65,-85,15464
409,Cacturne,-25,28,-12,-1,-45,-65,7804
410,Swablu,-50,-47,-12,-76,-30,-70,16429
411,Altaria,-20,-17,18,-46,0,-40,4729
412,Altaria (Mega Altaria),-20,23,38,-6,0,-40,4009
413,Zangoose,-22,28,-12,-56,-45,-30,7473
414,Seviper,-22,13,-12,-16,-45,-55,6103
415,Lunatone,-5,-32,-7,-21,-20,-50,4439
416,Solrock,-5,8,13,-61,-40,-50,8079
417,Barboach,-45,-39,-29,-70,-64,-60,16983
418,Whiscash,15,-9,1,-40,-34,-60,6663
419,Corphish,-52,-7,-7,-66,-70,-85,19283
420,Crawdaunt,-32,33,13,-26,-50,-65,9683
421,Baltoy,-55,-47,-17,-76,-35,-65,16749
422,Claydol,-35,-17,33,-46,15,-45,6969
423,Lileep,-29,-46,5,-55,-18,-97,15740
424,Cradily,-9,-6,25,-35,2,-77,7900
425,Anorith,-50,8,-22,-76,-55,-45,13874
426,Armaldo,-20,38,28,-46,-25,-75,10994
427,Feebas,-75,-72,-52,-106,-50,-40,28849
428,Milotic,0,-27,7,-16,20,-39,2955
429,Castform,-25,-17,-2,-46,-35,-50,6759
430,Kecleon,-35,3,-2,-56,15,-80,10999
431,Shuppet,-51,-12,-37,-53,-72,-75,17732
432,Banette,-31,28,-7,-33,-42,-55,7672
433,Banette (Mega Banette),-31,78,3,-23,-22,-45,10092
434,Duskull,-75,-47,18,-86,-15,-95,24804
435,Dusclops,-55,-17,58,-56,25,-95,19464
436,Tropius,4,-19,11,-44,-18,-69,7519
437,Chimecho,-20,-37,8,-21,-15,-55,5524
438,Absol,-30,43,-12,-41,-45,-45,8624
439,Absol (Mega Absol),-30,63,-12,-1,-45,-5,7064
440,Wynaut,0,-64,-24,-93,-57,-97,25979
441,Snorunt,-45,-37,-22,-66,-55,-70,16159
442,Glalie,-15,-7,8,-36,-25,-40,3859
443,Glalie (Mega Glalie),-15,33,8,4,-25,-20,2419
444,Spheal,-25,-47,-22,-61,-55,-95,19089
445,Sealeo,-5,-27,-2,-41,-35,-75,9289
446,Walrein,15,-7,18,-21,-15,-55,4289
447,Clamperl,-60,-23,13,-42,-50,-88,16306
448,Huntail,-40,17,33,-22,-30,-68,8986
449,Gorebyss,-40,-3,33,-2,-30,-68,8226
450,Relicanth,5,3,58,-71,-40,-65,14264
451,Luvdisc,-52,-57,-17,-76,-40,-23,14147
452,Bagon,-50,-12,-12,-76,-75,-70,19089
453,Shelgon,-30,8,28,-56,-55,-70,12809
454,Salamence,0,48,8,-6,-25,-20,3429
455,Salamence (Mega Salamence),0,58,58,4,-15,0,6969
456,Beldum,-55,-32,8,-81,-45,-90,20799
457,Metang,-35,-12,28,-61,-25,-70,11399
458,Metagross,-15,48,58,-21,-15,-50,9059
459,Metagross (Mega Metagross),-15,58,78,-11,5,-10,9919
460,Regirock,-15,13,128,-66,-5,-70,26059
461,Regice,-15,-37,28,-16,95,-70,16559
462,Registeel,-15,-12,78,-41,45,-70,15059
463,Latias,-15,-7,18,-6,25,-10,1359
464,Latias (Mega Latias),-15,13,48,24,45,-10,5399
465,Latios,-15,3,8,14,5,-10,619
466,Latios (Mega Latios),-15,43,28,44,15,-10,5119
467,Kyogre,5,13,18,34,35,-30,3799
468,Kyogre (Primal Kyogre),5,63,18,64,55,-30,12339
469,Groudon,5,63,68,-16,-15,-30,9999
470,Groudon (Primal Groudon),5,93,88,34,-15,-30,18699
471,Rayquaza,10,63,18,34,-15,-25,6399
472,Rayquaza (Mega Rayquaza),10,93,28,64,-5,-5,13679
473,Jirachi,5,13,28,-16,-5,-20,1659
474,Deoxys (Normal Forme),-45,63,-22,34,-55,30,11559
475,Deoxys (Attack Forme),-45,93,-52,64,-85,30,25599
476,Deoxys (Defense Forme),-45,-17,88,-46,55,-30,16099
477,Deoxys (Speed Forme),-45,8,18,-21,-15,60,6679
478,Turtwig,-40,-19,-8,-71,-50,-89,17487
479,Grotle,-20,2,13,-61,-40,-84,12950
480,Torterra,0,22,33,-41,-20,-64,7750
481,Chimchar,-51,-29,-28,-58,-61,-59,14792
482,Monferno,-31,-9,-20,-38,-53,-39,7216
483,Infernape,-19,17,-1,-12,-34,-12,2095
484,Piplup,-42,-36,-19,-55,-49,-80,15247
485,Prinplup,-31,-21,-4,-35,-29,-70,8384
486,Empoleon,-11,-1,16,-5,-4,-60,4019
487,Starly,-55,-32,-42,-86,-75,-60,22434
488,Staravia,-40,-12,-22,-76,-65,-40,13829
489,Staraptor,-10,33,-2,-66,-45,-20,7974
490,Bidoof,-36,-42,-32,-81,-65,-89,22791
491,Bibarel,-16,-2,-12,-61,-45,-49,8551
492,Kricketot,-58,-62,-31,-91,-64,-95,29571
493,Kricketune,-18,-2,-21,-61,-54,-55,10431
494,Shinx,-50,-22,-38,-76,-71,-75,20870
495,Luxio,-35,-2,-23,-56,-56,-60,11630
496,Luxray,-15,33,7,-21,-26,-50,4980
497,Budew,-55,-57,-37,-66,-35,-65,17449
498,Roserade,-35,-17,-7,9,0,-30,2544
499,Cranidos,-28,38,-32,-86,-75,-62,20117
500,Rampardos,2,78,-12,-51,-55,-62,15702
501,Shieldon,-65,-45,46,-74,-17,-90,22231
502,Bastiodon,-35,-35,96,-69,33,-90,25616
503,Burmy,-55,-58,-27,-87,-60,-84,25343
504,Wormadam (Plant Cloak),-35,-28,13,-37,0,-84,10603
505,Wormadam (Sandy Cloak),-35,-8,33,-57,-20,-84,13083
506,Wormadam (Trash Cloak),-35,-18,23,-47,-10,-84,11443
507,Mothim,-25,7,-22,-22,-55,-54,7583
508,Combee,-65,-57,-30,-86,-63,-50,22239
509,Vespiquen,-25,-7,30,-36,-3,-80,9279
510,Pachirisu,-35,-42,-2,-71,-15,-25,8884
511,Buizel,-40,-22,-37,-56,-75,-35,13439
512,Floatzel,-10,18,-17,-31,-55,-5,4724
513,Cherubi,-50,-52,-27,-54,-52,-85,18778
514,Cherrim,-25,-27,-2,-29,-27,-35,4153
515,Shellos,-19,-39,-24,-59,-43,-86,15184
516,Gastrodon,16,-4,-4,-24,-23,-81,7954
517,Ambipom,-20,13,-6,-56,-39,-5,5287
518,Drifloon,-5,-37,-38,-56,-61,-50,12195
519,Drifblim,55,-7,-28,-26,-51,-40,8735
520,Buneary,-40,-21,-28,-72,-49,-35,11635
521,Lopunny,-30,-11,12,-62,-9,-15,5315
522,Lopunny (Mega Lopunny),-30,49,22,-62,-9,15,7935
523,Mismagius,-35,-27,-12,-11,0,-15,2444
524,Honchkrow,5,38,-20,-11,-53,-49,7200
525,Glameow,-46,-32,-30,-74,-68,-35,15365
526,Purugly,-24,-5,-8,-52,-46,-8,5549
527,Chingling,-50,-57,-22,-51,-55,-75,17484
528,Stunky,-32,-24,-25,-75,-64,-46,14062
529,Skuntank,8,6,-5,-45,-44,-36,5382
530,Bronzor,-38,-63,14,-92,-19,-97,23843
531,Bronzong,-28,2,44,-37,11,-87,11783
532,Bonsly,-45,-7,23,-106,-60,-110,29539
533,Mime Jr.,-75,-62,-27,-46,-15,-60,16139
534,Happiny,5,-82,-67,-101,-40,-90,31139
535,Chatot,-19,-22,-27,-24,-63,-29,6960
536,Spiritomb,-45,5,36,-24,3,-85,11156
537,Gible,-37,-17,-27,-76,-60,-78,17847
538,Gabite,-27,3,-7,-66,-50,-38,9087
539,Garchomp,13,43,23,-36,-20,-18,4567
540,Garchomp (Mega Garchomp),13,83,43,4,-10,-28,9807
541,Munchlax,40,-2,-32,-76,-20,-115,22029
542,Riolu,-55,-17,-32,-81,-65,-60,18724
543,Lucario,-25,23,-2,-1,-35,-30,3284
544,Lucario (Mega Lucario),-25,58,16,24,-35,-8,6110
545,Hippopotas,-27,-15,6,-78,-63,-88,18787
546,Hippowdon,13,25,46,-48,-33,-73,11632
547,Skorupi,-55,-37,18,-86,-50,-55,17639
548,Drapion,-25,3,38,-56,-30,-25,6739
549,Croagunk,-47,-26,-32,-55,-65,-70,16059
550,Toxicroak,-12,19,-7,-30,-40,-35,4279
551,Carnivine,-21,13,0,-26,-33,-74,7851
552,Finneon,-46,-38,-16,-67,-44,-54,13157
553,Lumineon,-26,-18,4,-47,-19,-29,4427
554,Mantyke,-50,-67,-22,-56,15,-70,15734
555,Snover,-35,-25,-22,-54,-45,-80,13675
556,Abomasnow,-5,5,3,-24,-20,-60,4635
557,Abomasnow (Mega Abomasnow),-5,45,33,16,0,-90,11495
558,Weavile,-25,33,-7,-71,-20,5,7229
559,Magnezone,-25,-17,43,14,-15,-60,6784
560,Lickilicky,15,-2,23,-36,-10,-70,7054
561,Rhyperior,20,53,58,-61,-50,-80,19194
562,Tangrowth,5,13,53,-6,-55,-70,10964
563,Electivire,-20,36,-5,-21,-20,-25,3187
564,Magmortar,-20,8,-5,9,-10,-37,2039
565,Togekiss,-10,-37,23,4,10,-40,3714
566,Yanmega,-9,-11,14,0,-49,-25,3424
567,Leafeon,-30,23,58,-56,-40,-25,10154
568,Glaceon,-30,-27,38,14,-10,-55,6394
569,Gliscor,-20,8,53,-71,-30,-25,9839
570,Mamoswine,15,43,8,-46,-45,-40,7879
571,Porygon-Z,-10,-7,-2,19,-30,-30,2314
572,Gallade,-27,38,-7,-51,10,-40,6523
573,Gallade (Mega Gallade),-27,78,23,-51,10,-10,10143
574,Probopass,-35,-32,73,-41,45,-80,17684
575,Dusknoir,-50,13,63,-51,30,-75,15764
576,Froslass,-25,-7,-2,-36,-35,-10,3299
577,Rotom,-45,-37,5,-21,-28,-29,5485
578,Rotom (Heat Rotom),-45,-22,35,-11,2,-34,5015
579,Rotom (Wash Rotom),-45,-22,35,-11,2,-34,5015
580,Rotom (Frost Rotom),-45,-22,35,-11,2,-34,5015
581,Rotom (Fan Rotom),-45,-22,35,-11,2,-34,5015
582,Rotom (Mow Rotom),-45,-22,35,-11,2,-34,5015
583,Uxie,-20,-12,58,-41,25,-25,6839
584,Mesprit,-15,18,33,-11,0,-40,3359
585,Azelf,-20,38,-2,9,-35,-5,3179
586,Dialga,5,33,48,34,-5,-30,5499
587,Dialga (Origin Forme),5,13,48,34,15,-30,4779
588,Palkia,-5,33,28,34,15,-20,3679
589,Palkia (Origin Forme),-5,13,28,34,15,0,2359
590,Heatran,-4,3,34,14,1,-43,3227
591,Regigigas,15,73,38,-36,5,-20,8719
592,Giratina (Altered Forme),55,13,48,-16,15,-30,6879
593,Giratina (Origin Forme),55,33,28,4,-5,-30,5839
594,Cresselia,25,-17,48,-41,25,-35,6749
595,Phione,-15,-7,8,-36,-25,-40,3859
596,Manaphy,5,13,28,-16,-5,-20,1659
597,Darkrai,-25,3,18,19,-15,5,1569
598,Shaymin (Land Forme),5,13,28,-16,-5,-20,1659
599,Shaymin (Sky Forme),5,16,3,4,-30,7,1255
600,Arceus,25,33,48,4,15,0,4259
601,Victini,5,13,28,-16,-5,-20,1659
602,Snivy,-50,-42,-17,-71,-50,-57,15343
603,Servine,-35,-27,3,-56,-30,-37,7368
604,Serperior,-20,-12,23,-41,-10,-7,2903
605,Tepig,-30,-24,-27,-71,-60,-75,16471
606,Pignite,-5,6,-17,-46,-50,-65,9191
607,Emboar,15,36,-7,-16,-40,-55,6451
608,Oshawott,-40,-32,-27,-53,-60,-75,15387
609,Dewott,-20,-12,-12,-33,-45,-60,7402
610,Samurott,0,13,13,-8,-35,-50,4127
611,Samurott (Hisuian Samurott),-5,21,8,-16,-40,-35,3611
612,Patrat,-50,-32,-33,-81,-66,-78,21614
613,Watchog,-35,-2,-3,-56,-36,-43,7519
614,Lillipup,-50,-27,-27,-91,-60,-65,20064
615,Herdier,-30,-7,-7,-81,-40,-60,12759
616,Stoutland,-10,23,18,-71,-15,-40,7819
617,Purrloin,-54,-37,-35,-66,-68,-54,17406
618,Liepard,-31,1,-22,-28,-55,-14,5451
619,Pansage,-45,-34,-24,-63,-57,-56,14111
620,Simisage,-20,11,-9,-18,-42,-19,3051
621,Pansear,-45,-34,-24,-63,-57,-56,14111
622,Simisear,-20,11,-9,-18,-42,-19,3051
623,Panpour,-45,-34,-24,-63,-57,-56,14111
624,Simipour,-20,11,-9,-18,-42,-19,3051
625,Munna,-19,-62,-27,-49,-50,-96,19051
626,Musharna,21,-32,13,-9,-10,-91,10096
627,Pidove,-45,-32,-22,-80,-75,-77,21487
628,Tranquill,-33,-10,-10,-66,-63,-55,12639
629,Unfezant,-15,28,8,-51,-50,-27,6903
630,Blitzle,-50,-27,-40,-66,-73,-44,16450
631,Zebstrika,-20,13,-9,-36,-42,-4,3726
632,Roggenrola,-40,-12,13,-91,-80,-105,27619
633,Boldore,-25,18,33,-66,-65,-100,20619
634,Gigalith,-10,48,58,-56,-25,-95,18554
635,Woobat,-30,-42,-29,-61,-62,-48,13374
636,Swoobat,-28,-30,-17,-39,-50,-6,6030
637,Drilbur,-35,-2,-32,-86,-60,-52,15953
638,Excadrill,15,48,-12,-66,-40,-32,9653
639,Audino,8,-27,14,-56,-19,-70,9386
640,Audino (Mega Audino),8,-27,54,-36,21,-70,10346
641,Timburr,-20,-7,-17,-91,-70,-85,21144
642,Gurdurr,-10,18,13,-76,-55,-80,15794
643,Conkeldurr,10,53,23,-61,-40,-75,14384
644,Tympole,-45,-37,-32,-66,-65,-56,16135
645,Palpitoad,-20,-22,-17,-51,-50,-51,8875
646,Seismitoad,10,8,3,-31,-30,-46,4150
647,Throh,25,13,13,-86,-20,-75,14384
648,Sawk,-20,38,3,-86,-30,-35,11374
649,Sewaddle,-50,-34,-2,-76,-45,-78,17545
650,Swadloon,-40,-24,18,-66,-25,-78,13565
651,Leavanny,-20,16,8,-46,-25,-28,4245
652,Venipede,-65,-42,-13,-86,-66,-63,21879
653,Whirlipede,-55,-32,27,-76,-26,-73,16559
654,Scolipede,-35,13,17,-61,-36,-8,6764
655,Cottonee,-55,-60,-12,-79,-55,-54,18951
656,Whimsicott,-35,-20,13,-39,-30,-4,4231
657,Petilil,-50,-52,-22,-46,-55,-90,18929
658,Lilligant,-25,-27,3,-6,-30,-30,3199
659,Lilligant (Hisuian Lilligant),-25,18,3,-66,-30,-15,6439
660,Basculin,-25,5,-7,-36,-50,-22,4979
661,Sandile,-45,-15,-37,-81,-70,-55,18105
662,Krokorok,-35,-5,-27,-71,-60,-46,12736
663,Krookodile,0,30,8,-51,-35,-28,5574
664,Darumaka,-25,3,-27,-101,-60,-70,20064
665,Darumaka (Galarian Darumaka),-25,3,-27,-101,-60,-70,20064
666,Darmanitan (Standard Mode),10,53,-17,-86,-50,-25,13719
667,Darmanitan (Zen Mode),10,-57,33,24,0,-65,9239
668,Darmanitan (Galarian Standard Mode),10,53,-17,-86,-50,-25,13719
669,Darmanitan (Galarian Zen Mode),10,73,-17,-86,-50,15,15839
670,Maractus,-20,-1,-5,-10,-38,-60,5570
671,Dwebble,-45,-22,13,-81,-70,-65,18364
672,Crustle,-25,18,53,-51,-30,-75,12884
673,Scraggy,-45,-12,-2,-81,-35,-72,15143
674,Scrafty,-30,3,43,-71,10,-62,11743
675,Sigilyph,-23,-29,8,-13,-25,-23,2757
676,Yamask,-57,-57,13,-61,-40,-90,20088
677,Yamask (Galarian Yamask),-57,-32,13,-86,-40,-90,21538
678,Cofagrigus,-37,-37,73,-21,0,-90,16608
679,Tirtouga,-41,-9,31,-63,-60,-98,19896
680,Carracosta,-21,21,61,-33,-40,-88,15036
681,Archen,-40,25,-27,-42,-60,-50,10818
682,Archeops,-20,53,-7,-4,-40,-10,4974
683,Trubbish,-45,-37,-10,-76,-43,-55,14144
684,Garbodor,-15,8,10,-56,-23,-45,6079
685,Zorua,-55,-22,-32,-36,-65,-55,13079
686,Zorua (Hisuian Zorua),-60,-27,-32,-31,-65,-50,13039
687,Zoroark,-35,18,-12,4,-45,-15,3959
688,Zoroark (Hisuian Zoroark),-40,13,-12,9,-45,-10,4119
689,Minccino,-40,-37,-32,-76,-65,-45,16019
690,Cinccino,-20,8,-12,-51,-45,-5,5259
691,Gothita,-50,-57,-22,-61,-40,-75,17179
692,Gothorita,-35,-42,-2,-41,-20,-65,9299
693,Gothitelle,-25,-32,23,-21,5,-55,5669
694,Solosis,-50,-57,-32,-11,-55,-100,19919
695,Duosion,-30,-47,-22,9,-45,-90,13799
696,Reuniclus,15,-22,3,9,-20,-90,9299
697,Ducklett,-33,-43,-22,-72,-55,-65,15856
698,Swanna,-20,0,-9,-29,-42,-22,3570
699,Vanillite,-59,-37,-22,-51,-45,-76,15736
700,Vanillish,-44,-22,-7,-36,-30,-61,8386
701,Vanilluxe,-24,8,13,-6,-10,-41,2626
702,Deerling,-35,-27,-22,-76,-55,-45,13264
703,Sawsbuck,-15,13,-2,-56,-35,-25,5384
704,Emolga,-40,-12,-12,-41,-45,-17,5883
705,Karrablast,-45,-12,-27,-76,-60,-60,15874
706,Escavalier,-25,48,33,-56,0,-100,17154
707,Foongus,-26,-32,-27,-61,-50,-105,19675
708,Amoonguss,19,-2,-2,-31,-25,-90,10055
709,Frillish,-40,-47,-22,-51,-20,-80,13694
710,Jellicent,5,-27,-2,-31,0,-60,5319
711,Alomomola,70,-12,8,-76,-60,-55,17509
712,Joltik,-45,-40,-22,-59,-55,-55,13640
713,Galvantula,-25,-10,-12,-19,-45,-12,3399
714,Ferroseed,-51,-37,19,-92,-19,-110,25256
715,Ferrothorn,-21,7,59,-62,11,-100,17936
716,Klink,-55,-32,-2,-71,-45,-90,19219
717,Klang,-35,-7,23,-46,-20,-70,9219
718,Klinklang,-35,13,43,-46,-20,-30,6659
719,Tynamo,-60,-32,-32,-71,-65,-60,18514
720,Eelektrik,-30,-2,-2,-41,-35,-80,10214
721,Eelektross,-10,28,8,-11,-25,-70,6594
722,Elgyem,-40,-32,-17,-31,-50,-90,14474
723,Beheeyem,-20,-12,3,9,-10,-80,7134
724,Litwick,-45,-57,-17,-51,-50,-100,20664
725,Lampent,-35,-47,-12,-21,-45,-65,10269
726,Chandelure,-35,-32,18,29,-15,-40,5239
727,Axew,-49,0,-12,-86,-65,-63,18135
728,Fraxure,-29,30,-2,-76,-55,-53,13355
729,Haxorus,-19,60,18,-56,-35,-23,9175
730,Cubchoo,-40,-17,-32,-56,-65,-80,16674
731,Beartic,0,43,8,-46,-25,-70,9554
732,Cryogonal,-15,-37,-22,-21,30,-15,3644
733,Shelmet,-45,-47,13,-76,-40,-95,20804
734,Accelgor,-15,-17,-32,-16,-45,25,4444
735,Stunfisk,14,-21,12,-35,-6,-88,9786
736,Stunfisk (Galarian Stunfisk),14,-6,27,-50,-21,-88,11646
737,Mienfoo,-50,-2,-22,-61,-55,-55,12759
738,Mienshao,-30,38,-12,-21,-45,-15,5179
739,Druddigon,-18,33,18,-56,-15,-72,10282
740,Golett,-36,-13,-22,-81,-55,-85,18760
741,Golurk,-6,37,8,-61,-25,-65,10040
742,Pawniard,-50,-2,-2,-76,-65,-60,16109
743,Bisharp,-30,38,28,-56,-35,-50,9989
744,Bouffalant,0,23,23,-76,-10,-65,11159
745,Rufflet,-25,-4,-22,-79,-55,-60,13991
746,Braviary,5,36,3,-59,-30,-40,7311
747,Braviary (Hisuian Braviary),15,-4,-2,-4,-35,-55,4511
748,Vullaby,-25,-32,3,-71,-40,-60,11899
749,Mandibuzz,15,-22,33,-61,-10,-40,7219
750,Heatmor,-10,10,-6,-11,-39,-55,4903
751,Durant,-37,22,40,-68,-57,-11,11447
752,Deino,-43,-22,-22,-71,-55,-82,17607
753,Zweilous,-23,-2,-2,-51,-35,-62,8207
754,Hydreigon,-3,18,18,9,-15,-22,1447
755,Larvesta,-40,-2,-17,-66,-50,-60,12349
756,Volcarona,-10,-27,-7,19,0,-20,1639
757,Cobalion,-4,3,57,-26,-33,-12,5183
758,Terrakion,-4,42,18,-44,-15,-12,4409
759,Virizion,-4,3,0,-26,24,-12,1421
760,Tornadus (Incarnate Forme),-16,28,-2,9,-25,-9,1831
761,Tornadus (Therian Forme),-16,13,8,-6,-15,1,751
762,Thundurus (Incarnate Forme),-16,28,-2,9,-25,-9,1831
763,Thundurus (Therian Forme),-16,18,-2,29,-25,-19,2411
764,Reshiram,5,33,28,34,15,-30,4179
765,Zekrom,5,63,48,4,-5,-30,7239
766,Landorus (Incarnate Forme),-6,38,18,-1,-25,-19,2791
767,Landorus (Therian Forme),-6,58,18,-11,-25,-29,5311
768,Kyurem,30,43,18,14,-15,-25,4119
769,Kyurem (Black Kyurem),30,83,28,4,-15,-25,9439
770,Kyurem (White Kyurem),30,33,18,54,-5,-25,5879
771,Keldeo,-4,-15,18,13,-15,-12,1103
772,Meloetta (Aria Forme),5,-10,5,12,23,-30,1723
773,Meloetta (Pirouette Forme),5,41,18,-39,-28,8,4399
774,Genesect,-24,33,23,4,-10,-21,2751
775,Chespin,-39,-26,-7,-68,-60,-82,17194
776,Quilladin,-34,-9,23,-60,-47,-63,11544
777,Chesnaught,-7,20,50,-42,-30,-56,8749
778,Fennekin,-55,-42,-32,-54,-45,-60,14354
779,Braixen,-36,-28,-14,-26,-35,-47,6386
780,Delphox,-20,-18,0,-2,-5,-16,1009
781,Froakie,-54,-31,-32,-54,-61,-49,13939
782,Frogadier,-41,-24,-20,-33,-49,-23,6676
783,Greninja,-23,8,-5,-13,-34,2,1947
784,Greninja (Ash-Greninja),-23,58,-5,37,-34,12,6587
785,Bunnelby,-57,-51,-34,-84,-69,-63,22792
786,Diggersby,-10,-31,5,-66,-28,-42,7990
787,Fletchling,-50,-37,-29,-76,-67,-58,18339
788,Fletchinder,-33,-14,-17,-60,-53,-36,9279
789,Talonflame,-17,-6,-1,-42,-36,6,3422
790,Scatterbug,-57,-52,-32,-89,-80,-85,28523
791,Spewpa,-50,-65,-12,-89,-75,-91,28696
792,Vivillon,-15,-35,-22,-26,-55,-31,6596
793,Litleo,-33,-37,-14,-43,-51,-48,9408
794,Pyroar,-9,-19,0,-7,-39,-14,2208
795,Flabébé,-51,-49,-33,-55,-26,-78,15876
796,Floette,-41,-42,-25,-41,-7,-68,10424
797,Florges,-17,-22,-4,-4,49,-45,5231
798,Skiddo,-29,-22,-24,-54,-48,-68,11745
799,Gogoat,28,13,-10,-19,-24,-52,4694
800,Pancham,-28,-5,-10,-70,-57,-77,14987
801,Pangoro,0,37,6,-47,-34,-62,8614
802,Furfrou,-20,-7,-12,-51,-15,-18,3743
803,Espurr,-33,-39,-18,-53,-45,-52,10472
804,Meowstic,-21,-39,4,-33,-24,-16,3899
805,Honedge,-50,-7,28,-81,-68,-92,22982
806,Doublade,-36,23,78,-71,-56,-85,23311
807,Aegislash (Shield Forme),-35,-37,68,-66,35,-60,16399
808,Aegislash (Blade Forme),-35,53,-22,24,-55,-60,11719
809,Spritzee,-17,-35,-12,-53,-40,-97,15476
810,Aromatisse,6,-15,0,-17,-16,-91,9087
811,Swirlix,-33,-39,-6,-57,-48,-71,13240
812,Slurpuff,-13,-7,14,-31,-30,-48,4579
813,Inkay,-42,-33,-19,-79,-59,-75,18561
814,Malamar,-9,5,16,-48,-30,-47,5775
815,Binacle,-53,-35,-5,-77,-49,-70,17289
816,Barbaracle,-23,18,43,-62,-19,-52,9611
817,Skrelp,-45,-27,-12,-56,-45,-90,16159
818,Dragalge,-30,-12,18,-19,18,-76,7829
819,Clauncher,-45,-34,-10,-58,-42,-76,14185
820,Clawitzer,-24,-14,16,4,-16,-61,5021
821,Helioptile,-51,-49,-39,-55,-62,-50,15892
822,Heliolisk,-33,-32,-20,-7,-11,-11,2804
823,Tyrunt,-37,2,5,-71,-60,-72,15223
824,Tyrantrum,-13,34,47,-47,-46,-49,10260
825,Amaura,-18,-28,-22,-49,-42,-74,11233
826,Aurorus,28,-10,0,-17,-13,-62,5186
827,Sylveon,0,-22,-7,-6,25,-60,4794
828,Hawlucha,-17,5,3,-42,-42,-2,3855
829,Dedenne,-28,-29,-15,-35,-38,-19,4880
830,Carbink,-45,-37,78,-66,45,-70,20759
831,Goomy,-50,-37,-37,-61,-30,-80,16259
832,Sliggoo,-27,-12,-19,-33,8,-60,5987
833,Sliggoo (Hisuian Sliggoo),-37,-12,11,-33,8,-80,9187
834,Goodra,-5,13,-2,-6,45,-40,3859
835,Goodra (Hisuian Goodra),-15,13,28,-6,45,-60,6839
836,Klefki,-38,-7,19,-36,-18,-45,5499
837,Phantump,-52,-17,-24,-66,-45,-82,16674
838,Trevenant,-10,23,4,-51,-23,-64,7871
839,Pumpkaboo (Small Size),-51,-21,-2,-72,-50,-64,14826
840,Pumpkaboo (Average Size),-46,-21,-2,-72,-50,-69,15006
841,Pumpkaboo (Large Size),-41,-21,-2,-72,-50,-74,15286
842,Pumpkaboo (Super Size),-36,-21,-2,-72,-50,-79,15666
843,Gourgeist (Small Size),-40,-2,50,-58,-30,-21,8809
844,Gourgeist (Average Size),-30,3,50,-58,-30,-36,8969
845,Gourgeist (Large Size),-20,8,50,-58,-30,-51,9829
846,Gourgeist (Super Size),-10,13,50,-58,-30,-66,11389
847,Bergmite,-40,-18,13,-84,-70,-92,22513
848,Avalugg,0,30,112,-72,-59,-92,30573
849,Avalugg (Hisuian Avalugg),0,40,112,-82,-69,-82,32353
850,Noibat,-55,-57,-37,-71,-65,-65,21134
851,Noivern,-10,-17,8,-19,-25,3,1448
852,Xerneas,31,44,23,15,-7,-21,4141
853,Yveltal,31,44,23,15,-7,-21,4141
854,Zygarde (50% Forme),13,13,49,-35,-10,-25,4689
855,Zygarde (10% Forme),-41,13,-1,-55,-20,-5,5301
856,Zygarde (Complete Forme),121,13,49,-25,-10,-35,19161
857,Diancie,-45,13,78,-16,45,-70,15459
858,Diancie (Mega Diancie),-45,73,38,44,5,-10,10859
859,Hoopa (Hoopa Confined),-15,23,-12,34,25,-50,5179
860,Hoopa (Hoopa Unbound),-15,73,-12,54,25,-40,10839
861,Volcanion,-15,23,48,14,-15,-50,5979
862,Rowlet,-27,-32,-17,-66,-55,-78,15507
863,Dartrix,-17,-12,3,-46,-35,-68,8407
864,Decidueye,-17,20,3,-16,-5,-50,3479
865,Decidueye (Hisuian Decidueye),-7,25,8,-21,-10,-60,4879
866,Litten,-50,-22,-32,-56,-65,-50,13869
867,Torracat,-30,-2,-22,-36,-55,-30,6609
868,Incineroar,0,28,18,-36,-15,-60,6229
869,Popplio,-45,-33,-18,-50,-49,-80,14739
870,Brionne,-35,-18,-3,-25,-24,-70,7659
871,Primarina,-15,-13,2,10,11,-60,4219
872,Pikipek,-60,-12,-42,-86,-75,-55,21554
873,Trumbeak,-40,-2,-22,-76,-55,-45,12914
874,Toucannon,-15,33,3,-41,-30,-60,7504
875,Yungoos,-47,-17,-42,-86,-75,-75,22908
876,Gumshoos,-7,23,-12,-61,-45,-75,12093
877,Grubbin,-48,-25,-27,-61,-60,-74,16455
878,Charjabug,-38,-5,23,-61,-30,-84,13675
879,Vikavolt,-18,-17,18,29,-30,-77,8607
880,Crabrawler,-48,-5,-15,-74,-58,-57,14643
881,Crabominable,2,45,5,-54,-38,-77,12343
882,Oricorio,-20,-17,-2,-18,-35,-27,2971
883,Cutiefly,-55,-42,-32,-61,-65,-36,15055
884,Ribombee,-35,-32,-12,-21,-35,4,4075
885,Rockruff,-50,-22,-32,-86,-65,-60,19229
886,Lycanroc (Midday Form),-20,28,-7,-61,-40,-8,6618
887,Lycanroc (Midnight Form),-10,28,3,-61,-30,-38,6958
888,Lycanroc (Dusk Form),-20,30,-7,-61,-40,-10,6770
889,Wishiwashi (Solo Form),-50,-67,-52,-91,-80,-80,30774
890,Wishiwashi (School Form),-50,53,58,24,30,-90,18249
891,Mareanie,-45,-34,-10,-73,-53,-75,17044
892,Toxapex,-45,-24,80,-63,37,-85,21564
893,Mudbray,-25,13,-2,-71,-50,-75,13964
894,Mudsdale,5,38,28,-61,-20,-85,13599
895,Dewpider,-57,-47,-20,-76,-33,-93,21372
896,Araquanid,-27,-17,20,-66,27,-78,12587
897,Fomantis,-55,-32,-37,-66,-70,-85,21899
898,Lurantis,-25,18,18,-36,-15,-75,8419
899,Morelull,-55,-52,-17,-51,-30,-105,20544
900,Shiinotic,-35,-42,8,-26,-5,-90,11854
901,Salandit,-47,-43,-32,-45,-65,-43,13181
902,Salazzle,-27,-23,-12,-5,-45,-3,3461
903,Stufful,-25,-12,-22,-71,-55,-70,14219
904,Bewear,25,38,8,-61,-45,-60,11479
905,Bounsweet,-53,-57,-34,-86,-67,-88,26843
906,Steenee,-43,-47,-24,-76,-57,-58,17023
907,Tsareena,-23,33,26,-66,-7,-48,9003
908,Comfey,-44,-35,18,-34,5,-20,5066
909,Oranguru,-5,-27,8,-26,5,-60,5119
910,Passimian,5,33,18,-76,-45,-40,10839
911,Wimpod,-70,-52,-32,-96,-75,-40,25069
912,Golisopod,-20,38,68,-56,-15,-80,16229
913,Sandygast,-40,-32,8,-46,-60,-105,19429
914,Palossand,-10,-12,38,-16,-30,-85,10069
915,Pyukumuku,-40,-27,58,-86,25,-115,26939
916,Type: Null,0,8,23,-21,-10,-61,4855
917,Silvally,0,8,23,-21,-10,-25,1759
918,Minior (Meteor Form),-35,-27,28,-56,-5,-60,9499
919,Minior (Core),-35,13,-12,-16,-45,0,3819
920,Komala,-30,28,-7,-41,-10,-55,6539
921,Turtonator,-35,-9,63,-25,-20,-84,13356
922,Togedemaru,-30,11,-9,-76,-32,-24,8478
923,Mimikyu,-40,3,8,-66,0,-24,6605
924,Bruxish,-27,18,-2,-46,-35,-28,5182
925,Drampa,-17,-27,13,19,-14,-84,8800
926,Dhelmise,-25,44,28,-30,-15,-80,10870
927,Jangmo-o,-50,-32,-7,-71,-60,-75,17839
928,Hakamo-o,-40,-12,18,-51,-35,-55,8919
929,Kommo-o,-20,23,53,-16,0,-35,5219
930,Tapu Koko,-25,28,13,-21,-30,10,3019
931,Tapu Lele,-25,-2,3,14,10,-25,1559
932,Tapu Bulu,-25,43,43,-31,-10,-45,7409
933,Tapu Fini,-25,-12,43,-21,25,-35,4909
934,Cosmog,-52,-58,-41,-87,-74,-83,27683
935,Cosmoem,-52,-58,59,-87,26,-83,24683
936,Solgaleo,42,50,35,-3,-16,-23,6283
937,Lunala,42,26,17,21,2,-23,3703
938,Nihilego,14,-34,-25,11,26,-17,3063
939,Buzzwole,12,52,67,-63,-52,-41,15691
940,Pheromosa,-24,50,-35,21,-68,31,10327
941,Xurkitree,-12,2,-1,57,-34,-37,5923
942,Celesteela,2,14,31,-9,-4,-59,4739
943,Kartana,-36,94,59,-57,-74,-11,22459
944,Guzzlord,128,14,-19,-19,-52,-77,25935
945,Necrozma,2,20,29,11,-16,-41,3303
946,Necrozma (Dusk Mane Necrozma),2,70,55,-3,4,-43,9803
947,Necrozma (Dawn Wings Necrozma),2,26,37,41,22,-43,6063
948,Necrozma (Ultra Necrozma),2,80,25,51,-8,9,9775
949,Magearna,-15,8,43,14,10,-55,5459
950,Marshadow,-5,38,8,-26,-15,5,2459
951,Poipole,-28,-14,-5,-43,-38,-47,6507
952,Naganadel,-22,-14,1,11,-32,1,1827
953,Stakataka,-34,44,139,-63,-4,-107,37847
954,Blacephalon,-42,40,-19,35,-26,-13,5795
955,Zeraora,-7,25,3,-14,-25,23,2033
956,Meltan,-49,-22,-7,-61,-70,-86,18951
957,Melmetal,40,56,71,-36,-40,-86,20069
958,Grookey,-45,-22,-22,-76,-65,-55,16019
959,Thwackey,-25,-2,-2,-61,-45,-40,7979
960,Rillaboom,5,38,18,-56,-35,-35,7379
961,Scorbunny,-45,-16,-32,-76,-65,-51,15907
962,Raboot,-30,-1,-12,-61,-45,-26,7467
963,Cinderace,-15,29,3,-51,-30,-1,4577
964,Sobble,-45,-47,-32,-46,-65,-50,14099
965,Drizzile,-30,-27,-17,-21,-50,-30,5759
966,Inteleon,-25,-2,-7,9,-40,0,2359
967,Skwovet,-25,-32,-17,-81,-70,-95,22424
968,Greedent,25,8,23,-61,-30,-100,15839
969,Rookidee,-57,-40,-37,-83,-70,-63,21976
970,Corvisquire,-27,-20,-17,-73,-50,-43,11096
971,Corviknight,3,0,33,-63,-20,-53,8276
972,Blipbug,-70,-67,-52,-91,-60,-75,29599
973,Dottler,-45,-52,8,-66,-15,-90,17474
974,Orbeetle,-35,-42,38,-36,15,-30,6854
975,Nickit,-55,-59,-44,-69,-53,-70,20912
976,Thievul,-25,-29,-14,-29,-13,-30,3572
977,Gossifleur,-55,-47,-12,-76,-45,-110,25279
978,Eldegoss,-35,-37,18,-36,15,-60,8039
979,Wooloo,-53,-47,-17,-76,-60,-72,19867
980,Dubwool,-23,-7,28,-56,-15,-32,5747
981,Chewtle,-45,-23,-22,-78,-67,-76,19387
982,Drednaw,-5,28,18,-68,-37,-46,9242
983,Yamper,-36,-42,-22,-76,-55,-94,21181
984,Boltund,-26,3,-12,-26,-45,1,3531
985,Rolycoly,-65,-47,-22,-76,-55,-90,23819
986,Carkol,-15,-27,18,-56,-35,-70,10539
987,Coalossal,15,-7,48,-36,-15,-90,12199
988,Applin,-55,-47,8,-76,-65,-100,25299
989,Flapple,-25,23,8,-21,-45,-50,6184
990,Appletun,15,-2,8,-16,-25,-90,9274
991,Silicobra,-43,-30,3,-81,-55,-74,17820
992,Sandaconda,-23,20,53,-51,-35,-49,9965
993,Cramorant,-25,-2,-17,-31,-10,-35,3204
994,Arrokuda,-54,-24,-32,-76,-75,-54,18833
995,Barraskewda,-34,36,-12,-56,-55,16,9013
996,Toxel,-55,-49,-37,-62,-70,-80,21939
997,Toxtricity,-20,11,-2,-2,-35,-45,3779
998,Sizzlipede,-45,-22,-27,-66,-55,-75,16244
999,Centiskorch,5,28,-7,-26,-15,-55,4784
1000,Clobbopus,-45,-19,-12,-66,-55,-88,17655
1001,Grapploct,-15,31,18,-46,-25,-78,10335
1002,Sinistea,-55,-42,-27,-42,-51,-70,14783
1003,Polteageist,-35,-22,-7,18,9,-50,4663
1004,Hatenna,-53,-57,-27,-60,-52,-81,19652
1005,Hattrem,-38,-47,-7,-30,-32,-71,10667
1006,Hatterene,-38,3,23,20,-2,-91,10667
1007,Impidimp,-50,-42,-42,-61,-65,-70,18874
1008,Morgrem,-30,-27,-27,-41,-50,-50,9039
1009,Grimmsnarl,0,33,-7,-21,-30,-60,6079
1010,Obstagoon,-2,3,29,-56,-24,-25,5191
1011,Perrserker,-25,23,28,-66,-45,-70,13219
1012,Cursola,-35,8,-22,29,25,-90,11339
1013,Sirfetch'd,-33,48,23,-48,-23,-55,9780
1014,Mr. Rime,-15,-2,3,-6,-5,-50,2799
1015,Runerigus,-37,8,73,-66,0,-90,19218
1016,Milcery,-50,-47,-32,-66,-44,-86,19421
1017,Alcremie,-30,-27,3,-6,16,-56,5066
1018,Falinks,-30,13,28,-46,-45,-45,8019
1019,Pincurchin,-47,14,23,-25,-20,-105,14984
1020,Snom,-65,-62,-37,-71,-75,-100,30104
1021,Frosmoth,-25,-22,-12,9,-15,-55,4584
1022,Stonjourner,5,38,63,-96,-85,-50,24379
1023,Eiscue (Ice Face),-20,-7,38,-51,-15,-70,9619
1024,Eiscue (Noice Face),-20,-7,-2,-51,-55,10,6179
1025,Indeedee (Male),-35,-22,-17,-11,-10,-25,2844
1026,Indeedee (Female),-25,-32,-7,-21,0,-35,3364
1027,Morpeko,-37,8,-14,-46,-47,-23,6483
1028,Cufant,-23,-7,-23,-76,-56,-80,16419
1029,Copperajah,27,43,-3,-36,-36,-90,13279
1030,Dracozolt,-5,13,18,-36,-35,-45,5064
1031,Arctozolt,-5,13,18,-26,-25,-65,6044
1032,Dracovish,-5,3,28,-46,-25,-45,5584
1033,Arctovish,-5,3,28,-36,-15,-65,6564
1034,Duraludon,-25,8,43,4,-55,-35,6804
1035,Dreepy,-67,-27,-42,-76,-75,-38,19827
1036,Drakloak,-27,-7,-22,-56,-55,-18,7747
1037,Dragapult,-7,33,3,-16,-30,22,2787
1038,Zacian (Hero of Many Battles),-3,33,43,-36,10,18,4667
1039,Zacian (Crowned Sword),-3,63,43,-36,10,28,8007
1040,Zamazenta (Hero of Many Battles),-3,33,43,-36,10,18,4667
1041,Zamazenta (Crowned Shield),-3,33,68,-36,35,8,8307
1042,Eternatus,45,-2,23,29,-10,10,3599
1043,Eternatus (Eternamax Eternatus),160,28,178,9,145,10,79274
1044,Kubfu,-35,3,-12,-63,-55,-48,10676
1045,Urshifu,5,43,28,-53,-45,-23,8021
1046,Zarude,10,33,33,-46,-10,-15,4719
1047,Regieleki,-15,13,-22,-16,-55,80,10559
1048,Regidrago,105,13,-22,-16,-55,-40,16559
1049,Glastrier,5,58,58,-51,5,-90,17479
1050,Spectrier,5,-22,-12,29,-25,10,2219
1051,Calyrex,5,-7,8,-36,-25,-40,3659
1052,Calyrex (Ice Rider Calyrex),5,78,78,-31,25,-70,18679
1053,Calyrex (Shadow Rider Calyrex),5,-2,8,49,-5,30,3419
1054,Wyrdeer,8,18,0,-11,-30,-55,4434
1055,Kleavor,-25,48,23,-71,-35,-35,10949
1056,Ursaluna,35,53,33,-71,-25,-70,15689
1057,Basculegion (Male),25,25,-7,-36,-30,-42,5259
1058,Basculegion (Female),25,5,-7,-16,-30,-42,3619
1059,Sneasler,-15,43,-12,-76,-25,0,8619
1060,Overqwil,-10,28,23,-51,-40,-35,6839
1061,Enamorus (Incarnate Forme),-21,28,-2,19,-25,-14,2411
1062,Enamorus (Therian Forme),-21,28,38,19,-5,-74,8531
1063,Sprigatito,-55,-26,-18,-71,-60,-55,15691
1064,Floragato,-34,-7,-9,-56,-42,-37,7555
1065,Meowscarada,-19,23,-2,-35,-35,3,3353
1066,Fuecoco,-28,-42,-13,-53,-65,-84,16807
1067,Crocalor,-14,-32,6,-26,-47,-71,9182
1068,Skeledirge,9,-12,28,-6,-30,-54,4861
1069,Quaxly,-40,-22,-27,-66,-60,-70,15669
1070,Quaxwell,-25,-2,-7,-51,-45,-55,8329
1071,Quaquaval,-10,33,8,-31,-30,-35,4339
1072,Lechonk,-41,-42,-32,-81,-60,-85,21855
1073,Oinkologne (Male),15,13,3,-57,-25,-55,7302
1074,Oinkologne (Female),20,3,-2,-57,-15,-55,6912
1075,Tarountula,-60,-46,-27,-87,-65,-100,28239
1076,Spidops,-35,-8,20,-64,-19,-85,13371
1077,Nymble,-62,-41,-32,-95,-80,-75,27599
1078,Lokix,-24,15,6,-64,-50,-28,8217
1079,Pawmi,-50,-37,-52,-76,-80,-60,22349
1080,Pawmo,-35,-12,-32,-66,-65,-35,12199
1081,Pawmot,-25,28,-2,-46,-45,-15,5779
1082,Tandemaus,-45,-37,-27,-76,-60,-45,15524
1083,Maushold,-21,-12,-2,-51,-30,-9,4171
1084,Fidough,-58,-32,-2,-86,-50,-55,17313
1085,Dachsbun,-38,-7,43,-66,-25,-25,8948
1086,Smoliv,-54,-52,-27,-58,-54,-90,20729
1087,Dolliv,-43,-34,-12,-38,-27,-87,12891
1088,Arboliva,-17,-18,18,9,4,-81,7595
1089,Squawkabilly,-13,9,-21,-71,-54,-28,9432
1090,Nacli,-40,-32,3,-81,-70,-95,23119
1091,Naclstack,-35,-27,28,-81,-40,-85,18124
1092,Garganacl,5,13,58,-71,-15,-85,16049
1093,Charcadet,-55,-37,-32,-66,-65,-85,21224
1094,Armarouge,-10,-27,28,9,-25,-45,4344
1095,Ceruledge,-20,38,8,-56,-5,-35,6294
1096,Tadbulb,-34,-56,-31,-57,-70,-75,19027
1097,Bellibolt,14,-23,19,-13,-22,-75,7364
1098,Wattrel,-55,-47,-37,-61,-65,-50,17049
1099,Kilowattrel,-25,-17,-12,-11,-45,5,3229
1100,Maschiff,-35,-9,-12,-76,-54,-69,14903
1101,Mabosstiff,-15,33,18,-56,-35,-35,7224
1102,Shroodle,-55,-22,-37,-76,-70,-45,17579
1103,Grafaiai,-32,8,-7,-36,-33,-10,3622
1104,Bramblin,-55,-22,-42,-71,-70,-60,18814
1105,Brambleghast,-40,28,-2,-36,-35,-30,5809
1106,Toedscool,-55,-47,-37,-66,-5,-50,13484
1107,Toedscruel,-15,-17,-7,-36,15,-20,2484
1108,Klawf,-25,13,43,-81,-50,-45,13729
1109,Capsakid,-45,-25,-32,-54,-65,-70,15715
1110,Scovillain,-30,21,-7,-8,-40,-45,5079
1111,Rellor,-54,-37,-12,-85,-47,-90,21963
1112,Rabsca,-20,-37,13,-1,-5,-75,7589
1113,Flittle,-65,-52,-42,-61,-75,-45,20064
1114,Espathra,0,-27,-12,-15,-45,-15,3348
1115,Tinkatink,-45,-42,-27,-81,-41,-62,16604
1116,Tinkatuff,-30,-32,-17,-71,-23,-42,9547
1117,Tinkaton,-10,-12,5,-46,0,-26,3061
1118,Wiglett,-85,-32,-47,-81,-80,-25,24044
1119,Wugtrio,-60,13,-22,-66,-35,0,9834
1120,Bombirdier,-25,16,13,-56,-20,-38,6030
1121,Finizen,-25,-42,-32,-71,-65,-45,14704
1122,Palafin,5,-17,0,-63,-43,-20,6532
1123,Palafin,5,73,25,-10,-18,-20,6803
1124,Varoom,-50,-17,-9,-86,-60,-73,19195
1125,Revavroom,-15,32,18,-62,-38,-30,7761
1126,Cyclizar,-25,8,-7,-31,-40,1,3300
1127,Orthworm,-25,-2,73,-56,-50,-55,14619
1128,Glimmet,-47,-52,-30,-11,-45,-60,11559
1129,Glimmora,-12,-32,18,14,-24,-34,3420
1130,Greavard,-45,-26,-12,-86,-50,-86,20137
1131,Houndstone,-23,14,28,-66,-8,-52,8633
1132,Flamigo,-13,28,2,-41,-41,-30,5219
1133,Cetoddle,13,-19,-27,-86,-65,-77,18809
1134,Cetitan,75,26,-7,-71,-50,-47,16100
1135,Veluza,-5,15,1,-38,-40,-50,5795
1136,Dondozo,55,13,43,-51,-40,-85,16469
1137,Tatsugiri,-27,-37,-12,4,-10,-38,3802
1138,Annihilape,15,28,8,-66,-15,-30,6554
1139,Clodsire,35,-12,-12,-71,-5,-100,16579
1140,Farigiraf,25,3,-2,-6,-35,-60,5499
1141,Dudunsparce,30,13,8,-31,-30,-65,7219
1142,Kingambit,5,48,48,-56,-20,-70,13069
1143,Great Tusk,20,44,59,-63,-52,-33,13579
1144,Scream Tail,20,-22,27,-51,10,-9,4395
1145,Brute Bonnet,16,40,27,-37,-6,-65,8215
1146,Flutter Mane,-40,-32,-17,19,30,15,4399
1147,Slither Wing,-10,48,7,-31,0,-39,4935
1148,Sandy Shocks,-10,-6,25,5,-20,-19,1547
1149,Iron Treads,-5,25,48,-44,-35,-14,6311
1150,Iron Bundle,-39,-7,42,8,-45,16,5679
1151,Iron Hands,59,53,36,-66,-37,-70,18211
1152,Iron Jugulis,-1,-7,14,6,-25,-12,1051
1153,Iron Moth,-15,-17,-12,24,5,-10,1359
1154,Iron Thorns,5,47,38,-46,-21,-48,8539
1155,Frigibax,-30,-12,-27,-81,-60,-65,16159
1156,Arctibax,-5,8,-6,-71,-40,-58,10130
1157,Baxcalibur,20,58,20,-41,-19,-33,7295
1158,Gimmighoul (Chest Form),-50,-57,-2,-41,-35,-110,20759
1159,Gimmighoul (Roaming Form),-50,-57,-47,-41,-60,-40,14839
1160,Gholdengo,-8,-27,23,17,-14,-36,3103
1161,Wo-Chien,-10,-2,28,-21,30,-50,4729
1162,Chien-Pao,-15,33,8,-26,-40,15,3879
1163,Ting-Lu,60,23,53,-61,-25,-75,16909
1164,Chi-Yu,-40,-7,8,19,15,-20,2699
1165,Roaring Moon,10,52,-1,-61,-4,-1,6543
1166,Iron Valiant,-21,43,18,4,-45,-4,4671
1167,Koraidon,5,48,43,-31,-5,15,5389
1168,Miraidon,5,-2,28,19,10,15,1499
