Cason Duszak vs. Pokemon SSE,pokemon,D_HP,D_ATK,D_DEF,D_SPA,D_SPD,D_SPE,SSE
0,Bulbasaur,-10,-33,-45,5,-21,0,3680
1,Ivysaur,5,-20,-31,20,-6,15,2047
2,Venusaur,25,0,-11,40,14,35,3767
3,Venusaur (Mega Venusaur),25,18,29,62,34,35,8015
4,Charmander,-16,-30,-51,0,-36,20,5453
5,Charmeleon,3,-18,-36,20,-21,35,3695
6,Charizard,23,2,-16,49,-1,55,6216
7,Charizard (Mega Charizard X),23,48,17,70,-1,55,11048
8,Charizard (Mega Charizard Y),23,22,-16,99,29,55,14936
9,Squirtle,-11,-34,-29,-10,-22,-2,2706
10,Wartortle,4,-19,-14,5,-6,13,803
11,Blastoise,24,1,6,25,19,33,2688
12,Blastoise (Mega Blastoise),24,21,26,75,29,33,9248
13,Caterpie,-10,-52,-59,-40,-66,0,12241
14,Metapod,-5,-62,-39,-35,-61,-15,10561
15,Butterfree,5,-37,-44,30,-6,25,4891
16,Weedle,-15,-47,-64,-40,-66,5,12511
17,Kakuna,-10,-57,-44,-35,-61,-10,10331
18,Beedrill,10,8,-54,-15,-6,30,4241
19,Beedrill (Mega Beedrill),10,68,-54,-45,-6,100,19701
20,Pidgey,-15,-37,-54,-25,-51,11,7857
21,Pidgeotto,8,-22,-39,-10,-36,26,4141
22,Pidgeot,28,-2,-19,10,-16,56,4641
23,Pidgeot (Mega Pidgeot),28,-2,-14,75,-6,76,12421
24,Rattata,-25,-26,-59,-35,-51,27,9337
25,Rattata (Alolan Rattata),-25,-26,-59,-35,-51,27,9337
26,Raticate,0,-1,-34,-10,-16,52,4217
27,Raticate (Alolan Raticate),20,-11,-24,-20,-6,32,2557
28,Spearow,-15,-22,-64,-29,-55,25,9296
29,Fearow,10,8,-29,1,-25,55,4656
30,Ekans,-20,-22,-50,-20,-32,10,4908
31,Arbok,5,13,-25,5,-7,35,2118
32,Pikachu,-20,-27,-54,-10,-36,45,7466
33,Pikachu (Partner Pikachu),-10,-2,-44,15,-26,75,8566
34,Raichu,5,8,-39,30,-6,65,6771
35,Raichu (Alolan Raichu),5,3,-44,35,-1,65,7421
36,Sandshrew,-5,-7,-9,-40,-56,-5,4916
37,Sandshrew (Alolan Sandshrew),-5,-7,-4,-50,-51,-5,5216
38,Sandslash,20,18,16,-15,-31,20,2566
39,Sandslash (Alolan Sandslash),20,18,26,-35,-21,20,3466
40,Nidoran♀,0,-35,-42,-20,-46,-4,5521
41,Nidorina,15,-20,-27,-5,-31,11,2461
42,Nidoqueen,35,10,-7,15,-1,31,2561
43,Nidoran♂,-9,-25,-54,-20,-46,5,6163
44,Nidorino,6,-10,-37,-5,-31,20,2891
45,Nidoking,26,20,-17,25,-11,40,3711
46,Clefairy,15,-37,-46,0,-21,-10,4251
47,Clefable,40,-12,-21,35,4,15,3651
48,Vulpix,-17,-41,-54,-10,-21,20,5827
49,Vulpix (Alolan Vulpix),-17,-41,-54,-10,-21,20,5827
50,Ninetales,18,-6,-19,21,14,55,4383
51,Ninetales (Alolan Ninetales),18,-15,-19,21,14,64,5643
52,Jigglypuff,60,-37,-74,-15,-61,-25,15016
53,Wigglytuff,85,-12,-49,25,-36,0,11691
54,Zubat,-15,-37,-59,-30,-46,10,8191
55,Golbat,20,-2,-24,5,-11,45,3151
56,Oddish,-10,-32,-39,15,-21,-15,3536
57,Gloom,5,-17,-24,25,-11,-5,1661
58,Vileplume,20,-2,-9,50,4,5,3026
59,Paras,-20,-12,-39,-15,-31,-20,3651
60,Parasect,5,13,-14,0,-6,-15,651
61,Venonat,5,-27,-44,-20,-31,0,4051
62,Venomoth,15,-17,-34,30,-11,45,4716
63,Diglett,-45,-27,-69,-25,-41,50,12321
64,Diglett (Alolan Diglett),-45,-27,-64,-25,-41,45,11181
65,Dugtrio,-20,18,-44,-10,-16,75,8641
66,Dugtrio (Alolan Dugtrio),-20,18,-34,-10,-16,65,6461
67,Meowth,-15,-37,-59,-20,-46,45,9616
68,Meowth (Alolan Meowth),-15,-47,-59,-10,-46,45,10156
69,Meowth (Galarian Meowth),-5,-17,-39,-20,-46,-5,4376
70,Persian,10,-12,-34,5,-21,70,6766
71,Persian (Alolan Persian),10,-22,-34,15,-21,70,7306
72,Psyduck,-5,-30,-46,5,-36,10,4462
73,Golduck,25,0,-16,35,-6,40,3742
74,Mankey,-15,-2,-59,-25,-41,25,6641
75,Primeape,10,23,-34,0,-16,50,4541
76,Growlithe,0,-12,-49,10,-36,15,4166
77,Growlithe (Hisuian Growlithe),5,-7,-49,5,-36,10,3896
78,Arcanine,35,28,-14,40,-6,50,6341
79,Arcanine (Hisuian Arcanine),40,33,-14,35,-6,45,6171
80,Poliwag,-15,-32,-54,-20,-46,45,8706
81,Poliwhirl,10,-17,-29,-10,-36,45,4651
82,Poliwrath,35,13,1,10,4,25,2136
83,Abra,-30,-62,-79,45,-31,45,15996
84,Kadabra,-15,-47,-64,60,-16,60,13986
85,Alakazam,0,-32,-49,75,9,75,14756
86,Alakazam (Mega Alakazam),0,-32,-29,115,19,105,26476
87,Machop,15,-2,-44,-25,-51,-10,5491
88,Machoke,25,18,-24,-10,-26,0,2301
89,Machamp,35,48,-14,5,-1,10,3851
90,Bellsprout,-5,-7,-59,10,-56,-5,6816
91,Weepinbell,10,8,-44,25,-41,10,4506
92,Victreebel,25,23,-29,40,-16,25,4476
93,Tentacool,-15,-42,-59,-10,14,25,6391
94,Tentacruel,25,-12,-29,20,34,55,6191
95,Geodude,-15,-2,6,-30,-56,-25,4926
96,Geodude (Alolan Geodude),-15,-2,6,-30,-56,-25,4926
97,Graveler,0,13,21,-15,-41,-10,2616
98,Graveler (Alolan Graveler),0,13,21,-15,-41,-10,2616
99,Golem,25,38,36,-5,-21,0,3831
100,Golem (Alolan Golem),25,38,36,-5,-21,0,3831
101,Ponyta,-5,3,-39,5,-21,45,4046
102,Ponyta (Galarian Ponyta),-5,3,-39,5,-21,45,4046
103,Rapidash,10,18,-24,20,-6,60,5036
104,Rapidash (Galarian Rapidash),10,18,-24,20,-6,60,5036
105,Slowpoke,35,-17,-29,-20,-46,-30,5771
106,Slowpoke (Galarian Slowpoke),35,-17,-29,-20,-46,-30,5771
107,Slowbro,40,-7,16,40,-6,-15,3766
108,Slowbro (Mega Slowbro),40,-7,86,70,-6,-15,14206
109,Slowbro (Galarian Slowbro),40,18,1,40,-16,-15,4006
110,Magnemite,-30,-47,-24,35,-31,0,5871
111,Magneton,-5,-22,1,60,-16,25,4991
112,Farfetch'd,-3,8,-39,-2,-24,15,2399
113,Farfetch'd (Galarian Farfetch'd),-3,13,-39,-2,-24,10,2379
114,Doduo,-20,3,-49,-25,-51,30,6936
115,Dodrio,5,28,-24,0,-26,65,6286
116,Seel,10,-37,-39,-15,-16,0,3471
117,Dewgong,35,-12,-14,10,9,25,2371
118,Grimer,25,-2,-44,-20,-36,-20,4661
119,Grimer (Alolan Grimer),25,-2,-44,-20,-36,-20,4661
120,Muk,50,23,-19,5,14,5,3636
121,Muk (Alolan Muk),50,23,-19,5,14,5,3636
122,Shellder,-25,-17,6,-15,-61,-5,4921
123,Cloyster,-5,13,86,25,-41,25,10521
124,Gastly,-25,-47,-64,40,-51,35,12356
125,Haunter,-10,-32,-49,55,-31,50,10011
126,Gengar,5,-17,-34,70,-11,65,10716
127,Gengar (Mega Gengar),5,-17,-14,110,9,85,19916
128,Onix,-20,-37,66,-30,-41,25,9331
129,Drowzee,5,-34,-49,-17,4,-3,3896
130,Hypno,30,-9,-24,13,29,22,3051
131,Krabby,-25,23,-4,-35,-61,5,6141
132,Kingler,0,48,21,-10,-36,30,5041
133,Voltorb,-15,-52,-44,-5,-31,55,8876
134,Voltorb (Hisuian Voltorb),-15,-52,-44,-5,-31,55,8876
135,Electrode,5,-32,-24,20,-6,105,13086
136,Electrode (Hisuian Electrode),5,-32,-24,20,-6,105,13086
137,Exeggcute,5,-42,-14,0,-41,-5,3691
138,Exeggutor,40,13,-9,65,-11,10,6296
139,Exeggutor (Alolan Exeggutor),40,23,-9,65,-11,0,6556
140,Cubone,-5,-32,1,-20,-36,-10,2846
141,Marowak,5,-2,16,-10,-6,0,421
142,Marowak (Alolan Marowak),5,-2,16,-10,-6,0,421
143,Hitmonlee,-5,38,-41,-25,24,42,6115
144,Hitmonchan,-5,23,-15,-25,24,31,2941
145,Lickitung,35,-27,-19,0,-11,-15,2661
146,Koffing,-15,-17,1,0,-41,-10,2296
147,Weezing,10,8,26,25,-16,15,1946
148,Weezing (Galarian Weezing),10,8,26,25,-16,15,1946
149,Rhyhorn,25,3,1,-30,-56,-20,5071
150,Rhydon,50,48,26,-15,-41,-5,7411
151,Chansey,195,-77,-89,-25,19,5,52886
152,Tangela,10,-27,21,40,-46,15,5211
153,Kangaskhan,50,13,-14,-20,-6,45,5326
154,Kangaskhan (Mega Kangaskhan),50,43,6,0,14,55,7606
155,Horsea,-25,-42,-24,10,-61,15,7011
156,Seadra,0,-17,1,35,-41,40,4796
157,Goldeen,-10,-15,-34,-25,-36,18,3726
158,Seaking,25,10,-29,5,-6,23,2156
159,Staryu,-25,-37,-39,10,-31,40,6176
160,Starmie,5,-7,-9,40,-1,70,6656
161,Mr. Mime,-15,-37,-29,40,34,45,7216
162,Mr. Mime (Galarian Mr. Mime),-5,-17,-29,30,4,55,5096
163,Scyther,15,28,-14,-5,-6,60,4866
164,Jynx,10,-32,-59,55,9,50,10211
165,Electabuzz,10,1,-37,35,-1,60,6296
166,Magmar,10,13,-37,40,-1,48,5543
167,Pinsir,10,43,6,-5,-16,40,3866
168,Pinsir (Mega Pinsir),10,73,26,5,4,60,9746
169,Tauros,20,18,1,-20,-16,65,5606
170,Tauros (Paldean Tauros (Combat Breed)),20,28,11,-30,-16,55,5486
171,Tauros (Paldean Tauros (Blaze Breed)),20,28,11,-30,-16,55,5486
172,Tauros (Paldean Tauros (Aqua Breed)),20,28,11,-30,-16,55,5486
173,Magikarp,-35,-72,-39,-45,-66,35,15536
174,Gyarados,40,43,-15,0,14,36,5166
175,Gyarados (Mega Gyarados),40,73,15,10,44,36,10486
176,Lapras,75,3,-14,25,9,15,6761
177,Ditto,-7,-34,-46,-12,-38,3,4918
178,Eevee,0,-27,-44,-15,-21,10,3431
179,Eevee (Partner Eevee),10,-7,-24,5,-1,30,1651
180,Vaporeon,75,-17,-34,50,9,20,10051
181,Jolteon,10,-17,-34,50,9,85,11351
182,Flareon,10,48,-34,35,24,20,5761
183,Porygon,10,-22,-24,25,-11,-5,1931
184,Omanyte,-20,-42,6,30,-31,-10,4161
185,Omastar,15,-22,31,55,-16,10,5051
186,Kabuto,-25,-2,-4,-5,-41,10,2451
187,Kabutops,5,33,11,5,-16,35,2741
188,Aerodactyl,25,23,-29,0,-11,85,9341
189,Aerodactyl (Mega Aerodactyl),25,53,-9,10,9,105,14721
190,Snorlax,105,28,-29,5,24,-15,13476
191,Articuno,35,3,6,35,39,40,5616
192,Articuno (Galarian Articuno),35,3,-9,65,14,50,8236
193,Zapdos,35,8,-9,65,4,55,8636
194,Zapdos (Galarian Zapdos),35,43,-4,25,4,55,6756
195,Moltres,35,18,-4,65,-1,45,7816
196,Moltres (Galarian Moltres),35,3,-4,40,39,45,6396
197,Dratini,-14,-18,-49,-10,-36,5,4342
198,Dragonair,6,2,-29,10,-16,25,1862
199,Dragonite,36,52,1,40,14,35,7022
200,Mewtwo,51,28,-4,94,4,85,19478
201,Mewtwo (Mega Mewtwo X),51,108,6,94,14,85,30558
202,Mewtwo (Mega Mewtwo Y),51,68,-24,134,34,95,35938
203,Mew,45,18,6,40,14,55,7206
204,Chikorita,-10,-33,-29,-11,-21,0,2592
205,Bayleef,5,-20,-14,3,-6,15,891
206,Meganium,25,0,6,23,14,35,2611
207,Cyndaquil,-16,-30,-51,0,-36,20,5453
208,Quilava,3,-18,-36,20,-21,35,3695
209,Typhlosion,23,2,-16,49,-1,55,6216
210,Typhlosion (Hisuian Typhlosion),18,2,-16,59,-1,50,6566
211,Totodile,-5,-17,-30,-16,-38,-2,2918
212,Croconaw,10,-2,-14,-1,-23,13,999
213,Feraligatr,30,23,6,19,-3,33,2924
214,Sentret,-20,-36,-60,-25,-41,-25,8227
215,Furret,30,-6,-30,-15,-31,45,5047
216,Hoothoot,5,-52,-64,-24,-30,5,8326
217,Noctowl,45,-32,-44,26,10,25,6386
218,Ledyba,-15,-62,-64,-20,-6,10,8701
219,Ledian,0,-47,-44,-5,24,40,6346
220,Spinarak,-15,-22,-54,-20,-46,-15,6366
221,Ariados,15,8,-24,0,-16,-5,1146
222,Crobat,30,8,-14,10,-6,85,8521
223,Chinchou,20,-44,-56,-4,-30,22,6872
224,Lanturn,70,-24,-36,16,-10,22,7612
225,Pichu,-35,-42,-79,-25,-51,15,12681
226,Cleffa,-5,-57,-66,-15,-31,-30,9716
227,Igglybuff,35,-52,-79,-20,-66,-30,15826
228,Togepi,-20,-62,-29,-20,-21,-25,6551
229,Togetic,0,-42,-9,20,19,-5,2631
230,Natu,-15,-32,-49,10,-41,25,6056
231,Xatu,10,-7,-24,35,-16,50,4706
232,Mareep,0,-42,-54,5,-41,-10,6486
233,Flaaffy,15,-27,-39,20,-26,0,3551
234,Ampharos,35,-7,-9,55,4,10,4496
235,Ampharos (Mega Ampharos),35,13,11,105,24,0,13116
236,Bellossom,20,-2,1,30,14,5,1526
237,Marill,15,-62,-44,-40,-36,-5,8926
238,Azumarill,45,-32,-14,0,-6,5,3306
239,Sudowoodo,15,18,21,-30,-21,-15,2556
240,Politoed,35,-7,-19,30,14,25,3356
241,Hoppip,-20,-47,-54,-25,-31,5,7136
242,Skiploom,0,-37,-44,-15,-21,35,5196
243,Jumpluff,20,-27,-24,-5,9,65,6036
244,Aipom,0,-12,-39,-20,-31,40,4626
245,Sunkern,-25,-52,-64,-30,-56,-15,11686
246,Sunflora,20,-7,-39,45,-1,-15,4221
247,Yanma,10,-17,-49,15,-41,50,7196
248,Wooper,0,-37,-49,-35,-61,-30,9616
249,Wooper (Paldean Wooper),0,-37,-49,-35,-61,-30,9616
250,Quagsire,40,3,-9,5,-21,-10,2256
251,Espeon,10,-17,-34,70,9,65,10751
252,Umbreon,40,-17,16,0,44,20,4481
253,Murkrow,5,3,-52,25,-44,46,7415
254,Slowking,40,-7,-14,40,24,-15,4246
255,Slowking (Galarian Slowking),40,-17,-14,50,24,-15,5386
256,Misdreavus,5,-22,-34,25,-1,40,3891
257,Unown,-7,-10,-46,12,-38,3,3862
258,Wobbuffet,135,-49,-36,-27,-28,-12,23579
259,Girafarig,15,-2,-29,30,-21,40,4011
260,Pineco,-5,-17,-4,-25,-51,-30,4456
261,Forretress,20,8,46,0,-26,-5,3281
262,Dunsparce,45,-12,-24,5,-21,0,3211
263,Gligar,10,-7,11,-25,-21,40,2936
264,Steelix,20,3,106,-5,-21,-15,12336
265,Steelix (Mega Steelix),20,43,136,-5,9,-15,21076
266,Snubbull,5,-2,-44,-20,-46,-15,4706
267,Granbull,35,38,-19,0,-26,0,3706
268,Qwilfish,10,13,-9,-5,-31,40,2936
269,Qwilfish (Hisuian Qwilfish),10,13,-9,-5,-31,40,2936
270,Scizor,15,48,6,-5,-6,20,3026
271,Scizor (Mega Scizor),15,68,46,5,14,30,8086
272,Shuckle,-35,-72,136,-50,144,-40,49741
273,Heracross,25,43,-19,-20,9,40,4916
274,Heracross (Mega Heracross),25,103,21,-20,19,30,13336
275,Sneasel,0,13,-39,-25,-11,70,7336
276,Sneasel (Hisuian Sneasel),0,13,-39,-25,-11,70,7336
277,Teddiursa,5,-2,-44,-10,-36,-5,3386
278,Ursaring,35,48,-19,15,-11,10,4336
279,Slugma,-15,-42,-54,10,-46,-25,7746
280,Magcargo,5,-32,26,30,-6,-15,2886
281,Swinub,-5,-32,-54,-30,-56,5,8026
282,Piloswine,45,18,-14,0,-26,5,3246
283,Corsola,10,-27,1,5,9,-10,1036
284,Corsola (Galarian Corsola),5,-27,6,5,14,-15,1236
285,Remoraid,-20,-17,-59,5,-51,20,7196
286,Octillery,20,23,-19,45,-11,0,3436
287,Delibird,-10,-27,-49,5,-41,30,5836
288,Mantine,30,-42,-24,20,54,25,7181
289,Skarmory,10,-2,46,-20,-16,25,3501
290,Houndour,-10,-22,-64,20,-36,20,6776
291,Houndoom,20,8,-44,50,-6,50,7436
292,Houndoom (Mega Houndoom),20,8,-4,80,4,70,11796
293,Kingdra,20,13,1,35,9,40,3476
294,Phanpy,35,-22,-34,-20,-46,-5,5406
295,Donphan,35,38,26,0,-26,5,4046
296,Porygon2,30,-2,-4,45,9,15,3251
297,Stantler,18,13,-32,25,-21,40,4183
298,Smeargle,0,-62,-59,-40,-41,30,11506
299,Tyrogue,-20,-47,-59,-25,-51,-10,9416
300,Hitmontop,-5,13,1,-25,24,25,2021
301,Smoochum,-10,-52,-79,25,-21,20,10511
302,Elekid,-10,-19,-57,5,-31,50,7196
303,Magby,-10,-7,-57,10,-31,38,5903
304,Miltank,40,-2,11,-20,-16,55,5406
305,Blissey,200,-72,-84,15,49,10,54966
306,Raikou,35,3,-19,55,14,70,9716
307,Entei,60,33,-9,30,-11,55,8816
308,Suicune,45,-7,21,30,29,40,5856
309,Larvitar,-5,-18,-44,-15,-36,-4,3822
310,Pupitar,15,2,-24,5,-16,6,1122
311,Tyranitar,45,52,16,35,14,16,6662
312,Tyranitar (Mega Tyranitar),45,82,56,35,34,26,14942
313,Lugia,51,8,36,30,68,65,13710
314,Ho-Oh,51,48,-4,50,68,45,14070
315,Celebi,45,18,6,40,14,55,7206
316,Treecko,-15,-37,-59,5,-31,25,6686
317,Grovyle,-5,-17,-49,25,-21,50,6281
318,Sceptile,15,3,-29,45,-1,75,8726
319,Sceptile (Mega Sceptile),15,28,-19,85,-1,100,18596
320,Torchic,-10,-22,-54,10,-36,0,4896
321,Combusken,5,3,-34,25,-26,10,2591
322,Blaziken,25,38,-24,50,-16,35,6626
323,Blaziken (Mega Blaziken),25,78,-14,70,-6,55,14866
324,Mudkip,-5,-12,-44,-10,-36,-5,3526
325,Marshtomp,15,3,-24,0,-16,5,1091
326,Swampert,45,28,-4,25,4,15,3691
327,Swampert (Mega Swampert),45,68,16,35,24,25,9331
328,Poochyena,-20,-27,-59,-30,-56,-10,8746
329,Mightyena,15,8,-24,0,-26,25,2166
330,Zigzagoon,-17,-52,-53,-30,-45,15,8952
331,Zigzagoon (Galarian Zigzagoon),-17,-52,-53,-30,-45,15,8952
332,Linoone,23,-12,-33,-10,-25,55,5512
333,Linoone (Galarian Linoone),23,-12,-33,-10,-25,55,5512
334,Wurmple,-10,-37,-59,-40,-56,-25,10311
335,Silcoon,-5,-47,-39,-35,-61,-30,9601
336,Beautifly,5,-12,-44,40,-36,20,5401
337,Cascoon,-5,-47,-39,-35,-61,-30,9601
338,Dustox,5,-32,-24,-10,4,20,2141
339,Lotad,-15,-52,-64,-20,-36,-15,8946
340,Lombre,5,-32,-44,0,-16,5,3266
341,Ludicolo,25,-12,-24,30,14,25,3066
342,Seedot,-15,-42,-44,-30,-56,-15,8186
343,Nuzleaf,15,-12,-54,0,-46,15,5626
344,Shiftry,35,18,-34,30,-26,35,5506
345,Taillow,-15,-27,-64,-30,-56,40,10686
346,Swellow,5,3,-34,15,-36,80,9111
347,Wingull,-15,-52,-64,-5,-56,40,11786
348,Pelipper,5,-32,6,35,-16,20,2966
349,Ralts,-27,-57,-69,-15,-51,-5,11590
350,Kirlia,-17,-47,-59,5,-31,5,6990
351,Gardevoir,13,-17,-29,65,29,35,7590
352,Gardevoir (Mega Gardevoir),13,3,-29,105,49,55,17470
353,Surskit,-15,-52,-62,-10,-34,20,8429
354,Masquerain,15,-22,-32,40,-4,35,4574
355,Shroomish,5,-42,-34,-20,-26,-10,4121
356,Breloom,5,48,-14,0,-26,25,3826
357,Slakoth,5,-22,-34,-25,-51,-15,5116
358,Vigoroth,25,-2,-14,-5,-31,45,3836
359,Slaking,95,78,6,35,-21,55,19836
360,Nincada,-24,-37,-4,-30,-56,-5,6022
361,Ninjask,6,8,-49,-10,-36,115,17122
362,Shedinja,-54,8,-49,-30,-56,-5,9442
363,Whismur,9,-31,-71,-9,-63,-17,10422
364,Loudred,29,-11,-51,11,-43,3,5542
365,Exploud,49,9,-31,31,-13,23,5102
366,Makuhita,17,-22,-64,-40,-56,-20,10005
367,Hariyama,89,38,-34,-20,-26,5,11622
368,Azurill,-5,-62,-54,-40,-46,-25,11126
369,Nosepass,-25,-37,41,-15,4,-15,4141
370,Skitty,-5,-37,-49,-25,-51,5,7046
371,Delcatty,15,-17,-29,-5,-31,45,4366
372,Sableye,-5,-7,-19,5,-21,5,926
373,Sableye (Mega Sableye),-5,3,31,25,29,-25,3086
374,Mawile,-5,3,-9,-5,-31,5,1126
375,Mawile (Mega Mawile),-5,23,31,-5,9,5,1646
376,Aron,-5,-12,6,-20,-46,-15,2946
377,Lairon,5,8,46,-10,-36,-5,3626
378,Aggron,15,28,86,0,-26,5,9106
379,Aggron (Mega Aggron),15,58,136,0,-6,5,22146
380,Meditite,-25,-42,-39,-20,-31,15,5496
381,Medicham,5,-22,-19,0,-11,35,2216
382,Medicham (Mega Medicham),5,18,-9,20,-1,55,3856
383,Electrike,-15,-37,-54,5,-46,20,7051
384,Manectric,15,-7,-34,45,-26,60,7731
385,Manectric (Mega Manectric),15,-7,-14,75,-6,90,14231
386,Plusle,5,-32,-54,25,-11,50,7211
387,Minun,5,-42,-44,15,-1,50,6451
388,Volbeat,10,-9,-19,-13,-1,40,2312
389,Illumise,10,-35,-19,13,-1,40,3456
390,Roselia,-5,-22,-49,40,-6,20,4946
391,Gulpin,15,-39,-41,-17,-33,-5,4830
392,Swalot,45,-9,-11,13,-3,10,2505
393,Carvanha,-10,8,-74,5,-66,20,10421
394,Sharpedo,15,38,-54,35,-46,50,10426
395,Sharpedo (Mega Sharpedo),15,58,-24,50,-21,60,10706
396,Wailmer,75,-12,-59,10,-51,15,12176
397,Wailord,115,8,-49,30,-41,15,18496
398,Numel,5,-22,-54,5,-41,-10,5231
399,Camerupt,15,18,-24,45,-11,-5,3296
400,Camerupt (Mega Camerupt),15,38,6,85,19,-25,9916
401,Torkoal,15,3,46,25,-16,-25,3856
402,Spoink,5,-57,-59,10,-6,15,7116
403,Grumpig,25,-37,-29,30,24,35,5536
404,Spinda,5,-22,-34,0,-26,15,2566
405,Trapinch,-10,18,-49,-15,-41,-35,5956
406,Vibrava,-5,-12,-44,-10,-36,25,4126
407,Flygon,25,18,-14,20,-6,55,4606
408,Cacnea,-5,3,-54,25,-46,-10,5791
409,Cacturne,15,33,-34,55,-26,10,6271
410,Swablu,-10,-42,-34,-20,-11,5,3566
411,Altaria,20,-12,-4,10,19,35,2246
412,Altaria (Mega Altaria),20,28,16,50,19,35,5526
413,Zangoose,18,33,-34,0,-26,45,5270
414,Seviper,18,18,-34,40,-26,20,4480
415,Lunatone,35,-27,-29,35,-1,25,4646
416,Solrock,35,13,-9,-5,-21,25,2566
417,Barboach,-5,-34,-51,-14,-45,15,6228
418,Whiscash,55,-4,-21,16,-15,15,4188
419,Corphish,-12,-2,-29,-10,-51,-10,3790
420,Crawdaunt,8,38,-9,30,-31,10,3550
421,Baltoy,-15,-42,-39,-20,-16,10,4266
422,Claydol,5,-12,11,10,34,30,2446
423,Lileep,11,-41,-17,1,1,-22,2577
424,Cradily,31,-1,3,21,21,-2,1857
425,Anorith,-10,13,-44,-20,-36,30,4801
426,Armaldo,20,43,6,10,-6,0,2421
427,Feebas,-35,-67,-74,-50,-31,35,15876
428,Milotic,40,-22,-15,40,39,36,6726
429,Castform,15,-12,-24,10,-16,25,1926
430,Kecleon,5,8,-24,0,34,-5,1846
431,Shuppet,-11,-7,-59,3,-53,0,6469
432,Banette,9,33,-29,23,-23,20,3469
433,Banette (Mega Banette),9,83,-19,33,-3,30,9329
434,Duskull,-35,-42,-4,-30,4,-20,4321
435,Dusclops,-15,-12,36,0,44,-20,4001
436,Tropius,44,-14,-11,12,1,6,2434
437,Chimecho,20,-32,-14,35,4,20,3261
438,Absol,10,48,-34,15,-26,30,5361
439,Absol (Mega Absol),10,68,-34,55,-26,70,14481
440,Wynaut,40,-59,-46,-37,-38,-22,10494
441,Snorunt,-5,-32,-44,-10,-36,5,4406
442,Glalie,25,-2,-14,20,-6,35,2486
443,Glalie (Mega Glalie),25,38,-14,60,-6,55,8926
444,Spheal,15,-42,-44,-5,-36,-20,5646
445,Sealeo,35,-22,-24,15,-16,0,2766
446,Walrein,55,-2,-4,35,4,20,4686
447,Clamperl,-20,-18,-9,14,-31,-13,2131
448,Huntail,0,22,11,34,-11,7,1931
449,Gorebyss,0,2,11,54,-11,7,3211
450,Relicanth,45,8,36,-15,-21,10,4151
451,Luvdisc,-12,-52,-39,-20,-21,52,7914
452,Bagon,-10,-7,-34,-20,-56,5,4866
453,Shelgon,10,13,6,0,-36,5,1626
454,Salamence,40,53,-14,50,-6,55,10166
455,Salamence (Mega Salamence),40,63,36,60,4,75,16106
456,Beldum,-15,-27,-14,-25,-26,-15,2676
457,Metang,5,-7,6,-5,-6,5,196
458,Metagross,25,53,36,35,4,25,6596
459,Metagross (Mega Metagross),25,63,56,45,24,65,14556
460,Regirock,25,18,106,-10,14,5,12506
461,Regice,25,-32,6,40,114,5,16306
462,Registeel,25,-7,56,15,64,5,8156
463,Latias,25,-2,-4,50,44,65,9306
464,Latias (Mega Latias),25,18,26,80,64,65,16346
465,Latios,25,8,-14,70,24,65,10586
466,Latios (Mega Latios),25,48,6,100,34,65,18346
467,Kyogre,45,18,-4,90,54,45,15406
468,Kyogre (Primal Kyogre),45,68,-4,120,74,45,28566
469,Groudon,45,68,46,40,4,45,12406
470,Groudon (Primal Groudon),45,98,66,90,4,45,26126
471,Rayquaza,50,68,-4,90,4,50,17756
472,Rayquaza (Mega Rayquaza),50,98,6,120,14,70,31636
473,Jirachi,45,18,6,40,14,55,7206
474,Deoxys (Normal Forme),-5,68,-44,90,-36,105,27006
475,Deoxys (Attack Forme),-5,98,-74,120,-66,105,44886
476,Deoxys (Defense Forme),-5,-12,66,10,74,45,12126
477,Deoxys (Speed Forme),-5,13,-4,35,4,135,19676
478,Turtwig,0,-14,-30,-15,-31,-14,2478
479,Grotle,20,7,-9,-5,-21,-9,1077
480,Torterra,40,27,11,15,-1,11,2797
481,Chimchar,-11,-24,-50,-2,-42,16,5221
482,Monferno,9,-4,-42,18,-34,36,4637
483,Infernape,21,22,-23,44,-15,63,7584
484,Piplup,-2,-31,-41,1,-30,-5,3572
485,Prinplup,9,-16,-26,21,-10,5,1579
486,Empoleon,29,4,-6,51,15,15,3944
487,Starly,-15,-27,-64,-30,-56,15,9311
488,Staravia,0,-7,-44,-20,-46,35,5726
489,Staraptor,30,38,-24,-10,-26,55,6721
490,Bidoof,4,-37,-54,-25,-46,-14,7238
491,Bibarel,24,3,-34,-5,-26,26,3118
492,Kricketot,-18,-57,-53,-35,-45,-20,10032
493,Kricketune,22,3,-43,-5,-35,20,3992
494,Shinx,-10,-17,-60,-20,-52,0,7093
495,Luxio,5,3,-45,0,-37,15,3653
496,Luxray,25,38,-15,35,-7,25,4193
497,Budew,-15,-52,-59,-10,-16,10,6866
498,Roserade,5,-12,-29,65,19,45,7621
499,Cranidos,12,43,-54,-30,-56,13,9114
500,Rampardos,42,83,-34,5,-36,13,11299
501,Shieldon,-25,-40,24,-18,2,-15,3354
502,Bastiodon,5,-30,74,-13,52,-15,9499
503,Burmy,-15,-53,-49,-31,-41,-9,8158
504,Wormadam (Plant Cloak),5,-23,-9,19,19,-9,1438
505,Wormadam (Sandy Cloak),5,-3,11,-1,-1,-9,238
506,Wormadam (Trash Cloak),5,-13,1,9,9,-9,438
507,Mothim,15,12,-44,34,-36,21,5198
508,Combee,-25,-52,-52,-30,-44,25,9494
509,Vespiquen,15,-2,8,20,16,-5,974
510,Pachirisu,5,-37,-24,-15,4,50,4711
511,Buizel,0,-17,-59,0,-56,40,8506
512,Floatzel,30,23,-39,25,-36,70,9771
513,Cherubi,-10,-47,-49,2,-33,-10,5903
514,Cherrim,15,-22,-24,27,-8,40,3678
515,Shellos,21,-34,-46,-3,-24,-11,4419
516,Gastrodon,56,1,-26,32,-4,-6,4889
517,Ambipom,20,18,-28,0,-20,70,6808
518,Drifloon,35,-32,-60,0,-42,25,8238
519,Drifblim,95,-2,-50,30,-32,35,14678
520,Buneary,0,-16,-50,-16,-30,40,5512
521,Lopunny,10,-6,-10,-6,10,60,3972
522,Lopunny (Mega Lopunny),10,54,0,-6,10,90,11252
523,Mismagius,5,-22,-34,45,19,60,7651
524,Honchkrow,45,43,-42,45,-34,26,9495
525,Glameow,-6,-27,-52,-18,-49,40,7794
526,Purugly,16,0,-30,4,-27,67,6390
527,Chingling,-10,-52,-44,5,-36,0,6061
528,Stunky,8,-19,-47,-19,-45,29,5861
529,Skuntank,48,11,-27,11,-25,39,5421
530,Bronzor,2,-58,-8,-36,0,-22,5212
531,Bronzong,12,7,22,19,30,-12,2082
532,Bonsly,-5,-2,1,-50,-41,-35,5436
533,Mime Jr.,-35,-57,-49,10,4,15,7216
534,Happiny,45,-77,-89,-45,-21,-15,18566
535,Chatot,21,-17,-49,32,-44,46,8207
536,Spiritomb,-5,10,14,32,22,-10,1929
537,Gible,3,-12,-49,-20,-41,-3,4644
538,Gabite,13,8,-29,-10,-31,37,3504
539,Garchomp,53,48,1,20,-1,57,8764
540,Garchomp (Mega Garchomp),53,88,21,60,9,47,16884
541,Munchlax,80,3,-54,-20,-1,-40,11326
542,Riolu,-15,-12,-54,-25,-46,15,6251
543,Lucario,15,28,-24,55,-16,45,6891
544,Lucario (Mega Lucario),15,63,-6,80,-16,67,15375
545,Hippopotas,13,-10,-16,-22,-44,-13,3114
546,Hippowdon,53,30,24,8,-14,2,4549
547,Skorupi,-15,-32,-4,-30,-31,20,3526
548,Drapion,15,8,16,0,-11,50,3166
549,Croagunk,-7,-21,-54,1,-46,5,5548
550,Toxicroak,28,24,-29,26,-21,40,4918
551,Carnivine,19,18,-22,30,-14,1,2266
552,Finneon,-6,-33,-38,-11,-25,21,3756
553,Lumineon,14,-13,-18,9,0,46,2886
554,Mantyke,-10,-62,-44,0,34,5,7061
555,Snover,5,-20,-44,2,-26,-5,3066
556,Abomasnow,35,10,-19,32,-1,15,2936
557,Abomasnow (Mega Abomasnow),35,50,11,72,19,-15,9616
558,Weavile,15,38,-29,-15,-1,80,9136
559,Magnezone,15,-12,21,70,4,15,5951
560,Lickilicky,55,3,1,20,9,5,3541
561,Rhyperior,60,58,36,-5,-31,-5,9271
562,Tangrowth,45,18,31,50,-36,5,7131
563,Electivire,20,41,-27,35,-1,50,6536
564,Magmortar,20,13,-27,65,9,38,7048
565,Togekiss,30,-32,1,60,29,35,7591
566,Yanmega,31,-6,-8,56,-30,50,7597
567,Leafeon,10,28,36,0,-21,50,5121
568,Glaceon,10,-22,16,70,9,20,6221
569,Gliscor,20,13,31,-15,-11,50,4376
570,Mamoswine,55,48,-14,10,-26,35,7526
571,Porygon-Z,30,-2,-24,75,-11,45,9251
572,Gallade,13,43,-29,5,29,35,4950
573,Gallade (Mega Gallade),13,83,1,5,29,65,12150
574,Probopass,5,-27,51,15,64,-5,7701
575,Dusknoir,-10,18,41,5,49,0,4531
576,Froslass,15,-2,-24,20,-16,65,5686
577,Rotom,-5,-32,-17,35,-9,46,4760
578,Rotom (Heat Rotom),-5,-17,13,45,21,41,4630
579,Rotom (Wash Rotom),-5,-17,13,45,21,41,4630
580,Rotom (Frost Rotom),-5,-17,13,45,21,41,4630
581,Rotom (Fan Rotom),-5,-17,13,45,21,41,4630
582,Rotom (Mow Rotom),-5,-17,13,45,21,41,4630
583,Uxie,20,-7,36,15,44,50,6406
584,Mesprit,25,23,11,45,19,35,4886
585,Azelf,20,43,-24,65,-16,70,12206
586,Dialga,45,38,26,90,14,45,14466
587,Dialga (Origin Forme),45,18,26,90,34,45,14306
588,Palkia,35,38,6,90,34,55,14986
589,Palkia (Origin Forme),35,18,6,90,34,75,16466
590,Heatran,36,8,12,70,20,32,7828
591,Regigigas,55,78,16,20,24,55,13366
592,Giratina (Altered Forme),95,18,26,40,34,45,14806
593,Giratina (Origin Forme),95,38,6,60,14,45,16326
594,Cresselia,65,-12,26,15,44,40,8806
595,Phione,25,-2,-14,20,-6,35,2486
596,Manaphy,45,18,6,40,14,55,7206
597,Darkrai,15,8,-4,75,4,80,12346
598,Shaymin (Land Forme),45,18,6,40,14,55,7206
599,Shaymin (Sky Forme),45,21,-19,60,-11,82,13272
600,Arceus,65,38,26,60,34,75,16726
601,Victini,45,18,6,40,14,55,7206
602,Snivy,-10,-37,-39,-15,-31,18,4500
603,Servine,5,-22,-19,0,-11,38,2435
604,Serperior,20,-7,1,15,9,68,5380
605,Tepig,10,-19,-49,-15,-41,0,4768
606,Pignite,35,11,-39,10,-31,10,4028
607,Emboar,55,41,-29,40,-21,20,7988
608,Oshawott,0,-27,-49,3,-41,0,4820
609,Dewott,20,-7,-34,23,-26,15,3035
610,Samurott,40,18,-9,48,-16,25,5190
611,Samurott (Hisuian Samurott),35,26,-14,40,-21,40,5738
612,Patrat,-10,-27,-55,-25,-47,-3,6697
613,Watchog,5,3,-25,0,-17,32,1972
614,Lillipup,-10,-22,-49,-35,-41,10,5991
615,Herdier,10,-2,-29,-25,-21,15,2236
616,Stoutland,30,28,-4,-15,4,35,3166
617,Purrloin,-14,-32,-57,-10,-49,21,7411
618,Liepard,9,6,-44,28,-36,61,7854
619,Pansage,-5,-29,-46,-7,-38,19,4836
620,Simisage,20,16,-31,38,-23,56,6726
621,Pansear,-5,-29,-46,-7,-38,19,4836
622,Simisear,20,16,-31,38,-23,56,6726
623,Panpour,-5,-29,-46,-7,-38,19,4836
624,Simipour,20,16,-31,38,-23,56,6726
625,Munna,21,-57,-49,7,-31,-21,7542
626,Musharna,61,-27,-9,47,9,-16,7077
627,Pidove,-5,-27,-44,-24,-56,-2,6406
628,Tranquill,7,-5,-32,-10,-44,20,3534
629,Unfezant,25,33,-14,5,-31,48,5200
630,Blitzle,-10,-22,-62,-10,-54,31,8405
631,Zebstrika,20,18,-31,20,-23,71,7655
632,Roggenrola,0,-7,-9,-35,-61,-30,5976
633,Boldore,15,23,11,-10,-46,-25,3716
634,Gigalith,30,53,36,0,-6,-20,5441
635,Woobat,10,-37,-51,-5,-43,27,6673
636,Swoobat,12,-25,-39,17,-31,69,8301
637,Drilbur,5,3,-54,-30,-41,23,6060
638,Excadrill,55,53,-34,-10,-21,43,9380
639,Audino,48,-22,-8,0,0,5,2877
640,Audino (Mega Audino),48,-22,32,20,40,5,5837
641,Timburr,20,-2,-39,-35,-51,-10,5851
642,Gurdurr,30,23,-9,-20,-36,-5,3231
643,Conkeldurr,50,58,1,-5,-21,0,6331
644,Tympole,-5,-32,-54,-10,-46,19,6542
645,Palpitoad,20,-17,-39,5,-31,24,3772
646,Seismitoad,50,13,-19,25,-11,29,4617
647,Throh,65,18,-9,-30,-1,0,5531
648,Sawk,20,43,-19,-30,-11,40,5231
649,Sewaddle,-10,-29,-24,-20,-26,-3,2602
650,Swadloon,0,-19,-4,-10,-6,-3,522
651,Leavanny,20,21,-14,10,-6,47,3382
652,Venipede,-25,-37,-35,-30,-47,12,6472
653,Whirlipede,-15,-27,5,-20,-7,2,1432
654,Scolipede,5,18,-5,-5,-17,67,5177
655,Cottonee,-15,-55,-34,-23,-36,21,6672
656,Whimsicott,5,-15,-9,17,-11,71,5782
657,Petilil,-10,-47,-44,10,-36,-15,5866
658,Lilligant,15,-22,-19,50,-11,45,5716
659,Lilligant (Hisuian Lilligant),15,23,-19,-10,-11,60,4936
660,Basculin,15,10,-29,20,-31,53,5336
661,Sandile,-5,-10,-59,-25,-51,20,7232
662,Krokorok,5,0,-49,-15,-41,29,5173
663,Krookodile,40,35,-14,5,-16,47,5511
664,Darumaka,15,8,-49,-45,-41,5,6421
665,Darumaka (Galarian Darumaka),15,8,-49,-45,-41,5,6421
666,Darmanitan (Standard Mode),50,58,-39,-30,-31,50,11746
667,Darmanitan (Zen Mode),50,-52,11,80,19,10,12186
668,Darmanitan (Galarian Standard Mode),50,58,-39,-30,-31,50,11746
669,Darmanitan (Galarian Zen Mode),50,78,-39,-30,-31,90,20066
670,Maractus,20,4,-27,46,-19,15,3847
671,Dwebble,-5,-17,-9,-25,-51,10,3721
672,Crustle,15,23,31,5,-11,0,1861
673,Scraggy,-5,-7,-24,-25,-16,3,1540
674,Scrafty,10,8,21,-15,29,13,1840
675,Sigilyph,17,-24,-14,43,-6,52,5650
676,Yamask,-17,-52,-9,-5,-21,-15,3765
677,Yamask (Galarian Yamask),-17,-27,-9,-30,-21,-15,2665
678,Cofagrigus,3,-32,51,35,19,-15,5445
679,Tirtouga,-1,-4,9,-7,-41,-23,2357
680,Carracosta,19,26,39,23,-21,-13,3697
681,Archen,0,30,-49,14,-41,25,5803
682,Archeops,20,58,-29,52,-21,65,11975
683,Trubbish,-5,-32,-32,-20,-24,20,3449
684,Garbodor,25,13,-12,0,-4,30,1854
685,Zorua,-15,-17,-54,20,-46,20,6346
686,Zorua (Hisuian Zorua),-20,-22,-54,25,-46,25,7166
687,Zoroark,5,23,-34,60,-26,60,9586
688,Zoroark (Hisuian Zoroark),0,18,-34,65,-26,65,10606
689,Minccino,0,-32,-54,-20,-46,30,7356
690,Cinccino,20,13,-34,5,-26,70,7326
691,Gothita,-10,-52,-44,-5,-21,0,5206
692,Gothorita,5,-37,-24,15,-1,10,2296
693,Gothitelle,15,-27,1,35,24,20,3156
694,Solosis,-10,-52,-54,45,-36,-25,9666
695,Duosion,10,-42,-44,65,-26,-15,8926
696,Reuniclus,55,-17,-19,65,-1,-15,8126
697,Ducklett,7,-38,-44,-16,-36,10,5081
698,Swanna,20,5,-31,27,-23,53,5453
699,Vanillite,-19,-32,-44,5,-26,-1,4023
700,Vanillish,-4,-17,-29,20,-11,14,1863
701,Vanilluxe,16,13,-9,50,9,34,4243
702,Deerling,5,-22,-44,-20,-36,30,5041
703,Sawsbuck,25,18,-24,0,-16,50,4281
704,Emolga,0,-7,-34,15,-26,58,5470
705,Karrablast,-5,-7,-49,-20,-41,15,4781
706,Escavalier,15,53,11,0,19,-25,4141
707,Foongus,14,-27,-49,-5,-31,-30,5212
708,Amoonguss,59,3,-24,25,-6,-15,4952
709,Frillish,0,-42,-44,5,-1,-5,3751
710,Jellicent,45,-22,-24,25,19,15,4296
711,Alomomola,110,-7,-14,-20,-41,20,14826
712,Joltik,-5,-35,-44,-3,-36,20,4891
713,Galvantula,15,-5,-34,37,-26,63,7420
714,Ferroseed,-11,-32,-3,-36,0,-35,3675
715,Ferrothorn,19,12,37,-6,30,-25,3435
716,Klink,-15,-27,-24,-15,-26,-15,2656
717,Klang,5,-2,1,10,-1,5,156
718,Klinklang,5,18,21,10,-1,45,2916
719,Tynamo,-20,-27,-54,-15,-46,15,6611
720,Eelektrik,10,3,-24,15,-16,-5,1191
721,Eelektross,30,33,-14,45,-6,5,4271
722,Elgyem,0,-27,-39,25,-31,-15,4061
723,Beheeyem,20,-7,-19,65,9,-5,5141
724,Litwick,-5,-52,-39,5,-31,-25,5861
725,Lampent,5,-42,-34,35,-26,10,4946
726,Chandelure,5,-27,-4,85,4,35,9236
727,Axew,-9,5,-34,-30,-46,12,4422
728,Fraxure,11,35,-24,-20,-36,22,4102
729,Haxorus,21,65,-4,0,-16,52,7642
730,Cubchoo,0,-12,-54,0,-46,-5,5201
731,Beartic,40,48,-14,10,-6,5,4261
732,Cryogonal,25,-32,-44,35,49,60,10811
733,Shelmet,-5,-42,-9,-20,-21,-20,3111
734,Accelgor,25,-12,-54,40,-26,100,15961
735,Stunfisk,54,-16,-10,21,13,-13,4051
736,Stunfisk (Galarian Stunfisk),54,-1,5,6,-2,-13,3151
737,Mienfoo,-10,3,-44,-5,-36,20,3766
738,Mienshao,10,43,-34,35,-26,60,8606
739,Druddigon,22,38,-4,0,4,3,1969
740,Golett,4,-8,-44,-25,-36,-10,4037
741,Golurk,34,42,-14,-5,-6,10,3277
742,Pawniard,-10,3,-24,-20,-46,15,3426
743,Bisharp,10,43,6,0,-16,25,2866
744,Bouffalant,40,28,1,-20,9,10,2966
745,Rufflet,15,1,-44,-23,-36,15,4212
746,Braviary,45,41,-19,-3,-11,35,5422
747,Braviary (Hisuian Braviary),55,1,-24,52,-16,20,6962
748,Vullaby,15,-27,-19,-15,-21,15,2206
749,Mandibuzz,55,-17,11,-5,9,35,4766
750,Heatmor,30,15,-28,45,-20,20,4734
751,Durant,3,27,18,-12,-38,64,6746
752,Deino,-3,-17,-44,-15,-36,-7,3804
753,Zweilous,17,3,-24,5,-16,13,1324
754,Hydreigon,37,23,-4,65,4,53,8964
755,Larvesta,0,3,-39,-10,-31,15,2816
756,Volcarona,30,-22,-29,75,19,55,11236
757,Cobalion,36,8,35,30,-14,63,7650
758,Terrakion,36,47,-4,12,4,63,7650
759,Virizion,36,8,-22,30,43,63,8562
760,Tornadus (Incarnate Forme),24,33,-24,65,-6,66,10858
761,Tornadus (Therian Forme),24,18,-14,50,4,76,9388
762,Thundurus (Incarnate Forme),24,33,-24,65,-6,66,10858
763,Thundurus (Therian Forme),24,23,-24,85,-6,56,12078
764,Reshiram,45,38,6,90,34,45,14786
765,Zekrom,45,68,26,60,14,45,13146
766,Landorus (Incarnate Forme),34,43,-4,55,-6,56,9218
767,Landorus (Therian Forme),34,63,-4,45,-6,46,9318
768,Kyurem,70,48,-4,70,4,50,14636
769,Kyurem (Black Kyurem),70,88,6,60,4,50,18796
770,Kyurem (White Kyurem),70,38,-4,110,14,50,21156
771,Keldeo,36,-10,-4,69,4,63,10158
772,Meloetta (Aria Forme),45,-5,-17,68,42,45,10752
773,Meloetta (Pirouette Forme),45,46,-4,17,-9,83,11416
774,Genesect,16,38,1,60,9,54,8298
775,Chespin,1,-21,-29,-12,-41,-7,3157
776,Quilladin,6,-4,1,-4,-28,12,997
777,Chesnaught,33,25,28,14,-11,19,3176
778,Fennekin,-15,-37,-54,2,-26,15,5415
779,Braixen,4,-23,-36,30,-16,28,3781
780,Delphox,20,-13,-22,54,14,59,7646
781,Froakie,-14,-26,-54,2,-42,26,6232
782,Frogadier,-1,-19,-42,23,-30,52,6259
783,Greninja,17,13,-27,43,-15,77,9190
784,Greninja (Ash-Greninja),17,63,-27,93,-15,87,21430
785,Bunnelby,-17,-46,-56,-28,-50,12,8969
786,Diggersby,30,-26,-17,-10,-9,33,3135
787,Fletchling,-10,-32,-51,-20,-48,17,6718
788,Fletchinder,7,-9,-39,-4,-34,39,4344
789,Talonflame,23,-1,-23,14,-17,81,8105
790,Scatterbug,-17,-47,-54,-33,-61,-10,10324
791,Spewpa,-10,-60,-34,-33,-56,-16,9337
792,Vivillon,25,-30,-44,30,-36,44,7593
793,Litleo,7,-32,-36,13,-32,27,4291
794,Pyroar,31,-14,-22,49,-20,61,8163
795,Flabébé,-11,-44,-55,1,-7,-3,5141
796,Floette,-1,-37,-47,15,12,7,3997
797,Florges,23,-17,-26,52,68,30,9722
798,Skiddo,11,-17,-46,2,-29,7,3420
799,Gogoat,68,18,-32,37,-5,23,7895
800,Pancham,12,0,-32,-14,-38,-2,2812
801,Pangoro,40,42,-16,9,-15,13,4095
802,Furfrou,20,-2,-34,5,4,57,4850
803,Espurr,7,-34,-40,3,-26,23,4019
804,Meowstic,19,-34,-18,23,-5,59,5876
805,Honedge,-10,-2,6,-25,-49,-17,3455
806,Doublade,4,28,56,-15,-37,-10,5630
807,Aegislash (Shield Forme),5,-32,46,-10,54,15,6406
808,Aegislash (Blade Forme),5,58,-44,80,-36,15,13246
809,Spritzee,23,-30,-34,3,-21,-22,3519
810,Aromatisse,46,-10,-22,39,3,-16,4486
811,Swirlix,7,-34,-28,-1,-29,4,2847
812,Slurpuff,27,-2,-8,25,-11,27,2272
813,Inkay,-2,-28,-41,-23,-40,0,4598
814,Malamar,31,10,-6,8,-11,28,2066
815,Binacle,-13,-30,-27,-21,-30,5,3164
816,Barbaracle,17,23,21,-6,0,23,1824
817,Skrelp,-5,-22,-34,0,-26,-15,2566
818,Dragalge,10,-7,-4,37,37,-1,2904
819,Clauncher,-5,-29,-32,-2,-23,-1,2424
820,Clawitzer,16,-9,-6,60,3,14,4178
821,Helioptile,-11,-44,-61,1,-43,25,8253
822,Heliolisk,7,-27,-42,49,8,64,9103
823,Tyrunt,3,7,-17,-15,-41,3,2262
824,Tyrantrum,27,39,25,9,-27,26,4361
825,Amaura,22,-23,-44,7,-23,1,3528
826,Aurorus,68,-5,-22,39,6,13,6859
827,Sylveon,40,-17,-29,50,44,15,7391
828,Hawlucha,23,10,-19,14,-23,73,7044
829,Dedenne,12,-24,-37,21,-19,56,6027
830,Carbink,-5,-32,56,-10,64,5,8406
831,Goomy,-10,-32,-59,-5,-11,-5,4776
832,Sliggoo,13,-7,-41,23,27,15,3382
833,Sliggoo (Hisuian Sliggoo),3,-7,-11,23,27,-5,1462
834,Goodra,35,18,-24,50,64,35,9946
835,Goodra (Hisuian Goodra),25,18,6,50,64,15,7806
836,Klefki,2,-2,-3,20,1,30,1318
837,Phantump,-12,-12,-46,-10,-26,-7,3229
838,Trevenant,30,28,-18,5,-4,11,2170
839,Pumpkaboo (Small Size),-11,-16,-24,-16,-31,11,2291
840,Pumpkaboo (Average Size),-6,-16,-24,-16,-31,6,2121
841,Pumpkaboo (Large Size),-1,-16,-24,-16,-31,1,2051
842,Pumpkaboo (Super Size),4,-16,-24,-16,-31,-4,2081
843,Gourgeist (Small Size),0,3,28,-2,-11,54,3834
844,Gourgeist (Average Size),10,8,28,-2,-11,39,2594
845,Gourgeist (Large Size),20,13,28,-2,-11,24,2054
846,Gourgeist (Super Size),30,18,28,-2,-11,9,2214
847,Bergmite,0,-13,-9,-28,-51,-17,3924
848,Avalugg,40,35,90,-16,-40,-17,13070
849,Avalugg (Hisuian Avalugg),40,45,90,-26,-50,-7,14950
850,Noibat,-15,-52,-59,-15,-46,10,8851
851,Noivern,30,-12,-14,37,-6,78,8729
852,Xerneas,71,49,1,71,12,54,15544
853,Yveltal,71,49,1,71,12,54,15544
854,Zygarde (50% Forme),53,18,27,21,9,50,6884
855,Zygarde (10% Forme),-1,18,-23,1,-1,70,5756
856,Zygarde (Complete Forme),161,18,27,31,9,40,29616
857,Diancie,-5,18,56,40,64,5,9206
858,Diancie (Mega Diancie),-5,78,16,100,24,65,21166
859,Hoopa (Hoopa Confined),25,28,-34,90,44,25,13226
860,Hoopa (Hoopa Unbound),25,78,-34,110,44,35,23126
861,Volcanion,25,28,26,70,4,25,7626
862,Rowlet,13,-27,-39,-10,-36,-3,3824
863,Dartrix,23,-7,-19,10,-16,7,1344
864,Decidueye,23,25,-19,40,14,25,3936
865,Decidueye (Hisuian Decidueye),33,30,-14,35,9,15,3716
866,Litten,-10,-17,-54,0,-46,25,6046
867,Torracat,10,3,-44,20,-36,45,5766
868,Incineroar,40,33,-4,20,4,15,3346
869,Popplio,-5,-28,-40,6,-30,-5,3370
870,Brionne,5,-13,-25,31,-5,5,1830
871,Primarina,25,-8,-20,66,30,15,6570
872,Pikipek,-20,-7,-64,-30,-56,20,8981
873,Trumbeak,0,3,-44,-20,-36,30,4541
874,Toucannon,25,38,-19,15,-11,15,3001
875,Yungoos,-7,-12,-64,-30,-56,0,8325
876,Gumshoos,33,28,-34,-5,-26,0,3730
877,Grubbin,-8,-20,-49,-5,-41,1,4572
878,Charjabug,2,0,1,-5,-11,-9,232
879,Vikavolt,22,-12,-4,85,-11,-2,7994
880,Crabrawler,-8,0,-37,-18,-39,18,3602
881,Crabominable,42,50,-17,2,-19,-2,4922
882,Oricorio,20,-12,-24,38,-16,48,5124
883,Cutiefly,-15,-37,-54,-5,-46,39,8172
884,Ribombee,5,-27,-34,35,-16,79,9632
885,Rockruff,-10,-17,-54,-30,-46,15,6546
886,Lycanroc (Midday Form),20,33,-29,-5,-21,67,7285
887,Lycanroc (Midnight Form),30,33,-19,-5,-11,37,3865
888,Lycanroc (Dusk Form),20,35,-29,-5,-21,65,7157
889,Wishiwashi (Solo Form),-10,-62,-74,-35,-61,-5,14391
890,Wishiwashi (School Form),-10,58,36,80,49,-15,13786
891,Mareanie,-5,-29,-32,-17,-34,0,3335
892,Toxapex,-5,-19,58,-7,56,-10,7035
893,Mudbray,15,18,-24,-15,-31,0,2311
894,Mudsdale,45,43,6,-5,-1,-10,4036
895,Dewpider,-17,-42,-42,-20,-14,-18,4737
896,Araquanid,13,-12,-2,-10,46,-3,2542
897,Fomantis,-15,-27,-59,-10,-51,-10,7236
898,Lurantis,15,23,-4,20,4,0,1186
899,Morelull,-15,-47,-39,5,-11,-30,5001
900,Shiinotic,5,-37,-14,30,14,-15,2911
901,Salandit,-7,-38,-54,11,-46,32,7670
902,Salazzle,13,-18,-34,51,-26,72,10110
903,Stufful,15,-7,-44,-15,-36,5,3756
904,Bewear,65,43,-14,-5,-26,15,7196
905,Bounsweet,-13,-52,-56,-30,-48,-13,9382
906,Steenee,-3,-42,-46,-20,-38,17,6022
907,Tsareena,17,38,4,-10,12,27,2722
908,Comfey,-4,-30,-4,22,24,55,5017
909,Oranguru,35,-22,-14,30,24,15,3606
910,Passimian,45,38,-4,-20,-26,35,5786
911,Wimpod,-30,-47,-54,-40,-56,35,11986
912,Golisopod,20,43,46,0,4,-5,4406
913,Sandygast,0,-27,-14,10,-41,-30,3606
914,Palossand,30,-7,16,40,-11,-10,3026
915,Pyukumuku,0,-22,36,-30,44,-40,6216
916,Type: Null,40,13,1,35,9,14,3272
917,Silvally,40,13,1,35,9,50,5576
918,Minior (Meteor Form),5,-22,6,0,14,15,966
919,Minior (Core),5,18,-34,40,-26,75,9406
920,Komala,10,33,-29,15,9,20,2736
921,Turtonator,5,-4,41,31,-1,-9,2765
922,Togedemaru,10,16,-31,-20,-13,51,4487
923,Mimikyu,0,8,-14,-10,19,51,3322
924,Bruxish,13,23,-24,10,-16,47,3839
925,Drampa,23,-22,-9,75,5,-9,6825
926,Dhelmise,15,49,6,26,4,-5,3379
927,Jangmo-o,-10,-27,-29,-15,-41,0,3576
928,Hakamo-o,0,-7,-4,5,-16,20,746
929,Kommo-o,20,28,31,40,19,40,5706
930,Tapu Koko,15,33,-9,35,-11,85,9966
931,Tapu Lele,15,3,-19,70,29,50,8836
932,Tapu Bulu,15,48,21,25,9,30,4576
933,Tapu Fini,15,-7,21,35,44,40,5476
934,Cosmog,-12,-53,-63,-31,-55,-8,10972
935,Cosmoem,-12,-53,37,-31,45,-8,7372
936,Solgaleo,82,55,13,53,3,52,15440
937,Lunala,82,31,-5,77,21,52,16784
938,Nihilego,54,-29,-47,67,45,58,15844
939,Buzzwole,52,57,45,-7,-33,34,10272
940,Pheromosa,16,55,-57,77,-49,106,26096
941,Xurkitree,28,7,-23,113,-15,38,15800
942,Celesteela,42,19,9,47,15,16,4896
943,Kartana,4,99,37,-1,-55,64,18308
944,Guzzlord,168,19,-41,37,-33,-2,32728
945,Necrozma,42,25,7,67,3,34,8092
946,Necrozma (Dusk Mane Necrozma),42,75,33,53,23,32,12840
947,Necrozma (Dawn Wings Necrozma),42,31,15,97,41,32,15064
948,Necrozma (Ultra Necrozma),42,85,3,107,11,84,27624
949,Magearna,25,13,21,70,29,20,7376
950,Marshadow,35,43,-14,30,4,80,10586
951,Poipole,12,-9,-27,13,-19,28,2268
952,Naganadel,18,-9,-21,67,-13,76,11280
953,Stakataka,6,49,117,-7,15,-32,17424
954,Blacephalon,-2,45,-41,91,-7,62,15884
955,Zeraora,33,30,-19,42,-6,98,13754
956,Meltan,-9,-17,-29,-5,-51,-11,3958
957,Melmetal,80,61,49,20,-21,-11,13484
958,Grookey,-5,-17,-44,-20,-46,20,5166
959,Thwackey,15,3,-24,-5,-26,35,2736
960,Rillaboom,45,43,-4,0,-16,40,5746
961,Scorbunny,-5,-11,-54,-20,-46,24,6154
962,Raboot,10,4,-34,-5,-26,49,4374
963,Cinderace,25,34,-19,5,-11,74,7764
964,Sobble,-5,-42,-54,10,-46,25,7546
965,Drizzile,10,-22,-39,35,-31,45,6316
966,Inteleon,15,3,-29,65,-21,75,11366
967,Skwovet,15,-27,-39,-25,-51,-20,6101
968,Greedent,65,13,1,-5,-11,-25,5166
969,Rookidee,-17,-35,-59,-27,-51,12,8469
970,Corvisquire,13,-15,-39,-17,-31,32,4189
971,Corviknight,43,5,11,-7,-1,22,2529
972,Blipbug,-30,-62,-74,-35,-41,0,13126
973,Dottler,-5,-47,-14,-10,4,-15,2771
974,Orbeetle,5,-37,16,20,34,45,5231
975,Nickit,-15,-54,-66,-13,-34,5,8847
976,Thievul,15,-24,-36,27,6,45,4887
977,Gossifleur,-15,-42,-34,-20,-26,-35,5446
978,Eldegoss,5,-32,-4,20,34,15,2846
979,Wooloo,-13,-42,-39,-20,-41,3,5544
980,Dubwool,17,-2,6,0,4,43,2194
981,Chewtle,-5,-18,-44,-22,-48,-1,5074
982,Drednaw,35,33,-4,-12,-18,29,3639
983,Yamper,4,-37,-44,-20,-36,-19,5378
984,Boltund,14,8,-34,30,-26,76,8768
985,Rolycoly,-25,-42,-44,-20,-36,-15,6246
986,Carkol,25,-22,-4,0,-16,5,1406
987,Coalossal,55,-2,26,20,4,-15,4346
988,Applin,-15,-42,-14,-20,-46,-25,5326
989,Flapple,15,28,-14,35,-26,25,3731
990,Appletun,55,3,-14,40,-6,-15,5091
991,Silicobra,-3,-25,-19,-25,-36,1,2917
992,Sandaconda,17,25,31,5,-16,26,2832
993,Cramorant,15,3,-39,25,9,40,4061
994,Arrokuda,-14,-19,-54,-20,-56,21,7450
995,Barraskewda,6,41,-34,0,-36,91,12450
996,Toxel,-15,-44,-59,-6,-51,-5,8304
997,Toxtricity,20,16,-24,54,-16,30,5304
998,Sizzlipede,-5,-17,-49,-10,-36,0,4111
999,Centiskorch,45,33,-29,30,4,20,5271
1000,Clobbopus,-5,-14,-34,-10,-36,-13,2942
1001,Grapploct,25,36,-4,10,-6,-3,2082
1002,Sinistea,-15,-37,-49,14,-32,5,5240
1003,Polteageist,5,-17,-29,74,28,25,8040
1004,Hatenna,-13,-52,-49,-4,-33,-6,6415
1005,Hattrem,2,-42,-29,26,-13,4,3470
1006,Hatterene,2,8,1,76,17,-16,6390
1007,Impidimp,-10,-37,-64,-5,-46,5,7731
1008,Morgrem,10,-22,-49,15,-31,25,4796
1009,Grimmsnarl,40,38,-29,35,-11,15,5456
1010,Obstagoon,38,8,7,0,-5,50,4082
1011,Perrserker,15,28,6,-10,-26,5,1846
1012,Cursola,5,13,-44,85,44,-15,11516
1013,Sirfetch'd,7,53,1,8,-4,20,3339
1014,Mr. Rime,25,3,-19,50,14,25,4316
1015,Runerigus,3,13,51,-10,19,-15,3465
1016,Milcery,-10,-42,-54,-10,-25,-11,5626
1017,Alcremie,10,-22,-19,50,35,19,5031
1018,Falinks,10,18,6,10,-26,30,2136
1019,Pincurchin,-7,19,1,31,-1,-30,2273
1020,Snom,-25,-57,-59,-15,-56,-25,11341
1021,Frosmoth,15,-17,-34,65,4,20,6311
1022,Stonjourner,45,43,41,-40,-66,25,12136
1023,Eiscue (Ice Face),20,-2,16,5,4,5,726
1024,Eiscue (Noice Face),20,-2,-24,5,-36,85,9526
1025,Indeedee (Male),5,-17,-39,45,9,50,6441
1026,Indeedee (Female),15,-27,-29,35,19,40,4981
1027,Morpeko,3,13,-36,10,-28,52,5062
1028,Cufant,17,-2,-45,-20,-37,-5,4112
1029,Copperajah,67,48,-25,20,-17,-15,8332
1030,Dracozolt,35,18,-4,20,-16,30,3121
1031,Arctozolt,35,18,-4,30,-6,10,2601
1032,Dracovish,35,8,6,10,-6,30,2361
1033,Arctovish,35,8,6,20,4,10,1841
1034,Duraludon,15,13,21,60,-36,40,7331
1035,Dreepy,-27,-22,-64,-20,-56,37,10214
1036,Drakloak,13,-2,-44,0,-36,57,6654
1037,Dragapult,33,38,-19,40,-11,97,14024
1038,Zacian (Hero of Many Battles),37,38,21,20,29,93,13144
1039,Zacian (Crowned Sword),37,68,21,20,29,103,18284
1040,Zamazenta (Hero of Many Battles),37,38,21,20,29,93,13144
1041,Zamazenta (Crowned Shield),37,38,46,20,54,83,15134
1042,Eternatus,85,3,1,85,9,85,21766
1043,Eternatus (Eternamax Eternatus),200,33,156,65,164,85,103771
1044,Kubfu,5,8,-34,-7,-36,27,3319
1045,Urshifu,45,48,6,3,-26,52,7754
1046,Zarude,50,38,11,10,9,60,7846
1047,Regieleki,25,18,-44,40,-36,155,29806
1048,Regidrago,145,18,-44,40,-36,35,27406
1049,Glastrier,45,63,36,5,24,-15,8116
1050,Spectrier,45,-17,-34,85,-6,85,17956
1051,Calyrex,45,-2,-14,20,-6,35,3886
1052,Calyrex (Ice Rider Calyrex),45,83,56,25,44,5,14636
1053,Calyrex (Shadow Rider Calyrex),45,3,-14,105,14,105,24476
1054,Wyrdeer,48,23,-22,45,-11,20,5863
1055,Kleavor,15,53,1,-15,-16,40,5116
1056,Ursaluna,75,58,11,-15,-6,5,9396
1057,Basculegion (Male),65,30,-29,20,-11,33,7576
1058,Basculegion (Female),65,10,-29,40,-11,33,7976
1059,Sneasler,25,48,-34,-20,-6,75,10146
1060,Overqwil,30,33,1,5,-21,40,4056
1061,Enamorus (Incarnate Forme),19,33,-24,75,-6,61,11408
1062,Enamorus (Therian Forme),19,33,16,75,14,1,7528
1063,Sprigatito,-15,-21,-40,-15,-41,20,4572
1064,Floragato,6,-2,-31,0,-23,38,2974
1065,Meowscarada,21,28,-24,21,-16,78,8582
1066,Fuecoco,12,-37,-35,3,-46,-9,4944
1067,Crocalor,26,-27,-16,30,-28,4,3361
1068,Skeledirge,49,-7,6,50,-11,21,5548
1069,Quaxly,0,-17,-49,-10,-41,5,4496
1070,Quaxwell,15,3,-29,5,-26,20,2176
1071,Quaquaval,30,38,-14,25,-11,40,4886
1072,Lechonk,-1,-37,-54,-25,-41,-10,6692
1073,Oinkologne (Male),55,18,-19,-1,-6,20,4147
1074,Oinkologne (Female),60,8,-24,-1,4,20,4657
1075,Tarountula,-20,-41,-49,-31,-46,-25,8184
1076,Spidops,5,-3,-2,-8,0,-10,202
1077,Nymble,-22,-36,-54,-39,-61,0,9938
1078,Lokix,16,20,-16,-8,-31,47,4146
1079,Pawmi,-10,-32,-74,-20,-61,15,10946
1080,Pawmo,5,-7,-54,-10,-46,40,6806
1081,Pawmot,15,33,-24,10,-26,60,6266
1082,Tandemaus,-5,-32,-49,-20,-41,30,6431
1083,Maushold,19,-7,-24,5,-11,66,5488
1084,Fidough,-18,-27,-24,-30,-31,20,3890
1085,Dachsbun,2,-2,21,-10,-6,50,3085
1086,Smoliv,-14,-47,-49,-2,-35,-15,6260
1087,Dolliv,-3,-29,-34,18,-8,-12,2538
1088,Arboliva,23,-13,-4,65,23,-6,5504
1089,Squawkabilly,27,14,-43,-15,-35,47,6433
1090,Nacli,0,-27,-19,-25,-51,-20,4716
1091,Naclstack,5,-22,6,-25,-21,-10,1711
1092,Garganacl,45,18,36,-15,4,-10,3986
1093,Charcadet,-15,-32,-54,-10,-46,-10,6481
1094,Armarouge,30,-22,6,65,-6,30,6581
1095,Ceruledge,20,43,-14,0,14,40,4241
1096,Tadbulb,6,-51,-53,-1,-51,0,8048
1097,Bellibolt,54,-18,-3,43,-3,0,5107
1098,Wattrel,-15,-42,-59,-5,-46,25,8236
1099,Kilowattrel,15,-12,-34,45,-26,80,10626
1100,Maschiff,5,-4,-34,-20,-35,6,2858
1101,Mabosstiff,25,38,-4,0,-16,40,3941
1102,Shroodle,-15,-17,-59,-20,-51,30,7896
1103,Grafaiai,8,13,-29,20,-14,65,5895
1104,Bramblin,-15,-17,-64,-15,-51,15,7661
1105,Brambleghast,0,33,-24,20,-16,45,4346
1106,Toedscool,-15,-42,-59,-10,14,25,6391
1107,Toedscruel,25,-12,-29,20,34,55,6191
1108,Klawf,15,18,21,-25,-31,30,3476
1109,Capsakid,-5,-20,-54,2,-46,5,5486
1110,Scovillain,10,26,-29,48,-21,30,5262
1111,Rellor,-14,-32,-34,-29,-28,-15,4226
1112,Rabsca,20,-32,-9,55,14,0,4726
1113,Flittle,-25,-47,-64,-5,-56,30,10991
1114,Espathra,40,-22,-34,41,-26,60,9197
1115,Tinkatink,-5,-37,-49,-25,-22,13,5073
1116,Tinkatuff,10,-27,-39,-15,-4,33,3680
1117,Tinkaton,30,-7,-17,10,19,49,4100
1118,Wiglett,-45,-27,-69,-25,-61,50,14361
1119,Wugtrio,-20,18,-44,-10,-16,75,8641
1120,Bombirdier,15,21,-9,0,-1,37,2117
1121,Finizen,15,-37,-54,-15,-46,30,7751
1122,Palafin,45,-12,-22,-7,-24,55,6303
1123,Palafin,45,78,3,46,1,55,13260
1124,Varoom,-10,-12,-31,-30,-41,2,3790
1125,Revavroom,25,37,-4,-6,-19,45,4432
1126,Cyclizar,15,13,-29,25,-21,76,8077
1127,Orthworm,15,3,51,0,-31,20,4196
1128,Glimmet,-7,-47,-52,45,-26,15,7888
1129,Glimmora,28,-27,-4,70,-5,41,8135
1130,Greavard,-5,-21,-34,-30,-31,-11,3604
1131,Houndstone,17,19,6,-10,11,23,1436
1132,Flamigo,27,33,-20,15,-22,45,4952
1133,Cetoddle,53,-14,-49,-30,-46,-2,8426
1134,Cetitan,115,31,-29,-15,-31,28,16997
1135,Veluza,35,20,-21,18,-21,25,3456
1136,Dondozo,95,18,21,5,-21,-10,10356
1137,Tatsugiri,13,-32,-34,60,9,37,7399
1138,Annihilape,55,33,-14,-10,4,45,6451
1139,Clodsire,75,-7,-34,-15,14,-25,7876
1140,Farigiraf,65,8,-24,50,-16,15,7846
1141,Dudunsparce,70,18,-14,25,-11,10,6266
1142,Kingambit,45,53,26,0,-1,5,5536
1143,Great Tusk,60,49,37,-7,-33,42,10272
1144,Scream Tail,60,-17,5,5,29,66,9136
1145,Brute Bonnet,56,45,5,19,13,10,5816
1146,Flutter Mane,0,-27,-39,75,49,90,18376
1147,Slither Wing,30,53,-15,25,19,36,6216
1148,Sandy Shocks,30,-1,3,61,-1,56,7768
1149,Iron Treads,35,30,26,12,-16,61,6922
1150,Iron Bundle,1,-2,20,64,-26,91,13458
1151,Iron Hands,99,58,14,-10,-18,5,13810
1152,Iron Jugulis,39,-2,-8,62,-6,63,9438
1153,Iron Moth,25,-12,-34,80,24,65,13126
1154,Iron Thorns,45,52,16,10,-2,27,5818
1155,Frigibax,10,-7,-49,-25,-41,10,4956
1156,Arctibax,35,13,-28,-15,-21,17,3133
1157,Baxcalibur,60,63,-2,15,0,42,9562
1158,Gimmighoul (Chest Form),-10,-52,-24,15,-16,-35,5086
1159,Gimmighoul (Roaming Form),-10,-52,-69,15,-41,35,10696
1160,Gholdengo,32,-22,1,73,5,39,8384
1161,Wo-Chien,30,3,6,35,49,25,5196
1162,Chien-Pao,25,38,-14,30,-21,90,11706
1163,Ting-Lu,100,28,31,-5,-6,0,11806
1164,Chi-Yu,0,-2,-14,75,34,55,10006
1165,Roaring Moon,50,57,-23,-5,15,74,12004
1166,Iron Valiant,19,48,-4,60,-26,71,11998
1167,Koraidon,45,53,21,25,14,90,14196
1168,Miraidon,45,3,6,75,29,90,16636
