Evan Sooklal vs. Pokemon SSE,pokemon,D_HP,D_ATK,D_DEF,D_SPA,D_SPD,D_SPE,SSE
0,Bulbasaur,-40,-21,-11,-5,-16,2,2447
1,Ivysaur,-25,-8,3,10,-1,17,1088
2,Venusaur,-5,12,23,30,19,37,3328
3,Venusaur (Mega Venusaur),-5,30,63,52,39,37,10488
4,Charmander,-46,-18,-17,-10,-31,22,4274
5,Charmeleon,-27,-6,-2,10,-16,37,2494
6,Charizard,-7,14,18,39,4,57,5355
7,Charizard (Mega Charizard X),-7,60,51,60,4,57,13115
8,Charizard (Mega Charizard Y),-7,34,18,89,34,57,13855
9,Squirtle,-41,-22,5,-20,-17,0,2879
10,Wartortle,-26,-7,20,-5,-1,15,1376
11,Blastoise,-6,13,40,15,24,35,3831
12,Blastoise (Mega Blastoise),-6,33,60,65,34,35,11331
13,Caterpie,-40,-40,-25,-50,-61,2,10050
14,Metapod,-35,-50,-5,-45,-56,-13,9080
15,Butterfree,-25,-25,-10,20,-1,27,2480
16,Weedle,-45,-35,-30,-50,-61,7,10420
17,Kakuna,-40,-45,-10,-45,-56,-8,8950
18,Beedrill,-20,20,-20,-25,-1,32,2850
19,Beedrill (Mega Beedrill),-20,80,-20,-55,-1,102,20630
20,Pidgey,-45,-25,-20,-35,-46,13,6560
21,Pidgeotto,-22,-10,-5,-20,-31,28,2754
22,Pidgeot,-2,10,15,0,-11,58,3814
23,Pidgeot (Mega Pidgeot),-2,10,20,65,-1,78,10814
24,Rattata,-55,-14,-25,-45,-46,29,8828
25,Rattata (Alolan Rattata),-55,-14,-25,-45,-46,29,8828
26,Raticate,-30,11,0,-20,-11,54,4458
27,Raticate (Alolan Raticate),-10,1,10,-30,-1,34,2258
28,Spearow,-45,-10,-30,-39,-50,27,7775
29,Fearow,-20,20,5,-9,-20,57,4555
30,Ekans,-50,-10,-16,-30,-27,12,4629
31,Arbok,-25,25,9,-5,-2,37,2729
32,Pikachu,-50,-15,-20,-20,-31,47,6695
33,Pikachu (Partner Pikachu),-40,10,-10,5,-21,77,8195
34,Raichu,-25,20,-5,20,-1,67,5940
35,Raichu (Alolan Raichu),-25,15,-10,25,4,67,6080
36,Sandshrew,-35,5,25,-50,-51,-3,6985
37,Sandshrew (Alolan Sandshrew),-35,5,30,-60,-46,-3,7875
38,Sandslash,-10,30,50,-25,-26,22,5285
39,Sandslash (Alolan Sandslash),-10,30,60,-45,-16,22,7365
40,Nidoran♀,-30,-23,-8,-30,-41,-2,4078
41,Nidorina,-15,-8,7,-15,-26,13,1408
42,Nidoqueen,5,22,27,5,4,33,2368
43,Nidoran♂,-39,-13,-20,-30,-41,7,4720
44,Nidorino,-24,2,-3,-15,-26,22,1974
45,Nidoking,-4,32,17,15,-6,42,3354
46,Clefairy,-15,-25,-12,-10,-16,-8,1414
47,Clefable,10,0,13,25,9,17,1264
48,Vulpix,-47,-29,-20,-20,-16,22,4590
49,Vulpix (Alolan Vulpix),-47,-29,-20,-20,-16,22,4590
50,Ninetales,-12,6,15,11,19,57,4136
51,Ninetales (Alolan Ninetales),-12,-3,15,11,19,66,5216
52,Jigglypuff,30,-25,-40,-25,-56,-23,7415
53,Wigglytuff,55,0,-15,15,-31,2,4440
54,Zubat,-45,-25,-25,-40,-41,12,6700
55,Golbat,-10,10,10,-5,-6,47,2570
56,Oddish,-40,-20,-5,5,-16,-13,2475
57,Gloom,-25,-5,10,15,-6,-3,1020
58,Vileplume,-10,10,25,40,9,7,2555
59,Paras,-50,0,-5,-25,-26,-18,4150
60,Parasect,-25,25,20,-10,-1,-13,1920
61,Venonat,-25,-15,-10,-30,-26,2,2530
62,Venomoth,-15,-5,0,20,-6,47,2895
63,Diglett,-75,-15,-35,-35,-36,52,12300
64,Diglett (Alolan Diglett),-75,-15,-30,-35,-36,47,11480
65,Dugtrio,-50,30,-10,-20,-11,77,9950
66,Dugtrio (Alolan Dugtrio),-50,30,0,-20,-11,67,8410
67,Meowth,-45,-25,-25,-30,-41,47,8065
68,Meowth (Alolan Meowth),-45,-35,-25,-20,-41,47,8165
69,Meowth (Galarian Meowth),-35,-5,-5,-30,-41,-3,3865
70,Persian,-20,0,0,-5,-16,72,5865
71,Persian (Alolan Persian),-20,-10,0,5,-16,72,5965
72,Psyduck,-35,-18,-12,-5,-31,12,2823
73,Golduck,-5,12,18,25,-1,42,2883
74,Mankey,-45,10,-25,-35,-36,27,6000
75,Primeape,-20,35,0,-10,-11,52,4550
76,Growlithe,-30,0,-15,0,-31,17,2375
77,Growlithe (Hisuian Growlithe),-25,5,-15,-5,-31,12,2005
78,Arcanine,5,40,20,30,-1,52,5630
79,Arcanine (Hisuian Arcanine),10,45,20,25,-1,47,5360
80,Poliwag,-45,-20,-20,-30,-41,47,7615
81,Poliwhirl,-20,-5,5,-20,-31,47,4020
82,Poliwrath,5,25,35,0,9,27,2685
83,Abra,-60,-50,-45,35,-26,47,12235
84,Kadabra,-45,-35,-30,50,-11,62,10615
85,Alakazam,-30,-20,-15,65,14,77,11875
86,Alakazam (Mega Alakazam),-30,-20,5,105,24,107,24375
87,Machop,-15,10,-10,-35,-46,-8,3830
88,Machoke,-5,30,10,-20,-21,2,1870
89,Machamp,5,60,20,-5,4,12,4210
90,Bellsprout,-35,5,-25,0,-51,-3,4485
91,Weepinbell,-20,20,-10,15,-36,12,2565
92,Victreebel,-5,35,5,30,-11,27,3025
93,Tentacool,-45,-30,-25,-20,19,27,5040
94,Tentacruel,-5,0,5,10,39,57,4920
95,Geodude,-45,10,40,-40,-51,-23,8455
96,Geodude (Alolan Geodude),-45,10,40,-40,-51,-23,8455
97,Graveler,-30,25,55,-25,-36,-8,6535
98,Graveler (Alolan Graveler),-30,25,55,-25,-36,-8,6535
99,Golem,-5,50,70,-15,-16,2,7910
100,Golem (Alolan Golem),-5,50,70,-15,-16,2,7910
101,Ponyta,-35,15,-5,-5,-16,47,3965
102,Ponyta (Galarian Ponyta),-35,15,-5,-5,-16,47,3965
103,Rapidash,-20,30,10,10,-1,62,5345
104,Rapidash (Galarian Rapidash),-20,30,10,10,-1,62,5345
105,Slowpoke,5,-5,5,-30,-41,-28,3440
106,Slowpoke (Galarian Slowpoke),5,-5,5,-30,-41,-28,3440
107,Slowbro,10,5,50,30,-1,-13,3695
108,Slowbro (Mega Slowbro),10,5,120,60,-1,-13,18295
109,Slowbro (Galarian Slowbro),10,30,35,30,-11,-13,3415
110,Magnemite,-60,-35,10,25,-26,2,6230
111,Magneton,-35,-10,35,50,-11,27,5900
112,Farfetch'd,-33,20,-5,-12,-19,17,2308
113,Farfetch'd (Galarian Farfetch'd),-33,25,-5,-12,-19,12,2388
114,Doduo,-50,15,-15,-35,-46,32,7315
115,Dodrio,-25,40,10,-10,-21,67,7355
116,Seel,-20,-25,-5,-25,-11,2,1800
117,Dewgong,5,0,20,0,14,27,1350
118,Grimer,-5,10,-10,-30,-31,-18,2410
119,Grimer (Alolan Grimer),-5,10,-10,-30,-31,-18,2410
120,Muk,20,35,15,-5,19,7,2285
121,Muk (Alolan Muk),20,35,15,-5,19,7,2285
122,Shellder,-55,-5,40,-25,-56,-3,8420
123,Cloyster,-35,25,120,15,-36,27,18500
124,Gastly,-55,-35,-30,30,-46,37,9535
125,Haunter,-40,-20,-15,45,-26,52,7630
126,Gengar,-25,-5,0,60,-6,67,8775
127,Gengar (Mega Gengar),-25,-5,20,100,14,87,18815
128,Onix,-50,-25,100,-40,-36,27,16750
129,Drowzee,-25,-22,-15,-27,9,-1,2145
130,Hypno,0,3,10,3,34,24,1850
131,Krabby,-55,35,30,-45,-56,7,10360
132,Kingler,-30,60,55,-20,-31,32,9910
133,Voltorb,-45,-40,-10,-15,-26,57,7875
134,Voltorb (Hisuian Voltorb),-45,-40,-10,-15,-26,57,7875
135,Electrode,-25,-20,10,10,-1,107,12675
136,Electrode (Hisuian Electrode),-25,-20,10,10,-1,107,12675
137,Exeggcute,-25,-30,20,-10,-36,-3,3330
138,Exeggutor,10,25,25,55,-6,12,4555
139,Exeggutor (Alolan Exeggutor),10,35,25,55,-6,2,5015
140,Cubone,-35,-20,35,-30,-31,-8,4775
141,Marowak,-25,10,50,-20,-1,2,3630
142,Marowak (Alolan Marowak),-25,10,50,-20,-1,2,3630
143,Hitmonlee,-35,50,-7,-35,29,44,7776
144,Hitmonchan,-35,35,19,-35,29,33,5966
145,Lickitung,5,-15,15,-10,-6,-13,780
146,Koffing,-45,-5,35,-10,-36,-8,4735
147,Weezing,-20,20,60,15,-11,17,5035
148,Weezing (Galarian Weezing),-20,20,60,15,-11,17,5035
149,Rhyhorn,-5,15,35,-40,-51,-18,6000
150,Rhydon,20,60,60,-25,-36,-3,9530
151,Chansey,165,-65,-55,-35,24,7,36325
152,Tangela,-20,-15,55,30,-41,17,6520
153,Kangaskhan,20,25,20,-30,-1,47,4535
154,Kangaskhan (Mega Kangaskhan),20,55,40,-10,19,57,8735
155,Horsea,-55,-30,10,0,-56,17,7450
156,Seadra,-30,-5,35,25,-36,42,5835
157,Goldeen,-40,-3,0,-35,-31,20,4195
158,Seaking,-5,22,5,-5,-1,25,1185
159,Staryu,-55,-25,-5,0,-26,42,6115
160,Starmie,-25,5,25,30,4,72,7375
161,Mr. Mime,-45,-25,5,30,39,47,7305
162,Mr. Mime (Galarian Mr. Mime),-35,-5,5,20,9,57,5005
163,Scyther,-15,40,20,-15,-1,62,6295
164,Jynx,-20,-20,-25,45,14,52,6350
165,Electabuzz,-20,13,-3,25,4,62,5063
166,Magmar,-20,25,-3,30,4,50,4450
167,Pinsir,-20,55,40,-15,-11,42,7135
168,Pinsir (Mega Pinsir),-20,85,60,-5,9,62,15175
169,Tauros,-10,30,35,-30,-11,67,7735
170,Tauros (Paldean Tauros (Combat Breed)),-10,40,45,-40,-11,57,8695
171,Tauros (Paldean Tauros (Blaze Breed)),-10,40,45,-40,-11,57,8695
172,Tauros (Paldean Tauros (Aqua Breed)),-10,40,45,-40,-11,57,8695
173,Magikarp,-65,-60,-5,-55,-61,37,15965
174,Gyarados,10,55,19,-10,19,38,5391
175,Gyarados (Mega Gyarados),10,85,49,0,49,38,13571
176,Lapras,45,15,20,15,14,17,3360
177,Ditto,-37,-22,-12,-22,-33,5,3595
178,Eevee,-30,-15,-10,-25,-16,12,2250
179,Eevee (Partner Eevee),-20,5,10,-5,4,32,1590
180,Vaporeon,45,-5,0,40,14,22,4330
181,Jolteon,-20,-5,0,40,14,87,9790
182,Flareon,-20,60,0,25,29,22,5950
183,Porygon,-20,-10,10,15,-6,-3,870
184,Omanyte,-50,-30,40,20,-26,-8,6140
185,Omastar,-15,-10,65,45,-11,12,6840
186,Kabuto,-55,10,30,-15,-36,12,5690
187,Kabutops,-25,45,45,-5,-11,37,6190
188,Aerodactyl,-5,35,5,-10,-6,87,8980
189,Aerodactyl (Mega Aerodactyl),-5,65,25,0,14,107,16520
190,Snorlax,75,40,5,-5,29,-13,8285
191,Articuno,5,15,40,25,44,42,6175
192,Articuno (Galarian Articuno),5,15,25,55,19,52,6965
193,Zapdos,5,20,25,55,9,57,7405
194,Zapdos (Galarian Zapdos),5,55,30,15,9,57,7505
195,Moltres,5,30,30,55,4,47,7075
196,Moltres (Galarian Moltres),5,15,30,30,44,47,6195
197,Dratini,-44,-6,-15,-20,-31,7,3607
198,Dragonair,-24,14,5,0,-11,27,1647
199,Dragonite,6,64,35,30,19,37,7987
200,Mewtwo,21,40,30,84,9,87,17647
201,Mewtwo (Mega Mewtwo X),21,120,40,84,19,87,31427
202,Mewtwo (Mega Mewtwo Y),21,80,10,124,39,97,33247
203,Mew,15,30,40,30,19,57,7235
204,Chikorita,-40,-21,5,-21,-16,2,2767
205,Bayleef,-25,-8,20,-7,-1,17,1428
206,Meganium,-5,12,40,13,19,37,3668
207,Cyndaquil,-46,-18,-17,-10,-31,22,4274
208,Quilava,-27,-6,-2,10,-16,37,2494
209,Typhlosion,-7,14,18,39,4,57,5355
210,Typhlosion (Hisuian Typhlosion),-12,14,18,49,4,52,5785
211,Totodile,-35,-5,4,-26,-33,0,3031
212,Croconaw,-20,10,20,-11,-18,15,1570
213,Feraligatr,0,35,40,9,2,35,4135
214,Sentret,-50,-24,-26,-35,-36,-23,6802
215,Furret,0,6,4,-25,-26,47,3562
216,Hoothoot,-25,-40,-30,-34,-25,7,4955
217,Noctowl,15,-20,-10,16,15,27,1935
218,Ledyba,-45,-50,-30,-30,-1,12,6470
219,Ledian,-30,-35,-10,-15,29,42,5055
220,Spinarak,-45,-10,-20,-30,-41,-13,5275
221,Ariados,-15,20,10,-10,-11,-3,955
222,Crobat,0,20,20,0,-1,87,8370
223,Chinchou,-10,-32,-22,-14,-25,24,3005
224,Lanturn,40,-12,-2,6,-5,24,2385
225,Pichu,-65,-30,-45,-35,-46,17,10780
226,Cleffa,-35,-45,-32,-25,-26,-28,6359
227,Igglybuff,5,-40,-45,-30,-61,-28,9055
228,Togepi,-50,-50,5,-30,-16,-23,6710
229,Togetic,-30,-30,25,10,24,-3,3110
230,Natu,-45,-20,-15,0,-36,27,4675
231,Xatu,-20,5,10,25,-11,52,3975
232,Mareep,-30,-30,-20,-5,-36,-8,3585
233,Flaaffy,-15,-15,-5,10,-21,2,1020
234,Ampharos,5,5,25,45,9,12,2925
235,Ampharos (Mega Ampharos),5,25,45,95,29,2,12545
236,Bellossom,-10,10,35,20,19,7,2235
237,Marill,-15,-50,-10,-50,-31,-3,6295
238,Azumarill,15,-20,20,-10,-1,7,1175
239,Sudowoodo,-15,30,55,-40,-16,-13,6175
240,Politoed,5,5,15,20,19,27,1765
241,Hoppip,-50,-35,-20,-35,-26,7,6075
242,Skiploom,-30,-25,-10,-25,-16,37,3875
243,Jumpluff,-10,-15,10,-15,14,67,5335
244,Aipom,-30,0,-5,-30,-26,42,4265
245,Sunkern,-55,-40,-30,-40,-51,-13,9895
246,Sunflora,-10,5,-5,35,4,-13,1560
247,Yanma,-20,-5,-15,5,-36,52,4675
248,Wooper,-30,-25,-15,-45,-56,-28,7695
249,Wooper (Paldean Wooper),-30,-25,-15,-45,-56,-28,7695
250,Quagsire,10,15,25,-5,-16,-8,1295
251,Espeon,-20,-5,0,60,14,67,8710
252,Umbreon,10,-5,50,-10,49,22,5610
253,Murkrow,-25,15,-18,15,-39,48,5224
254,Slowking,10,5,20,30,29,-13,2435
255,Slowking (Galarian Slowking),10,-5,20,40,29,-13,3135
256,Misdreavus,-25,-10,0,15,4,42,2730
257,Unown,-37,2,-12,2,-33,5,2635
258,Wobbuffet,105,-37,-2,-37,-23,-10,14396
259,Girafarig,-15,10,5,20,-16,42,2770
260,Pineco,-35,-5,30,-35,-46,-28,6275
261,Forretress,-10,20,80,-10,-21,-3,7450
262,Dunsparce,15,0,10,-5,-16,2,610
263,Gligar,-20,5,45,-35,-16,42,5695
264,Steelix,-10,15,140,-15,-16,-13,20575
265,Steelix (Mega Steelix),-10,55,170,-15,14,-13,32615
266,Snubbull,-25,10,-10,-30,-41,-13,3575
267,Granbull,5,50,15,-10,-21,2,3295
268,Qwilfish,-20,25,25,-15,-26,42,4315
269,Qwilfish (Hisuian Qwilfish),-20,25,25,-15,-26,42,4315
270,Scizor,-15,60,40,-15,-1,22,6135
271,Scizor (Mega Scizor),-15,80,80,-5,19,32,14435
272,Shuckle,-65,-60,170,-60,149,-38,63970
273,Heracross,-5,55,15,-30,14,42,6135
274,Heracross (Mega Heracross),-5,115,55,-30,24,32,18775
275,Sneasel,-30,25,-5,-35,-6,72,7995
276,Sneasel (Hisuian Sneasel),-30,25,-5,-35,-6,72,7995
277,Teddiursa,-25,10,-10,-20,-31,-3,2195
278,Ursaring,5,60,15,5,-6,12,4055
279,Slugma,-45,-30,-20,0,-41,-23,5535
280,Magcargo,-25,-20,60,20,-1,-13,5195
281,Swinub,-35,-20,-20,-40,-51,7,6275
282,Piloswine,15,30,20,-10,-21,7,2115
283,Corsola,-20,-15,35,-5,14,-8,2135
284,Corsola (Galarian Corsola),-25,-15,40,-5,19,-13,3005
285,Remoraid,-50,-5,-25,-5,-46,22,5775
286,Octillery,-10,35,15,35,-6,2,2815
287,Delibird,-40,-15,-15,-5,-36,32,4395
288,Mantine,0,-30,10,10,59,27,5310
289,Skarmory,-20,10,80,-30,-11,27,8650
290,Houndour,-40,-10,-30,10,-31,22,4145
291,Houndoom,-10,20,-10,40,-1,52,4905
292,Houndoom (Mega Houndoom),-10,20,30,70,9,72,11565
293,Kingdra,-10,25,35,25,14,42,4535
294,Phanpy,5,-10,0,-30,-41,-3,2715
295,Donphan,5,50,60,-10,-21,7,6715
296,Porygon2,0,10,30,35,14,17,2710
297,Stantler,-12,25,2,15,-16,42,3018
298,Smeargle,-30,-50,-25,-50,-36,32,8845
299,Tyrogue,-50,-35,-25,-35,-46,-8,7755
300,Hitmontop,-35,25,35,-35,29,27,5870
301,Smoochum,-40,-40,-45,15,-16,22,6190
302,Elekid,-40,-7,-23,-5,-26,52,5583
303,Magby,-40,5,-23,0,-26,40,4430
304,Miltank,10,10,45,-30,-11,57,6495
305,Blissey,170,-60,-50,5,54,12,38085
306,Raikou,5,15,15,45,19,72,8045
307,Entei,30,45,25,20,-6,57,7235
308,Suicune,15,5,55,20,34,42,6595
309,Larvitar,-35,-6,-10,-25,-31,-2,2951
310,Pupitar,-15,14,10,-5,-11,8,731
311,Tyranitar,15,64,50,25,19,18,8131
312,Tyranitar (Mega Tyranitar),15,94,90,25,39,28,20091
313,Lugia,21,20,70,20,73,67,15959
314,Ho-Oh,21,60,30,40,73,47,14079
315,Celebi,15,30,40,30,19,57,7235
316,Treecko,-45,-25,-25,-5,-26,27,4705
317,Grovyle,-35,-5,-15,15,-16,52,4660
318,Sceptile,-15,15,5,35,4,77,7645
319,Sceptile (Mega Sceptile),-15,40,15,75,4,102,18095
320,Torchic,-40,-10,-20,0,-31,2,3065
321,Combusken,-25,15,0,15,-21,12,1660
322,Blaziken,-5,50,10,40,-11,37,5715
323,Blaziken (Mega Blaziken),-5,90,20,60,-1,57,15375
324,Mudkip,-35,0,-10,-20,-31,-3,2695
325,Marshtomp,-15,15,10,-10,-11,7,820
326,Swampert,15,40,30,15,9,17,3320
327,Swampert (Mega Swampert),15,80,50,25,29,27,11320
328,Poochyena,-50,-15,-25,-40,-51,-8,7615
329,Mightyena,-15,20,10,-10,-21,27,1995
330,Zigzagoon,-47,-40,-19,-40,-40,17,7659
331,Zigzagoon (Galarian Zigzagoon),-47,-40,-19,-40,-40,17,7659
332,Linoone,-7,0,1,-20,-20,57,4099
333,Linoone (Galarian Linoone),-7,0,1,-20,-20,57,4099
334,Wurmple,-40,-25,-25,-50,-51,-23,8480
335,Silcoon,-35,-35,-5,-45,-56,-28,8420
336,Beautifly,-25,0,-10,30,-31,22,3070
337,Cascoon,-35,-35,-5,-45,-56,-28,8420
338,Dustox,-25,-20,10,-20,9,22,2090
339,Lotad,-45,-40,-30,-30,-31,-13,6555
340,Lombre,-25,-20,-10,-10,-11,7,1395
341,Ludicolo,-5,0,10,20,19,27,1615
342,Seedot,-45,-30,-10,-40,-51,-13,7395
343,Nuzleaf,-15,0,-20,-10,-41,17,2695
344,Shiftry,5,30,0,20,-21,37,3135
345,Taillow,-45,-15,-30,-40,-51,42,9115
346,Swellow,-25,15,0,5,-31,82,8560
347,Wingull,-45,-40,-30,-15,-51,42,9115
348,Pelipper,-25,-20,40,25,-11,22,3855
349,Ralts,-57,-45,-35,-25,-46,-3,9249
350,Kirlia,-47,-35,-25,-5,-26,7,4809
351,Gardevoir,-17,-5,5,55,34,37,5889
352,Gardevoir (Mega Gardevoir),-17,15,5,95,54,57,15729
353,Surskit,-45,-40,-28,-20,-29,22,6134
354,Masquerain,-15,-10,2,30,1,37,2599
355,Shroomish,-25,-30,0,-30,-21,-8,2930
356,Breloom,-25,60,20,-10,-21,27,5895
357,Slakoth,-25,-10,0,-35,-46,-13,4235
358,Vigoroth,-5,10,20,-15,-26,47,3635
359,Slaking,65,90,40,25,-16,57,18055
360,Nincada,-54,-25,30,-40,-51,-3,8651
361,Ninjask,-24,20,-15,-20,-31,117,16251
362,Shedinja,-84,20,-15,-40,-51,-3,11891
363,Whismur,-21,-19,-37,-19,-58,-15,6121
364,Loudred,-1,1,-17,1,-38,5,1761
365,Exploud,19,21,3,21,-8,25,1941
366,Makuhita,-13,-10,-30,-50,-51,-18,6594
367,Hariyama,59,50,0,-30,-21,7,7371
368,Azurill,-35,-50,-20,-50,-41,-23,8835
369,Nosepass,-55,-25,75,-25,9,-13,10150
370,Skitty,-35,-25,-15,-35,-46,7,5465
371,Delcatty,-15,-5,5,-15,-26,47,3385
372,Sableye,-35,5,15,-5,-16,7,1805
373,Sableye (Mega Sableye),-35,15,65,15,34,-23,7585
374,Mawile,-35,15,25,-15,-26,7,3025
375,Mawile (Mega Mawile),-35,35,65,-15,14,7,7145
376,Aron,-35,0,40,-30,-41,-13,5575
377,Lairon,-25,20,80,-20,-31,-3,8795
378,Aggron,-15,40,120,-10,-21,7,16815
379,Aggron (Mega Aggron),-15,70,170,-10,-1,7,34175
380,Meditite,-55,-30,-5,-30,-26,17,5815
381,Medicham,-25,-10,15,-10,-6,37,2455
382,Medicham (Mega Medicham),-25,30,25,10,4,57,5515
383,Electrike,-45,-25,-20,-5,-41,22,5240
384,Manectric,-15,5,0,35,-21,62,5760
385,Manectric (Mega Manectric),-15,5,20,65,-1,92,13340
386,Plusle,-25,-20,-20,15,-6,52,4390
387,Minun,-25,-30,-10,5,4,52,4370
388,Volbeat,-20,3,15,-23,4,42,2943
389,Illumise,-20,-23,15,3,4,42,2943
390,Roselia,-35,-10,-15,30,-1,22,2935
391,Gulpin,-15,-27,-7,-27,-28,-3,2525
392,Swalot,15,3,23,3,2,12,920
393,Carvanha,-40,20,-40,-5,-61,22,7830
394,Sharpedo,-15,50,-20,25,-41,52,8135
395,Sharpedo (Mega Sharpedo),-15,70,10,40,-16,62,10925
396,Wailmer,45,0,-25,0,-46,17,5055
397,Wailord,85,20,-15,20,-36,17,9835
398,Numel,-25,-10,-20,-5,-36,-8,2510
399,Camerupt,-15,30,10,35,-6,-3,2495
400,Camerupt (Mega Camerupt),-15,50,40,75,24,-23,11055
401,Torkoal,-15,15,80,15,-11,-23,7725
402,Spoink,-25,-45,-25,0,-1,17,3565
403,Grumpig,-5,-25,5,20,29,37,3285
404,Spinda,-25,-10,0,-10,-21,17,1555
405,Trapinch,-40,30,-15,-25,-36,-33,5735
406,Vibrava,-35,0,-10,-20,-31,27,3415
407,Flygon,-5,30,20,10,-1,57,4675
408,Cacnea,-35,15,-20,15,-41,-8,3820
409,Cacturne,-15,45,0,45,-21,12,4860
410,Swablu,-40,-30,0,-30,-6,7,3485
411,Altaria,-10,0,30,0,24,37,2945
412,Altaria (Mega Altaria),-10,40,50,40,24,37,7745
413,Zangoose,-12,45,0,-10,-21,47,4919
414,Seviper,-12,30,0,30,-21,22,2869
415,Lunatone,5,-15,5,25,4,27,1645
416,Solrock,5,25,25,-15,-16,27,2485
417,Barboach,-35,-22,-17,-24,-40,17,4463
418,Whiscash,25,8,13,6,-10,17,1283
419,Corphish,-42,10,5,-20,-46,-8,4469
420,Crawdaunt,-22,50,25,20,-26,12,4829
421,Baltoy,-45,-30,-5,-30,-11,12,4115
422,Claydol,-25,0,45,0,39,32,5195
423,Lileep,-19,-29,17,-9,6,-20,2008
424,Cradily,1,11,37,11,26,0,2288
425,Anorith,-40,25,-10,-30,-31,32,5210
426,Armaldo,-10,55,40,0,-1,2,4730
427,Feebas,-65,-55,-40,-60,-26,37,14495
428,Milotic,10,-10,19,30,44,38,4841
429,Castform,-15,0,10,0,-11,27,1175
430,Kecleon,-25,20,10,-10,39,-3,2755
431,Shuppet,-41,5,-25,-7,-48,2,4688
432,Banette,-21,45,5,13,-18,22,3468
433,Banette (Mega Banette),-21,95,15,23,2,32,11248
434,Duskull,-65,-30,30,-40,9,-18,8030
435,Dusclops,-45,0,70,-10,49,-18,9750
436,Tropius,14,-2,23,2,6,8,833
437,Chimecho,-10,-20,20,25,9,22,2090
438,Absol,-20,60,0,5,-21,32,5490
439,Absol (Mega Absol),-20,80,0,45,-21,72,14450
440,Wynaut,10,-47,-12,-47,-33,-20,6151
441,Snorunt,-35,-20,-10,-20,-31,7,3135
442,Glalie,-5,10,20,10,-1,37,1995
443,Glalie (Mega Glalie),-5,50,20,50,-1,57,8675
444,Spheal,-15,-30,-10,-15,-31,-18,2735
445,Sealeo,5,-10,10,5,-11,2,375
446,Walrein,25,10,30,25,9,22,2815
447,Clamperl,-50,-6,25,4,-26,-11,3974
448,Huntail,-30,34,45,24,-6,9,4774
449,Gorebyss,-30,14,45,44,-6,9,5174
450,Relicanth,15,20,70,-25,-16,12,6550
451,Luvdisc,-42,-40,-5,-30,-16,54,7461
452,Bagon,-40,5,0,-30,-51,7,5175
453,Shelgon,-20,25,40,-10,-31,7,3735
454,Salamence,10,65,20,40,-1,57,9575
455,Salamence (Mega Salamence),10,75,70,50,9,77,19135
456,Beldum,-45,-15,20,-35,-21,-13,4485
457,Metang,-25,5,40,-15,-1,7,2525
458,Metagross,-5,65,70,25,9,27,10585
459,Metagross (Mega Metagross),-5,75,90,35,29,67,20305
460,Regirock,-5,30,140,-20,19,7,21335
461,Regice,-5,-20,40,30,119,7,17135
462,Registeel,-5,5,90,5,69,7,12985
463,Latias,-5,10,30,40,49,67,9515
464,Latias (Mega Latias),-5,30,60,70,69,67,18675
465,Latios,-5,20,20,60,29,67,9755
466,Latios (Mega Latios),-5,60,40,90,39,67,19335
467,Kyogre,15,30,30,80,59,47,14115
468,Kyogre (Primal Kyogre),15,80,30,110,79,47,28075
469,Groudon,15,80,80,30,9,47,16215
470,Groudon (Primal Groudon),15,110,100,80,9,47,31015
471,Rayquaza,20,80,30,80,9,52,16885
472,Rayquaza (Mega Rayquaza),20,110,40,110,19,72,31745
473,Jirachi,15,30,40,30,19,57,7235
474,Deoxys (Normal Forme),-35,80,-10,80,-31,107,26535
475,Deoxys (Attack Forme),-35,110,-40,110,-61,107,42195
476,Deoxys (Defense Forme),-35,0,100,0,79,47,19675
477,Deoxys (Speed Forme),-35,25,30,25,9,137,22225
478,Turtwig,-30,-2,4,-25,-26,-12,2365
479,Grotle,-10,19,25,-15,-16,-7,1616
480,Torterra,10,39,45,5,4,13,3856
481,Chimchar,-41,-12,-16,-12,-37,18,3918
482,Monferno,-21,8,-8,8,-29,38,2918
483,Infernape,-9,34,11,34,-10,65,6839
484,Piplup,-32,-19,-7,-9,-25,-3,2149
485,Prinplup,-21,-4,8,11,-5,7,716
486,Empoleon,-1,16,28,41,20,17,3411
487,Starly,-45,-15,-30,-40,-51,17,7640
488,Staravia,-30,5,-10,-30,-41,37,4975
489,Staraptor,0,50,10,-20,-21,57,6690
490,Bidoof,-26,-25,-20,-35,-41,-12,4751
491,Bibarel,-6,15,0,-15,-21,28,1711
492,Kricketot,-48,-45,-19,-45,-40,-18,8639
493,Kricketune,-8,15,-9,-15,-30,22,1979
494,Shinx,-40,-5,-26,-30,-47,2,5414
495,Luxio,-25,15,-11,-10,-32,17,2384
496,Luxray,-5,50,19,25,-2,27,4244
497,Budew,-45,-40,-25,-20,-11,12,4915
498,Roserade,-25,0,5,55,24,47,6460
499,Cranidos,-18,55,-20,-40,-51,15,8175
500,Rampardos,12,95,0,-5,-31,15,10380
501,Shieldon,-55,-28,58,-28,7,-13,8175
502,Bastiodon,-25,-18,108,-23,57,-13,16560
503,Burmy,-45,-41,-15,-41,-36,-7,6957
504,Wormadam (Plant Cloak),-25,-11,25,9,24,-7,2077
505,Wormadam (Sandy Cloak),-25,9,45,-11,4,-7,2917
506,Wormadam (Trash Cloak),-25,-1,35,-1,14,-7,2097
507,Mothim,-15,24,-10,24,-31,23,2967
508,Combee,-55,-40,-18,-40,-39,27,8799
509,Vespiquen,-15,10,42,10,21,-3,2639
510,Pachirisu,-25,-25,10,-25,9,52,4760
511,Buizel,-30,-5,-25,-10,-51,42,6015
512,Floatzel,0,35,-5,15,-31,72,7620
513,Cherubi,-40,-35,-15,-8,-28,-8,3962
514,Cherrim,-15,-10,10,17,-3,42,2487
515,Shellos,-9,-22,-12,-13,-19,-9,1320
516,Gastrodon,26,13,8,22,1,-4,1410
517,Ambipom,-10,30,6,-10,-15,72,6545
518,Drifloon,5,-20,-26,-10,-37,27,3299
519,Drifblim,65,10,-16,20,-27,37,7079
520,Buneary,-30,-4,-16,-26,-25,42,4237
521,Lopunny,-20,6,24,-16,15,62,5337
522,Lopunny (Mega Lopunny),-20,66,34,-16,15,92,14857
523,Mismagius,-25,-10,0,35,24,62,6370
524,Honchkrow,15,55,-8,35,-29,28,6164
525,Glameow,-36,-15,-18,-28,-44,42,6329
526,Purugly,-14,12,4,-6,-22,69,5637
527,Chingling,-40,-40,-10,-5,-31,2,4290
528,Stunky,-22,-7,-13,-29,-40,31,4104
529,Skuntank,18,23,7,1,-20,41,2984
530,Bronzor,-28,-46,26,-46,5,-20,6117
531,Bronzong,-18,19,56,9,35,-10,5227
532,Bonsly,-35,10,35,-60,-36,-33,8535
533,Mime Jr.,-65,-45,-15,0,9,17,6845
534,Happiny,15,-65,-55,-55,-16,-13,10925
535,Chatot,-9,-5,-15,22,-39,48,4640
536,Spiritomb,-35,22,48,22,27,-8,5290
537,Gible,-27,0,-15,-30,-36,-1,3151
538,Gabite,-17,20,5,-20,-26,39,3311
539,Garchomp,23,60,35,10,4,59,8951
540,Garchomp (Mega Garchomp),23,100,55,50,14,49,18651
541,Munchlax,50,15,-20,-30,4,-38,5485
542,Riolu,-45,0,-20,-35,-41,17,5620
543,Lucario,-15,40,10,45,-11,47,6280
544,Lucario (Mega Lucario),-15,75,28,70,-11,69,16416
545,Hippopotas,-17,2,18,-32,-39,-11,3283
546,Hippowdon,23,42,58,-2,-9,4,5758
547,Skorupi,-45,-20,30,-40,-26,22,6085
548,Drapion,-15,20,50,-10,-6,52,5965
549,Croagunk,-37,-9,-20,-9,-41,7,3661
550,Toxicroak,-2,36,5,16,-16,42,3601
551,Carnivine,-11,30,12,20,-9,3,1655
552,Finneon,-36,-21,-4,-21,-20,23,3123
553,Lumineon,-16,-1,16,-1,5,48,2843
554,Mantyke,-40,-50,-10,-10,39,7,5870
555,Snover,-25,-8,-10,-8,-21,-3,1303
556,Abomasnow,5,22,15,22,4,17,1523
557,Abomasnow (Mega Abomasnow),5,62,45,62,24,-13,10483
558,Weavile,-15,50,5,-25,4,82,10115
559,Magnezone,-15,0,55,60,9,17,7220
560,Lickilicky,25,15,35,10,14,7,2420
561,Rhyperior,30,70,70,-15,-26,-3,11610
562,Tangrowth,15,30,65,40,-31,7,7960
563,Electivire,-10,53,7,25,4,52,6303
564,Magmortar,-10,25,7,55,14,40,5595
565,Togekiss,0,-20,35,50,34,37,6650
566,Yanmega,1,6,26,46,-25,52,6158
567,Leafeon,-20,40,70,-10,-16,52,9960
568,Glaceon,-20,-10,50,60,14,22,7280
569,Gliscor,-10,25,65,-25,-6,52,8315
570,Mamoswine,25,60,20,0,-21,37,6435
571,Porygon-Z,0,10,10,65,-6,47,6670
572,Gallade,-17,55,5,-5,34,37,5889
573,Gallade (Mega Gallade),-17,95,35,-5,34,67,16209
574,Probopass,-25,-15,85,5,69,-3,12870
575,Dusknoir,-40,30,75,-5,54,2,11070
576,Froslass,-15,10,10,10,-11,67,5135
577,Rotom,-35,-20,17,25,-4,48,4859
578,Rotom (Heat Rotom),-35,-5,47,35,26,43,7209
579,Rotom (Wash Rotom),-35,-5,47,35,26,43,7209
580,Rotom (Frost Rotom),-35,-5,47,35,26,43,7209
581,Rotom (Fan Rotom),-35,-5,47,35,26,43,7209
582,Rotom (Mow Rotom),-35,-5,47,35,26,43,7209
583,Uxie,-10,5,70,5,49,52,10155
584,Mesprit,-5,35,45,35,24,37,6445
585,Azelf,-10,55,10,55,-11,72,11555
586,Dialga,15,50,60,80,19,47,15295
587,Dialga (Origin Forme),15,30,60,80,39,47,14855
588,Palkia,5,50,40,80,39,57,15295
589,Palkia (Origin Forme),5,30,40,80,39,77,16375
590,Heatran,6,20,46,60,25,34,7933
591,Regigigas,25,90,50,10,29,57,15415
592,Giratina (Altered Forme),65,30,60,30,39,47,13355
593,Giratina (Origin Forme),65,50,40,50,19,47,13395
594,Cresselia,35,0,60,5,49,42,9015
595,Phione,-5,10,20,10,-1,37,1995
596,Manaphy,15,30,40,30,19,57,7235
597,Darkrai,-15,20,30,65,9,82,12555
598,Shaymin (Land Forme),15,30,40,30,19,57,7235
599,Shaymin (Sky Forme),15,33,15,50,-6,84,11131
600,Arceus,35,50,60,50,39,77,17275
601,Victini,15,30,40,30,19,57,7235
602,Snivy,-40,-25,-5,-25,-26,20,3951
603,Servine,-25,-10,15,-10,-6,40,2686
604,Serperior,-10,5,35,5,14,70,6471
605,Tepig,-20,-7,-15,-25,-36,2,2599
606,Pignite,5,23,-5,0,-26,12,1399
607,Emboar,25,53,5,30,-16,22,5099
608,Oshawott,-30,-15,-15,-7,-36,2,2699
609,Dewott,-10,5,0,13,-21,17,1024
610,Samurott,10,30,25,38,-11,27,3919
611,Samurott (Hisuian Samurott),5,38,20,30,-16,42,4789
612,Patrat,-40,-15,-21,-35,-42,-1,5256
613,Watchog,-25,15,9,-10,-12,34,2331
614,Lillipup,-40,-10,-15,-45,-36,12,5390
615,Herdier,-20,10,5,-35,-16,17,2295
616,Stoutland,0,40,30,-25,9,37,4575
617,Purrloin,-44,-20,-23,-20,-44,23,5730
618,Liepard,-21,18,-10,18,-31,63,6119
619,Pansage,-35,-17,-12,-17,-33,21,3477
620,Simisage,-10,28,3,28,-18,58,5365
621,Pansear,-35,-17,-12,-17,-33,21,3477
622,Simisear,-10,28,3,28,-18,58,5365
623,Panpour,-35,-17,-12,-17,-33,21,3477
624,Simipour,-10,28,3,28,-18,58,5365
625,Munna,-9,-45,-15,-3,-26,-19,3377
626,Musharna,31,-15,25,37,14,-14,3572
627,Pidove,-35,-15,-10,-34,-51,0,5307
628,Tranquill,-23,7,2,-20,-39,22,2987
629,Unfezant,-5,45,20,-5,-26,50,5651
630,Blitzle,-40,-10,-28,-20,-49,33,6374
631,Zebstrika,-10,30,3,10,-18,73,6762
632,Roggenrola,-30,5,25,-45,-56,-28,7495
633,Boldore,-15,35,45,-20,-41,-23,6085
634,Gigalith,0,65,70,-10,-1,-18,9550
635,Woobat,-20,-25,-17,-15,-38,29,3824
636,Swoobat,-18,-13,-5,7,-26,71,6284
637,Drilbur,-25,15,-20,-40,-36,25,4771
638,Excadrill,25,65,0,-20,-16,45,7531
639,Audino,18,-10,26,-10,5,7,1274
640,Audino (Mega Audino),18,-10,66,10,45,7,6954
641,Timburr,-10,10,-5,-45,-46,-8,4430
642,Gurdurr,0,35,25,-30,-31,-3,3720
643,Conkeldurr,20,70,35,-15,-16,2,7010
644,Tympole,-35,-20,-20,-20,-41,21,4547
645,Palpitoad,-10,-5,-5,-5,-26,26,1527
646,Seismitoad,20,25,15,15,-6,31,2472
647,Throh,35,30,25,-40,4,2,4370
648,Sawk,-10,55,15,-40,-6,42,6750
649,Sewaddle,-40,-17,10,-30,-21,-1,3331
650,Swadloon,-30,-7,30,-20,-1,-1,2251
651,Leavanny,-10,33,20,0,-1,49,3991
652,Venipede,-55,-25,-1,-40,-42,14,7211
653,Whirlipede,-45,-15,39,-30,-2,4,4691
654,Scolipede,-25,30,29,-15,-12,69,7496
655,Cottonee,-45,-43,0,-33,-31,23,6453
656,Whimsicott,-25,-3,25,7,-6,73,6673
657,Petilil,-40,-35,-10,0,-31,-13,4055
658,Lilligant,-15,-10,15,40,-6,47,4395
659,Lilligant (Hisuian Lilligant),-15,35,15,-20,-6,62,5955
660,Basculin,-15,22,5,10,-26,55,4535
661,Sandile,-35,2,-25,-35,-46,22,5679
662,Krokorok,-25,12,-15,-25,-36,31,3876
663,Krookodile,10,47,20,-5,-11,49,5256
664,Darumaka,-15,20,-15,-55,-36,7,5220
665,Darumaka (Galarian Darumaka),-15,20,-15,-55,-36,7,5220
666,Darmanitan (Standard Mode),20,70,-5,-40,-26,52,10305
667,Darmanitan (Zen Mode),20,-40,45,70,24,12,9645
668,Darmanitan (Galarian Standard Mode),20,70,-5,-40,-26,52,10305
669,Darmanitan (Galarian Zen Mode),20,90,-5,-40,-26,92,19265
670,Maractus,-10,16,7,36,-14,17,2186
671,Dwebble,-35,-5,25,-35,-46,12,5360
672,Crustle,-15,35,65,-5,-6,2,5740
673,Scraggy,-35,5,10,-35,-11,5,2721
674,Scrafty,-20,20,55,-25,34,15,5831
675,Sigilyph,-13,-12,20,33,-1,54,4719
676,Yamask,-47,-40,25,-15,-16,-13,5084
677,Yamask (Galarian Yamask),-47,-15,25,-40,-16,-13,5084
678,Cofagrigus,-27,-20,85,25,24,-13,9724
679,Tirtouga,-31,8,43,-17,-36,-21,4900
680,Carracosta,-11,38,73,13,-16,-11,7440
681,Archen,-30,42,-15,4,-36,27,4930
682,Archeops,-10,70,5,42,-16,67,11534
683,Trubbish,-35,-20,2,-30,-19,22,3374
684,Garbodor,-5,25,22,-10,1,32,2259
685,Zorua,-45,-5,-20,10,-41,22,4715
686,Zorua (Hisuian Zorua),-50,-10,-20,15,-41,27,5635
687,Zoroark,-25,35,0,50,-21,62,8635
688,Zoroark (Hisuian Zoroark),-30,30,0,55,-21,67,9755
689,Minccino,-30,-20,-20,-30,-41,32,5305
690,Cinccino,-10,25,0,-5,-21,72,6375
691,Gothita,-40,-40,-10,-15,-16,2,3785
692,Gothorita,-25,-25,10,5,4,12,1535
693,Gothitelle,-15,-15,35,25,29,22,3625
694,Solosis,-40,-40,-20,35,-31,-23,6315
695,Duosion,-20,-30,-10,55,-21,-13,5035
696,Reuniclus,25,-5,15,55,4,-13,4085
697,Ducklett,-23,-26,-10,-26,-31,12,3086
698,Swanna,-10,17,3,17,-18,55,4036
699,Vanillite,-49,-20,-10,-5,-21,1,3368
700,Vanillish,-34,-5,5,10,-6,16,1598
701,Vanilluxe,-14,25,25,40,14,36,4538
702,Deerling,-25,-10,-10,-30,-31,32,3710
703,Sawsbuck,-5,30,10,-10,-11,52,3950
704,Emolga,-30,5,0,5,-21,60,4991
705,Karrablast,-35,5,-15,-30,-36,17,3960
706,Escavalier,-15,65,45,-10,24,-23,7680
707,Foongus,-16,-15,-15,-15,-26,-28,2391
708,Amoonguss,29,15,10,15,-1,-13,1561
709,Frillish,-30,-30,-10,-5,4,-3,1950
710,Jellicent,15,-10,10,15,24,17,1515
711,Alomomola,80,5,20,-30,-36,22,9505
712,Joltik,-35,-23,-10,-13,-31,22,3468
713,Galvantula,-15,7,0,27,-21,65,5669
714,Ferroseed,-41,-20,31,-46,5,-33,6272
715,Ferrothorn,-11,24,71,-16,35,-23,7748
716,Klink,-45,-15,10,-25,-21,-13,3585
717,Klang,-25,10,35,0,4,7,2015
718,Klinklang,-25,30,55,0,4,47,6775
719,Tynamo,-50,-15,-20,-25,-41,17,5720
720,Eelektrik,-20,15,10,5,-11,-3,880
721,Eelektross,0,45,20,35,-1,7,3700
722,Elgyem,-30,-15,-5,15,-26,-13,2220
723,Beheeyem,-10,5,15,55,14,-3,3580
724,Litwick,-35,-40,-5,-5,-26,-23,4080
725,Lampent,-25,-30,0,25,-21,12,2735
726,Chandelure,-25,-15,30,75,9,37,8825
727,Axew,-39,17,0,-40,-41,14,5287
728,Fraxure,-19,47,10,-30,-31,24,5107
729,Haxorus,-9,77,30,-10,-11,54,10047
730,Cubchoo,-30,0,-20,-10,-41,-3,3090
731,Beartic,10,60,20,0,-1,7,4150
732,Cryogonal,-5,-20,-10,25,54,62,7910
733,Shelmet,-35,-30,25,-30,-16,-18,4230
734,Accelgor,-5,0,-20,30,-21,102,12170
735,Stunfisk,24,-4,24,11,18,-11,1734
736,Stunfisk (Galarian Stunfisk),24,11,39,-4,3,-11,2364
737,Mienfoo,-40,15,-10,-15,-31,22,3595
738,Mienshao,-20,55,0,25,-21,62,8335
739,Druddigon,-8,50,30,-10,9,5,3670
740,Golett,-26,4,-10,-35,-31,-8,3042
741,Golurk,4,54,20,-15,-1,12,3702
742,Pawniard,-40,15,10,-30,-41,17,4795
743,Bisharp,-20,55,40,-10,-11,27,5975
744,Bouffalant,10,40,35,-30,14,12,4165
745,Rufflet,-15,13,-10,-33,-31,17,2833
746,Braviary,15,53,15,-13,-6,37,4833
747,Braviary (Hisuian Braviary),25,13,10,42,-11,22,3263
748,Vullaby,-15,-15,15,-25,-16,17,1845
749,Mandibuzz,25,-5,45,-15,14,37,4465
750,Heatmor,0,27,6,35,-15,22,2699
751,Durant,-27,39,52,-22,-33,66,10883
752,Deino,-33,-5,-10,-25,-31,-5,2825
753,Zweilous,-13,15,10,-5,-11,15,865
754,Hydreigon,7,35,30,55,9,55,8305
755,Larvesta,-30,15,-5,-20,-26,17,2515
756,Volcarona,0,-10,5,65,24,57,8175
757,Cobalion,6,20,69,20,-9,65,9903
758,Terrakion,6,59,30,2,9,65,8727
759,Virizion,6,20,12,20,48,65,7509
760,Tornadus (Incarnate Forme),-6,45,10,55,-1,68,9811
761,Tornadus (Therian Forme),-6,30,20,40,9,78,9101
762,Thundurus (Incarnate Forme),-6,45,10,55,-1,68,9811
763,Thundurus (Therian Forme),-6,35,10,75,-1,58,10351
764,Reshiram,15,50,40,80,39,47,14455
765,Zekrom,15,80,60,50,19,47,15295
766,Landorus (Incarnate Forme),4,55,30,45,-1,58,9331
767,Landorus (Therian Forme),4,75,30,35,-1,48,10071
768,Kyurem,40,60,30,60,9,52,12485
769,Kyurem (Black Kyurem),40,100,40,50,9,52,18485
770,Kyurem (White Kyurem),40,50,30,100,19,52,18065
771,Keldeo,6,2,30,59,9,65,8727
772,Meloetta (Aria Forme),15,7,17,58,47,47,8345
773,Meloetta (Pirouette Forme),15,58,30,7,-4,85,11779
774,Genesect,-14,50,35,50,14,56,9753
775,Chespin,-29,-9,5,-22,-36,-5,2752
776,Quilladin,-24,8,35,-14,-23,14,2786
777,Chesnaught,3,37,62,4,-6,21,5715
778,Fennekin,-45,-25,-20,-8,-21,17,3844
779,Braixen,-26,-11,-2,20,-11,30,2222
780,Delphox,-10,-1,12,44,19,61,6263
781,Froakie,-44,-14,-20,-8,-37,28,4749
782,Frogadier,-31,-7,-8,13,-25,54,4784
783,Greninja,-13,25,7,33,-10,79,8273
784,Greninja (Ash-Greninja),-13,75,7,83,-10,89,20753
785,Bunnelby,-47,-34,-22,-38,-45,14,7514
786,Diggersby,0,-14,17,-20,-4,35,2126
787,Fletchling,-40,-20,-17,-30,-43,19,5399
788,Fletchinder,-23,3,-5,-14,-29,41,3281
789,Talonflame,-7,11,11,4,-12,83,7340
790,Scatterbug,-47,-35,-20,-43,-56,-8,8883
791,Spewpa,-40,-48,0,-43,-51,-14,8550
792,Vivillon,-5,-18,-10,20,-31,46,3926
793,Litleo,-23,-20,-2,3,-27,29,2512
794,Pyroar,1,-2,12,39,-15,63,5864
795,Flabébé,-41,-32,-21,-9,-2,-1,3232
796,Floette,-31,-25,-13,5,17,9,2150
797,Florges,-7,-5,8,42,73,32,8255
798,Skiddo,-19,-5,-12,-8,-24,9,1251
799,Gogoat,38,30,2,27,0,25,3702
800,Pancham,-18,12,2,-24,-33,0,2137
801,Pangoro,10,54,18,-1,-10,15,3666
802,Furfrou,-10,10,0,-5,9,59,3787
803,Espurr,-23,-22,-6,-7,-21,25,2164
804,Meowstic,-11,-22,16,13,0,61,4751
805,Honedge,-40,10,40,-35,-44,-15,6686
806,Doublade,-26,40,90,-25,-32,-8,12089
807,Aegislash (Shield Forme),-25,-20,80,-20,59,17,11595
808,Aegislash (Blade Forme),-25,70,-10,70,-31,17,11775
809,Spritzee,-7,-18,0,-7,-16,-20,1078
810,Aromatisse,16,2,12,29,8,-14,1505
811,Swirlix,-23,-22,6,-11,-24,6,1782
812,Slurpuff,-3,10,26,15,-6,29,1887
813,Inkay,-32,-16,-7,-33,-35,2,3647
814,Malamar,1,22,28,-2,-6,30,2209
815,Binacle,-43,-18,7,-31,-25,7,3857
816,Barbaracle,-13,35,55,-16,5,25,5325
817,Skrelp,-35,-10,0,-10,-21,-13,2035
818,Dragalge,-20,5,30,27,42,1,3819
819,Clauncher,-35,-17,2,-12,-18,1,1987
820,Clawitzer,-14,3,28,50,8,16,3809
821,Helioptile,-41,-32,-27,-9,-38,27,5688
822,Heliolisk,-23,-15,-8,39,13,66,6864
823,Tyrunt,-27,19,17,-25,-36,5,3325
824,Tyrantrum,-3,51,59,-1,-22,28,7360
825,Amaura,-8,-11,-10,-3,-18,3,627
826,Aurorus,38,7,12,29,11,15,2824
827,Sylveon,10,-5,5,40,49,17,4440
828,Hawlucha,-7,22,15,4,-18,75,6723
829,Dedenne,-18,-12,-3,11,-14,58,4158
830,Carbink,-35,-20,90,-20,69,7,14935
831,Goomy,-40,-20,-25,-15,-6,-3,2895
832,Sliggoo,-17,5,-7,13,32,17,1845
833,Sliggoo (Hisuian Sliggoo),-27,5,23,13,32,-3,2485
834,Goodra,5,30,10,40,69,37,8755
835,Goodra (Hisuian Goodra),-5,30,40,40,69,17,9175
836,Klefki,-28,10,31,10,6,32,3005
837,Phantump,-42,0,-12,-20,-21,-5,2774
838,Trevenant,0,40,16,-5,1,13,2051
839,Pumpkaboo (Small Size),-41,-4,10,-26,-26,13,3318
840,Pumpkaboo (Average Size),-36,-4,10,-26,-26,8,2828
841,Pumpkaboo (Large Size),-31,-4,10,-26,-26,3,2438
842,Pumpkaboo (Super Size),-26,-4,10,-26,-26,-2,2148
843,Gourgeist (Small Size),-30,15,62,-12,-6,56,8285
844,Gourgeist (Average Size),-20,20,62,-12,-6,41,6505
845,Gourgeist (Large Size),-10,25,62,-12,-6,26,5425
846,Gourgeist (Super Size),0,30,62,-12,-6,11,5045
847,Bergmite,-30,-1,25,-38,-46,-15,5311
848,Avalugg,10,47,124,-26,-35,-15,19811
849,Avalugg (Hisuian Avalugg),10,57,124,-36,-45,-5,22071
850,Noibat,-45,-40,-25,-25,-41,12,6700
851,Noivern,0,0,20,27,-1,80,7530
852,Xerneas,41,61,35,61,17,56,13773
853,Yveltal,41,61,35,61,17,56,13773
854,Zygarde (50% Forme),23,30,61,11,14,52,8171
855,Zygarde (10% Forme),-31,30,11,-9,4,72,7263
856,Zygarde (Complete Forme),131,30,61,21,14,42,24183
857,Diancie,-35,30,90,30,69,7,15935
858,Diancie (Mega Diancie),-35,90,50,90,29,67,25255
859,Hoopa (Hoopa Confined),-5,40,0,80,49,27,11155
860,Hoopa (Hoopa Unbound),-5,90,0,100,49,37,21895
861,Volcanion,-5,40,60,60,9,27,9635
862,Rowlet,-17,-15,-5,-20,-31,-1,1901
863,Dartrix,-7,5,15,0,-11,9,501
864,Decidueye,-7,37,15,30,19,27,3633
865,Decidueye (Hisuian Decidueye),3,42,20,25,14,17,3283
866,Litten,-40,-5,-20,-10,-41,27,4535
867,Torracat,-20,15,-10,10,-31,47,3995
868,Incineroar,10,45,30,10,9,17,3495
869,Popplio,-35,-16,-6,-4,-25,-3,2167
870,Brionne,-25,-1,9,21,0,7,1197
871,Primarina,-5,4,14,56,35,17,4887
872,Pikipek,-50,5,-30,-40,-51,22,8110
873,Trumbeak,-30,15,-10,-30,-31,32,4110
874,Toucannon,-5,50,15,5,-6,17,3100
875,Yungoos,-37,0,-30,-40,-51,2,6474
876,Gumshoos,3,40,0,-15,-21,2,2279
877,Grubbin,-38,-8,-15,-15,-36,3,3263
878,Charjabug,-28,12,35,-15,-6,-7,2463
879,Vikavolt,-8,0,30,75,-6,0,6625
880,Crabrawler,-38,12,-3,-28,-34,20,3937
881,Crabominable,12,62,17,-8,-14,0,4537
882,Oricorio,-10,0,10,28,-11,50,3605
883,Cutiefly,-45,-25,-20,-15,-41,41,6637
884,Ribombee,-25,-15,0,25,-11,81,8157
885,Rockruff,-40,-5,-20,-40,-41,17,5595
886,Lycanroc (Midday Form),-10,45,5,-15,-16,69,7392
887,Lycanroc (Midnight Form),0,45,15,-15,-6,39,4032
888,Lycanroc (Dusk Form),-10,47,5,-15,-16,67,7304
889,Wishiwashi (Solo Form),-40,-50,-40,-45,-56,-3,10870
890,Wishiwashi (School Form),-40,70,70,70,54,-13,19385
891,Mareanie,-35,-17,2,-27,-29,2,3092
892,Toxapex,-35,-7,92,-17,61,-8,13812
893,Mudbray,-15,30,10,-25,-26,2,2530
894,Mudsdale,15,55,40,-15,4,-8,5155
895,Dewpider,-47,-30,-8,-30,-9,-16,4410
896,Araquanid,-17,0,32,-20,51,-1,4315
897,Fomantis,-45,-15,-25,-20,-46,-8,5455
898,Lurantis,-15,35,30,10,9,2,2535
899,Morelull,-45,-35,-5,-5,-6,-28,4120
900,Shiinotic,-25,-25,20,20,19,-13,2580
901,Salandit,-37,-26,-20,1,-41,34,5283
902,Salazzle,-17,-6,0,41,-21,74,7923
903,Stufful,-15,5,-10,-25,-31,7,1985
904,Bewear,35,55,20,-15,-21,17,5605
905,Bounsweet,-43,-40,-22,-40,-43,-11,7503
906,Steenee,-33,-30,-12,-30,-33,19,4483
907,Tsareena,-13,50,38,-20,17,29,5643
908,Comfey,-34,-18,30,12,29,57,6614
909,Oranguru,5,-10,20,20,29,17,2055
910,Passimian,15,50,30,-30,-21,37,6335
911,Wimpod,-60,-35,-20,-50,-51,37,11695
912,Golisopod,-10,55,80,-10,9,-3,9715
913,Sandygast,-30,-15,20,0,-36,-28,3605
914,Palossand,0,5,50,30,-6,-8,3525
915,Pyukumuku,-30,-10,70,-40,49,-38,11345
916,Type: Null,10,25,35,25,14,16,3027
917,Silvally,10,25,35,25,14,52,5475
918,Minior (Meteor Form),-25,-10,40,-10,19,17,3075
919,Minior (Core),-25,30,0,30,-21,77,8795
920,Komala,-20,45,5,5,14,22,3155
921,Turtonator,-25,8,75,21,4,-7,6820
922,Togedemaru,-20,28,3,-30,-8,53,4966
923,Mimikyu,-30,20,20,-20,24,53,5485
924,Bruxish,-17,35,10,0,-11,49,4136
925,Drampa,-7,-10,25,65,10,-7,5148
926,Dhelmise,-15,61,40,16,9,-3,5892
927,Jangmo-o,-40,-15,5,-25,-36,2,3775
928,Hakamo-o,-30,5,30,-5,-11,22,2455
929,Kommo-o,-10,40,65,30,24,42,9165
930,Tapu Koko,-15,45,25,25,-6,87,11105
931,Tapu Lele,-15,15,15,60,34,52,8135
932,Tapu Bulu,-15,60,55,15,14,32,8295
933,Tapu Fini,-15,5,55,25,49,42,8065
934,Cosmog,-42,-41,-29,-41,-50,-6,8503
935,Cosmoem,-42,-41,71,-41,50,-6,12703
936,Solgaleo,52,67,47,43,8,54,14231
937,Lunala,52,43,29,67,26,54,13475
938,Nihilego,24,-17,-13,57,50,60,10383
939,Buzzwole,22,69,79,-17,-28,36,13855
940,Pheromosa,-14,67,-23,67,-44,108,23303
941,Xurkitree,-2,19,11,103,-10,40,12795
942,Celesteela,12,31,43,37,20,18,5047
943,Kartana,-26,111,71,-11,-50,66,25015
944,Guzzlord,138,31,-7,27,-28,0,21567
945,Necrozma,12,37,41,57,8,36,7803
946,Necrozma (Dusk Mane Necrozma),12,87,67,43,28,34,15991
947,Necrozma (Dawn Wings Necrozma),12,43,49,87,46,34,15235
948,Necrozma (Ultra Necrozma),12,97,37,97,16,86,27983
949,Magearna,-5,25,55,60,34,22,8915
950,Marshadow,5,55,20,20,9,82,10655
951,Poipole,-18,3,7,3,-14,30,1487
952,Naganadel,-12,3,13,57,-8,78,9719
953,Stakataka,-24,61,151,-17,20,-30,28687
954,Blacephalon,-32,57,-7,81,-2,64,14983
955,Zeraora,3,42,15,32,-1,100,13023
956,Meltan,-39,-5,5,-15,-46,-9,3993
957,Melmetal,50,73,83,10,-16,-9,15155
958,Grookey,-35,-5,-10,-30,-41,22,4415
959,Thwackey,-15,15,10,-15,-21,37,2585
960,Rillaboom,15,55,30,-10,-11,42,6135
961,Scorbunny,-35,1,-20,-30,-41,26,4883
962,Raboot,-20,16,0,-15,-21,51,3923
963,Cinderace,-5,46,15,-5,-6,76,8203
964,Sobble,-35,-30,-20,0,-41,27,4935
965,Drizzile,-20,-10,-5,25,-26,47,4035
966,Inteleon,-15,15,5,55,-16,77,9685
967,Skwovet,-15,-15,-5,-35,-46,-18,4140
968,Greedent,35,25,35,-15,-6,-23,3865
969,Rookidee,-47,-23,-25,-37,-46,14,7044
970,Corvisquire,-17,-3,-5,-27,-26,34,2884
971,Corviknight,13,17,45,-17,4,24,3364
972,Blipbug,-60,-50,-40,-45,-36,2,11025
973,Dottler,-35,-35,20,-20,9,-13,3500
974,Orbeetle,-25,-25,50,10,39,47,7580
975,Nickit,-45,-42,-32,-23,-29,7,6232
976,Thievul,-15,-12,-2,17,11,47,2992
977,Gossifleur,-45,-30,0,-30,-21,-33,5355
978,Eldegoss,-25,-20,30,10,39,17,3835
979,Wooloo,-43,-30,-5,-30,-36,5,4995
980,Dubwool,-13,10,40,-10,9,45,4075
981,Chewtle,-35,-6,-10,-32,-43,1,4235
982,Drednaw,5,45,30,-22,-13,31,4564
983,Yamper,-26,-25,-10,-30,-31,-17,3551
984,Boltund,-16,20,0,20,-21,78,7581
985,Rolycoly,-55,-30,-10,-30,-31,-13,6055
986,Carkol,-5,-10,30,-10,-11,7,1295
987,Coalossal,25,10,60,10,9,-13,4675
988,Applin,-45,-30,20,-30,-41,-23,6435
989,Flapple,-15,40,20,25,-21,27,4020
990,Appletun,25,15,20,30,-1,-13,2320
991,Silicobra,-33,-13,15,-35,-31,3,3678
992,Sandaconda,-13,37,65,-5,-11,28,6693
993,Cramorant,-15,15,-5,15,14,42,2660
994,Arrokuda,-44,-7,-20,-30,-51,23,6415
995,Barraskewda,-24,53,0,-10,-31,93,13095
996,Toxel,-45,-32,-25,-16,-46,-3,6055
997,Toxtricity,-10,28,10,44,-11,32,4065
998,Sizzlipede,-35,-5,-15,-20,-31,2,2840
999,Centiskorch,15,45,5,20,9,22,3240
1000,Clobbopus,-35,-2,0,-20,-31,-11,2711
1001,Grapploct,-5,48,30,0,-1,-1,3231
1002,Sinistea,-45,-25,-15,4,-27,7,3669
1003,Polteageist,-25,-5,5,64,33,27,6589
1004,Hatenna,-43,-40,-15,-14,-28,-4,4670
1005,Hattrem,-28,-30,5,16,-8,6,2065
1006,Hatterene,-28,20,35,66,22,-14,7445
1007,Impidimp,-40,-25,-30,-15,-41,7,5080
1008,Morgrem,-20,-10,-15,5,-26,27,2155
1009,Grimmsnarl,10,50,5,25,-6,17,3575
1010,Obstagoon,8,20,41,-10,0,52,4949
1011,Perrserker,-15,40,40,-20,-21,7,4315
1012,Cursola,-25,25,-10,75,49,-13,9545
1013,Sirfetch'd,-23,65,35,-2,1,22,6468
1014,Mr. Rime,-5,15,15,40,19,27,3165
1015,Runerigus,-27,25,85,-20,24,-13,9724
1016,Milcery,-40,-30,-20,-20,-20,-9,3781
1017,Alcremie,-20,-10,15,40,40,21,4366
1018,Falinks,-20,30,40,0,-21,32,4365
1019,Pincurchin,-37,31,35,21,4,-28,4796
1020,Snom,-55,-45,-25,-25,-51,-23,9430
1021,Frosmoth,-15,-5,0,55,9,22,3840
1022,Stonjourner,15,55,75,-50,-61,27,15825
1023,Eiscue (Ice Face),-10,10,50,-5,9,7,2855
1024,Eiscue (Noice Face),-10,10,10,-5,-31,87,8855
1025,Indeedee (Male),-25,-5,-5,35,14,52,4800
1026,Indeedee (Female),-15,-15,5,25,24,42,3440
1027,Morpeko,-27,25,-2,0,-23,54,4803
1028,Cufant,-13,10,-11,-30,-32,-3,2323
1029,Copperajah,37,60,9,10,-12,-13,5463
1030,Dracozolt,5,30,30,10,-11,32,3070
1031,Arctozolt,5,30,30,20,-1,12,2370
1032,Dracovish,5,20,40,0,-1,32,3050
1033,Arctovish,5,20,40,10,9,12,2350
1034,Duraludon,-15,25,55,50,-31,42,9100
1035,Dreepy,-57,-10,-30,-30,-51,39,9271
1036,Drakloak,-17,10,-10,-10,-31,59,5031
1037,Dragapult,3,50,15,30,-6,99,13471
1038,Zacian (Hero of Many Battles),7,50,55,10,34,95,15855
1039,Zacian (Crowned Sword),7,80,55,10,34,105,21755
1040,Zamazenta (Hero of Many Battles),7,50,55,10,34,95,15855
1041,Zamazenta (Crowned Shield),7,50,80,10,59,85,19755
1042,Eternatus,55,15,35,75,14,87,17865
1043,Eternatus (Eternamax Eternatus),170,45,190,55,169,87,106180
1044,Kubfu,-25,20,0,-17,-31,29,3116
1045,Urshifu,15,60,40,-7,-21,54,8831
1046,Zarude,20,50,45,0,14,62,8965
1047,Regieleki,-5,30,-10,30,-31,157,27535
1048,Regidrago,115,30,-10,30,-31,37,17455
1049,Glastrier,15,75,70,-5,29,-13,11785
1050,Spectrier,15,-5,0,75,-1,87,13445
1051,Calyrex,15,10,20,10,-1,37,2195
1052,Calyrex (Ice Rider Calyrex),15,95,90,15,49,7,20025
1053,Calyrex (Shadow Rider Calyrex),15,15,20,95,19,107,21685
1054,Wyrdeer,18,35,12,35,-6,22,3438
1055,Kleavor,-15,65,35,-25,-11,42,8185
1056,Ursaluna,45,70,45,-25,-1,7,9625
1057,Basculegion (Male),35,42,5,10,-6,35,4375
1058,Basculegion (Female),35,22,5,30,-6,35,3895
1059,Sneasler,-5,60,0,-30,-1,77,10455
1060,Overqwil,0,45,35,-5,-16,42,5295
1061,Enamorus (Incarnate Forme),-11,45,10,65,-1,63,10441
1062,Enamorus (Therian Forme),-11,45,50,65,19,3,9241
1063,Sprigatito,-45,-9,-6,-25,-36,22,4547
1064,Floragato,-24,10,3,-10,-18,40,2709
1065,Meowscarada,-9,40,10,11,-11,80,8423
1066,Fuecoco,-18,-25,-1,-7,-41,-7,2729
1067,Crocalor,-4,-15,18,20,-23,6,1530
1068,Skeledirge,19,5,40,40,-6,23,4151
1069,Quaxly,-30,-5,-15,-20,-36,7,2895
1070,Quaxwell,-15,15,5,-5,-21,22,1425
1071,Quaquaval,0,50,20,15,-6,42,4925
1072,Lechonk,-31,-25,-20,-35,-36,-8,4571
1073,Oinkologne (Male),25,30,15,-11,-1,22,2356
1074,Oinkologne (Female),30,20,10,-11,9,22,2086
1075,Tarountula,-50,-29,-15,-41,-41,-23,7457
1076,Spidops,-25,9,32,-18,5,-8,2143
1077,Nymble,-52,-24,-20,-49,-56,2,9221
1078,Lokix,-14,32,18,-18,-26,49,4945
1079,Pawmi,-40,-20,-40,-30,-56,17,7925
1080,Pawmo,-25,5,-20,-20,-41,42,4895
1081,Pawmot,-15,45,10,0,-21,62,6635
1082,Tandemaus,-35,-20,-15,-30,-36,32,5070
1083,Maushold,-11,5,10,-5,-6,68,4931
1084,Fidough,-48,-15,10,-40,-26,22,5389
1085,Dachsbun,-28,10,55,-20,-1,52,7014
1086,Smoliv,-44,-35,-15,-12,-30,-13,4599
1087,Dolliv,-33,-17,0,8,-3,-10,1551
1088,Arboliva,-7,-1,30,55,28,-4,4775
1089,Squawkabilly,-3,26,-9,-25,-30,49,4692
1090,Nacli,-30,-15,15,-35,-46,-18,5015
1091,Naclstack,-25,-10,40,-35,-16,-8,3870
1092,Garganacl,15,30,70,-25,9,-8,6795
1093,Charcadet,-45,-20,-20,-20,-41,-8,4970
1094,Armarouge,0,-10,40,55,-1,32,5750
1095,Ceruledge,-10,55,20,-10,19,42,5750
1096,Tadbulb,-24,-39,-19,-11,-46,2,4699
1097,Bellibolt,24,-6,31,33,2,2,2670
1098,Wattrel,-45,-30,-25,-15,-41,27,6185
1099,Kilowattrel,-15,0,0,35,-21,82,8615
1100,Maschiff,-25,8,0,-30,-30,8,2553
1101,Mabosstiff,-5,50,30,-10,-11,42,5410
1102,Shroodle,-45,-5,-25,-30,-46,32,6715
1103,Grafaiai,-22,25,5,10,-9,67,5804
1104,Bramblin,-45,-5,-30,-25,-46,17,5980
1105,Brambleghast,-30,45,10,10,-11,47,5455
1106,Toedscool,-45,-30,-25,-20,19,27,5040
1107,Toedscruel,-5,0,5,10,39,57,4920
1108,Klawf,-15,30,55,-35,-26,32,7075
1109,Capsakid,-35,-8,-20,-8,-41,7,3483
1110,Scovillain,-20,38,5,38,-16,32,4593
1111,Rellor,-44,-20,0,-39,-23,-13,4555
1112,Rabsca,-10,-20,25,45,19,2,3515
1113,Flittle,-55,-35,-30,-15,-51,32,9000
1114,Espathra,10,-10,0,31,-21,62,5446
1115,Tinkatink,-35,-25,-15,-35,-17,15,3814
1116,Tinkatuff,-20,-15,-5,-25,1,35,2501
1117,Tinkaton,0,5,17,0,24,51,3491
1118,Wiglett,-75,-15,-35,-35,-56,52,14140
1119,Wugtrio,-50,30,-10,-20,-11,77,9950
1120,Bombirdier,-15,33,25,-10,4,39,3576
1121,Finizen,-15,-25,-20,-25,-41,32,4580
1122,Palafin,15,0,12,-17,-19,57,4268
1123,Palafin,15,90,37,36,6,57,14275
1124,Varoom,-40,0,3,-40,-36,4,4521
1125,Revavroom,-5,49,30,-16,-14,47,5987
1126,Cyclizar,-15,25,5,15,-16,78,7440
1127,Orthworm,-15,15,85,-10,-26,22,8935
1128,Glimmet,-37,-35,-18,35,-21,17,4873
1129,Glimmora,-2,-15,30,60,0,43,6578
1130,Greavard,-35,-9,0,-40,-26,-9,3663
1131,Houndstone,-13,31,40,-20,16,25,4011
1132,Flamigo,-3,45,14,5,-17,47,4753
1133,Cetoddle,23,-2,-15,-40,-41,0,4039
1134,Cetitan,85,43,5,-25,-26,30,11300
1135,Veluza,5,32,13,8,-16,27,2267
1136,Dondozo,65,30,55,-5,-16,-8,8495
1137,Tatsugiri,-17,-20,0,50,14,39,4906
1138,Annihilape,25,45,20,-20,9,47,5740
1139,Clodsire,45,5,0,-25,19,-23,3565
1140,Farigiraf,35,20,10,40,-11,17,3735
1141,Dudunsparce,40,30,20,15,-6,12,3305
1142,Kingambit,15,65,60,-10,4,7,8215
1143,Great Tusk,30,61,71,-17,-28,44,12671
1144,Scream Tail,30,-5,39,-5,34,68,8251
1145,Brute Bonnet,26,57,39,9,18,12,5995
1146,Flutter Mane,-30,-15,-5,65,54,92,16755
1147,Slither Wing,0,65,19,15,24,38,6831
1148,Sandy Shocks,0,11,37,51,4,58,7471
1149,Iron Treads,5,42,60,2,-11,63,9483
1150,Iron Bundle,-29,10,54,54,-21,93,15863
1151,Iron Hands,69,70,48,-20,-13,7,12583
1152,Iron Jugulis,9,10,26,52,-1,65,7787
1153,Iron Moth,-5,0,0,70,29,67,10255
1154,Iron Thorns,15,64,50,0,3,29,7671
1155,Frigibax,-20,5,-15,-35,-36,12,3315
1156,Arctibax,5,25,6,-25,-16,19,1928
1157,Baxcalibur,30,75,32,5,5,44,9535
1158,Gimmighoul (Chest Form),-40,-40,10,5,-11,-33,4535
1159,Gimmighoul (Roaming Form),-40,-40,-35,5,-36,37,7115
1160,Gholdengo,2,-10,35,63,10,41,7079
1161,Wo-Chien,0,15,40,25,54,27,6095
1162,Chien-Pao,-5,50,20,20,-16,92,12045
1163,Ting-Lu,70,40,65,-15,-1,2,10955
1164,Chi-Yu,-30,10,20,65,39,57,10395
1165,Roaring Moon,20,69,11,-15,20,76,11683
1166,Iron Valiant,-11,60,30,50,-21,73,12891
1167,Koraidon,15,65,55,15,19,92,16525
1168,Miraidon,15,15,40,65,34,92,15895
