Kalah Roché vs. Pokemon SSE,pokemon,D_HP,D_ATK,D_DEF,D_SPA,D_SPD,D_SPE,SSE
0,Bulbasaur,-17,-44,-38,-1,-13,-51,6440
1,Ivysaur,-2,-31,-24,14,2,-36,3037
2,Venusaur,18,-11,-4,34,22,-16,2357
3,Venusaur (Mega Venusaur),18,7,36,56,42,-16,6825
4,Charmander,-23,-41,-44,-6,-28,-31,5927
5,Charmeleon,-4,-29,-29,14,-13,-16,2319
6,Charizard,16,-9,-9,43,7,4,2332
7,Charizard (Mega Charizard X),16,37,24,64,7,4,6362
8,Charizard (Mega Charizard Y),16,11,-9,93,37,4,10492
9,Squirtle,-18,-45,-22,-16,-14,-53,6094
10,Wartortle,-3,-30,-7,-1,2,-38,2407
11,Blastoise,17,-10,13,19,27,-18,1972
12,Blastoise (Mega Blastoise),17,10,33,69,37,-18,7932
13,Caterpie,-17,-63,-52,-46,-58,-51,15043
14,Metapod,-12,-73,-32,-41,-53,-66,15343
15,Butterfree,-2,-48,-37,24,2,-26,4933
16,Weedle,-22,-58,-57,-46,-58,-46,14693
17,Kakuna,-17,-68,-37,-41,-53,-61,14493
18,Beedrill,3,-3,-47,-21,2,-21,3113
19,Beedrill (Mega Beedrill),3,57,-47,-51,2,49,10473
20,Pidgey,-22,-48,-47,-31,-43,-40,9407
21,Pidgeotto,1,-33,-32,-16,-28,-25,3779
22,Pidgeot,21,-13,-12,4,-8,5,859
23,Pidgeot (Mega Pidgeot),21,-13,-7,69,2,25,6049
24,Rattata,-32,-37,-52,-41,-43,-24,9203
25,Rattata (Alolan Rattata),-32,-37,-52,-41,-43,-24,9203
26,Raticate,-7,-12,-27,-16,-8,1,1243
27,Raticate (Alolan Raticate),13,-22,-17,-26,2,-19,1983
28,Spearow,-22,-33,-57,-35,-47,-26,8932
29,Fearow,3,-3,-22,-5,-17,4,832
30,Ekans,-27,-33,-43,-26,-24,-41,6600
31,Arbok,-2,2,-18,-1,1,-16,590
32,Pikachu,-27,-38,-47,-16,-28,-6,5458
33,Pikachu (Partner Pikachu),-17,-13,-37,9,-18,24,2808
34,Raichu,-2,-3,-32,24,2,14,1813
35,Raichu (Alolan Raichu),-2,-8,-37,29,7,14,2523
36,Sandshrew,-12,-18,-2,-46,-48,-56,8028
37,Sandshrew (Alolan Sandshrew),-12,-18,3,-56,-43,-56,8598
38,Sandslash,13,7,23,-21,-23,-31,2678
39,Sandslash (Alolan Sandslash),13,7,33,-41,-13,-31,4118
40,Nidoran♀,-7,-46,-35,-26,-38,-55,8535
41,Nidorina,8,-31,-20,-11,-23,-40,3675
42,Nidoqueen,28,-1,0,9,7,-20,1315
43,Nidoran♂,-16,-36,-47,-26,-38,-46,7997
44,Nidorino,-1,-21,-30,-11,-23,-31,2953
45,Nidoking,19,9,-10,19,-3,-11,1033
46,Clefairy,8,-48,-39,-6,-13,-61,7815
47,Clefable,33,-23,-14,29,12,-36,4095
48,Vulpix,-24,-52,-47,-16,-13,-31,6875
49,Vulpix (Alolan Vulpix),-24,-52,-47,-16,-13,-31,6875
50,Ninetales,11,-17,-12,15,22,4,1279
51,Ninetales (Alolan Ninetales),11,-26,-12,15,22,13,1819
52,Jigglypuff,53,-48,-67,-21,-53,-76,18628
53,Wigglytuff,78,-23,-42,19,-28,-51,12123
54,Zubat,-22,-48,-52,-36,-38,-41,9913
55,Golbat,13,-13,-17,-1,-3,-6,673
56,Oddish,-17,-43,-32,9,-13,-66,7768
57,Gloom,-2,-28,-17,19,-3,-56,4583
58,Vileplume,13,-13,-2,44,12,-46,4538
59,Paras,-27,-23,-32,-21,-23,-71,8293
60,Parasect,-2,2,-7,-6,2,-66,4453
61,Venonat,-2,-38,-37,-26,-23,-51,6623
62,Venomoth,8,-28,-27,24,-3,-6,2198
63,Diglett,-52,-38,-62,-31,-33,-1,10043
64,Diglett (Alolan Diglett),-52,-38,-57,-31,-33,-6,9483
65,Dugtrio,-27,7,-37,-16,-8,24,3043
66,Dugtrio (Alolan Dugtrio),-27,7,-27,-16,-8,14,2023
67,Meowth,-22,-48,-52,-26,-38,-6,7648
68,Meowth (Alolan Meowth),-22,-58,-52,-16,-38,-6,8288
69,Meowth (Galarian Meowth),-12,-28,-32,-26,-38,-56,7208
70,Persian,3,-23,-27,-1,-13,19,1798
71,Persian (Alolan Persian),3,-33,-27,9,-13,19,2438
72,Psyduck,-12,-41,-39,-1,-28,-41,5812
73,Golduck,18,-11,-9,29,2,-11,1492
74,Mankey,-22,-13,-52,-31,-33,-26,6083
75,Primeape,3,12,-27,-6,-8,-1,983
76,Growlithe,-7,-23,-42,4,-28,-36,4438
77,Growlithe (Hisuian Growlithe),-2,-18,-42,-1,-28,-41,4558
78,Arcanine,28,17,-7,34,2,-1,2283
79,Arcanine (Hisuian Arcanine),33,22,-7,29,2,-6,2503
80,Poliwag,-22,-43,-47,-26,-38,-6,6698
81,Poliwhirl,3,-28,-22,-16,-28,-6,2353
82,Poliwrath,28,2,8,4,12,-26,1688
83,Abra,-37,-73,-72,39,-23,-6,13968
84,Kadabra,-22,-58,-57,54,-8,9,10158
85,Alakazam,-7,-43,-42,69,17,24,9288
86,Alakazam (Mega Alakazam),-7,-43,-22,109,27,54,17908
87,Machop,8,-13,-37,-31,-43,-61,8133
88,Machoke,18,7,-17,-16,-18,-51,3843
89,Machamp,28,37,-7,-1,7,-41,3933
90,Bellsprout,-12,-18,-52,4,-48,-56,8628
91,Weepinbell,3,-3,-37,19,-33,-41,4518
92,Victreebel,18,12,-22,34,-8,-26,2848
93,Tentacool,-22,-53,-52,-16,22,-26,7413
94,Tentacruel,18,-23,-22,14,42,4,3313
95,Geodude,-22,-13,13,-36,-48,-76,10198
96,Geodude (Alolan Geodude),-22,-13,13,-36,-48,-76,10198
97,Graveler,-7,2,28,-21,-33,-61,6088
98,Graveler (Alolan Graveler),-7,2,28,-21,-33,-61,6088
99,Golem,18,27,43,-11,-13,-51,5793
100,Golem (Alolan Golem),18,27,43,-11,-13,-51,5793
101,Ponyta,-12,-8,-32,-1,-13,-6,1438
102,Ponyta (Galarian Ponyta),-12,-8,-32,-1,-13,-6,1438
103,Rapidash,3,7,-17,14,2,9,628
104,Rapidash (Galarian Rapidash),3,7,-17,14,2,9,628
105,Slowpoke,28,-28,-22,-26,-38,-81,10733
106,Slowpoke (Galarian Slowpoke),28,-28,-22,-26,-38,-81,10733
107,Slowbro,33,-18,23,34,2,-66,7458
108,Slowbro (Mega Slowbro),33,-18,93,64,2,-66,18518
109,Slowbro (Galarian Slowbro),33,7,8,34,-8,-66,6778
110,Magnemite,-37,-58,-17,29,-23,-51,8993
111,Magneton,-12,-33,8,54,-8,-26,4953
112,Farfetch'd,-10,-3,-32,-8,-16,-36,2749
113,Farfetch'd (Galarian Farfetch'd),-10,2,-32,-8,-16,-41,3129
114,Doduo,-27,-8,-42,-31,-43,-21,5808
115,Dodrio,-2,17,-17,-6,-18,14,1138
116,Seel,3,-48,-32,-21,-8,-51,6443
117,Dewgong,28,-23,-7,4,17,-26,2343
118,Grimer,18,-13,-37,-26,-28,-71,8363
119,Grimer (Alolan Grimer),18,-13,-37,-26,-28,-71,8363
120,Muk,43,12,-12,-1,22,-46,4738
121,Muk (Alolan Muk),43,12,-12,-1,22,-46,4738
122,Shellder,-32,-28,13,-21,-53,-56,8363
123,Cloyster,-12,2,93,19,-33,-26,10923
124,Gastly,-32,-58,-57,34,-43,-16,10898
125,Haunter,-17,-43,-42,49,-23,-1,6833
126,Gengar,-2,-28,-27,64,-3,14,5818
127,Gengar (Mega Gengar),-2,-28,-7,104,17,34,13098
128,Onix,-27,-48,73,-36,-33,-26,11423
129,Drowzee,-2,-45,-42,-23,12,-54,7382
130,Hypno,23,-20,-17,7,37,-29,3477
131,Krabby,-32,12,3,-41,-53,-46,7783
132,Kingler,-7,37,28,-16,-28,-21,3683
133,Voltorb,-22,-63,-37,-11,-23,4,6488
134,Voltorb (Hisuian Voltorb),-22,-63,-37,-11,-23,4,6488
135,Electrode,-2,-43,-17,14,2,54,5258
136,Electrode (Hisuian Electrode),-2,-43,-17,14,2,54,5258
137,Exeggcute,-2,-53,-7,-6,-33,-56,7123
138,Exeggutor,33,2,-2,59,-3,-41,6268
139,Exeggutor (Alolan Exeggutor),33,12,-2,59,-3,-51,7328
140,Cubone,-12,-43,8,-26,-28,-61,7238
141,Marowak,-2,-13,23,-16,2,-51,3563
142,Marowak (Alolan Marowak),-2,-13,23,-16,2,-51,3563
143,Hitmonlee,-12,27,-34,-31,32,-9,4095
144,Hitmonchan,-12,12,-8,-31,32,-20,2737
145,Lickitung,28,-38,-12,-6,-3,-66,6773
146,Koffing,-22,-28,8,-6,-33,-61,6178
147,Weezing,3,-3,33,19,-8,-36,2828
148,Weezing (Galarian Weezing),3,-3,33,19,-8,-36,2828
149,Rhyhorn,18,-8,8,-36,-48,-71,9093
150,Rhydon,43,37,33,-21,-33,-56,8973
151,Chansey,188,-88,-82,-31,27,-46,53618
152,Tangela,3,-38,28,34,-38,-36,6133
153,Kangaskhan,43,2,-7,-26,2,-6,2618
154,Kangaskhan (Mega Kangaskhan),43,32,13,-6,22,4,3578
155,Horsea,-32,-53,-17,4,-53,-36,8243
156,Seadra,-7,-28,8,29,-33,-11,2948
157,Goldeen,-17,-26,-27,-31,-28,-33,4528
158,Seaking,18,-1,-22,-1,2,-28,1598
159,Staryu,-32,-48,-32,4,-23,-11,5018
160,Starmie,-2,-18,-2,34,7,19,1898
161,Mr. Mime,-22,-48,-22,34,42,-6,6228
162,Mr. Mime (Galarian Mr. Mime),-12,-28,-22,24,12,4,2148
163,Scyther,8,17,-7,-11,2,9,608
164,Jynx,3,-43,-52,49,17,-1,7253
165,Electabuzz,3,-10,-30,29,7,9,1980
166,Magmar,3,2,-30,34,7,-3,2127
167,Pinsir,3,32,13,-11,-8,-11,1508
168,Pinsir (Mega Pinsir),3,62,33,-1,12,9,5168
169,Tauros,13,7,8,-26,-8,14,1218
170,Tauros (Paldean Tauros (Combat Breed)),13,17,18,-36,-8,4,2158
171,Tauros (Paldean Tauros (Blaze Breed)),13,17,18,-36,-8,4,2158
172,Tauros (Paldean Tauros (Aqua Breed)),13,17,18,-36,-8,4,2158
173,Magikarp,-42,-83,-32,-51,-58,-16,15898
174,Gyarados,33,32,-8,-6,22,-15,2922
175,Gyarados (Mega Gyarados),33,62,22,4,52,-15,8362
176,Lapras,68,-8,-7,19,17,-36,6683
177,Ditto,-14,-45,-39,-18,-30,-48,7270
178,Eevee,-7,-38,-37,-21,-13,-41,5153
179,Eevee (Partner Eevee),3,-18,-17,-1,7,-21,1113
180,Vaporeon,68,-28,-27,44,17,-31,9323
181,Jolteon,3,-28,-27,44,17,34,4903
182,Flareon,3,37,-27,29,32,-31,4933
183,Porygon,3,-33,-17,19,-3,-56,4893
184,Omanyte,-27,-53,13,24,-23,-61,8533
185,Omastar,8,-33,38,49,-8,-41,6743
186,Kabuto,-32,-13,3,-11,-33,-41,4093
187,Kabutops,-2,22,18,-1,-8,-16,1133
188,Aerodactyl,18,12,-22,-6,-3,34,2153
189,Aerodactyl (Mega Aerodactyl),18,42,-2,4,17,54,5313
190,Snorlax,98,17,-22,-1,32,-66,15758
191,Articuno,28,-8,13,29,47,-11,4188
192,Articuno (Galarian Articuno),28,-8,-2,59,22,-1,4818
193,Zapdos,28,-3,-2,59,12,4,4438
194,Zapdos (Galarian Zapdos),28,32,3,19,12,4,2338
195,Moltres,28,7,3,59,7,-6,4408
196,Moltres (Galarian Moltres),28,-8,3,34,47,-6,4258
197,Dratini,-21,-29,-42,-16,-28,-46,6202
198,Dragonair,-1,-9,-22,4,-8,-26,1322
199,Dragonite,29,41,8,34,22,-16,4482
200,Mewtwo,44,17,3,88,12,34,11278
201,Mewtwo (Mega Mewtwo X),44,97,13,88,22,34,20898
202,Mewtwo (Mega Mewtwo Y),44,57,-17,128,42,44,25558
203,Mew,38,7,13,34,22,4,3318
204,Chikorita,-17,-44,-22,-17,-13,-51,5768
205,Bayleef,-2,-31,-7,-3,2,-36,2323
206,Meganium,18,-11,13,17,22,-16,1643
207,Cyndaquil,-23,-41,-44,-6,-28,-31,5927
208,Quilava,-4,-29,-29,14,-13,-16,2319
209,Typhlosion,16,-9,-9,43,7,4,2332
210,Typhlosion (Hisuian Typhlosion),11,-9,-9,53,7,-1,3142
211,Totodile,-12,-28,-23,-22,-30,-53,5650
212,Croconaw,3,-13,-7,-7,-15,-38,1945
213,Feraligatr,23,12,13,13,5,-18,1360
214,Sentret,-27,-47,-53,-31,-33,-76,13573
215,Furret,23,-17,-23,-21,-23,-6,2353
216,Hoothoot,-2,-63,-57,-30,-22,-46,10722
217,Noctowl,38,-43,-37,20,18,-26,6062
218,Ledyba,-22,-73,-57,-26,2,-41,11423
219,Ledian,-7,-58,-37,-11,32,-11,6048
220,Spinarak,-22,-33,-47,-26,-38,-66,10258
221,Ariados,8,-3,-17,-6,-8,-56,3598
222,Crobat,23,-3,-7,4,2,34,1763
223,Chinchou,13,-55,-49,-10,-22,-29,7020
224,Lanturn,63,-35,-29,10,-2,-29,6980
225,Pichu,-42,-53,-72,-31,-43,-36,13863
226,Cleffa,-12,-68,-59,-21,-23,-81,15780
227,Igglybuff,28,-63,-72,-26,-58,-81,20538
228,Togepi,-27,-73,-22,-26,-13,-76,13163
229,Togetic,-7,-53,-2,14,27,-56,6923
230,Natu,-22,-43,-42,4,-33,-26,5878
231,Xatu,3,-18,-17,29,-8,-1,1528
232,Mareep,-7,-53,-47,-1,-33,-61,9878
233,Flaaffy,8,-38,-32,14,-18,-51,5653
234,Ampharos,28,-18,-2,49,12,-41,5338
235,Ampharos (Mega Ampharos),28,2,18,99,32,-51,14538
236,Bellossom,13,-13,8,24,22,-46,3578
237,Marill,8,-73,-37,-46,-28,-56,12798
238,Azumarill,38,-43,-7,-6,2,-46,5498
239,Sudowoodo,8,7,28,-36,-13,-66,6718
240,Politoed,28,-18,-12,24,22,-26,2988
241,Hoppip,-27,-58,-47,-31,-23,-46,9908
242,Skiploom,-7,-48,-37,-21,-13,-16,4588
243,Jumpluff,13,-38,-17,-11,17,14,2508
244,Aipom,-7,-23,-32,-26,-23,-11,2928
245,Sunkern,-32,-63,-57,-36,-48,-66,16198
246,Sunflora,13,-18,-32,39,7,-66,7443
247,Yanma,3,-28,-42,9,-33,-1,3728
248,Wooper,-7,-48,-42,-41,-53,-81,15168
249,Wooper (Paldean Wooper),-7,-48,-42,-41,-53,-81,15168
250,Quagsire,33,-8,-2,-1,-13,-61,5048
251,Espeon,3,-28,-27,64,17,14,6103
252,Umbreon,33,-28,23,-6,52,-31,6103
253,Murkrow,-2,-8,-45,19,-36,-5,3775
254,Slowking,33,-18,-7,34,32,-66,7998
255,Slowking (Galarian Slowking),33,-28,-7,44,32,-66,9238
256,Misdreavus,-2,-33,-27,19,7,-11,2353
257,Unown,-14,-21,-39,6,-30,-48,5398
258,Wobbuffet,128,-60,-29,-33,-20,-63,26283
259,Girafarig,8,-13,-22,24,-13,-11,1583
260,Pineco,-12,-28,3,-31,-43,-81,10308
261,Forretress,13,-3,53,-6,-18,-56,6483
262,Dunsparce,38,-23,-17,-1,-13,-51,5033
263,Gligar,3,-18,18,-31,-13,-11,1908
264,Steelix,13,-8,113,-11,-13,-66,17648
265,Steelix (Mega Steelix),13,32,143,-11,17,-66,26408
266,Snubbull,-2,-13,-37,-26,-38,-66,8018
267,Granbull,28,27,-12,-6,-18,-51,4618
268,Qwilfish,3,2,-2,-11,-23,-11,788
269,Qwilfish (Hisuian Qwilfish),3,2,-2,-11,-23,-11,788
270,Scizor,8,37,13,-11,2,-31,2688
271,Scizor (Mega Scizor),8,57,53,-1,22,-21,7048
272,Shuckle,-42,-83,143,-56,152,-91,63623
273,Heracross,18,32,-12,-26,17,-11,2578
274,Heracross (Mega Heracross),18,92,28,-26,27,-21,11418
275,Sneasel,-7,2,-32,-31,-3,19,2408
276,Sneasel (Hisuian Sneasel),-7,2,-32,-31,-3,19,2408
277,Teddiursa,-2,-13,-37,-16,-28,-56,5718
278,Ursaring,28,37,-12,9,-3,-41,4068
279,Slugma,-22,-53,-47,4,-38,-76,12738
280,Magcargo,-2,-43,33,24,2,-66,7878
281,Swinub,-12,-43,-47,-36,-48,-46,9918
282,Piloswine,38,7,-7,-6,-18,-46,4018
283,Corsola,3,-38,8,-1,17,-61,5528
284,Corsola (Galarian Corsola),-2,-38,13,-1,22,-66,6458
285,Remoraid,-27,-28,-52,-1,-43,-31,7028
286,Octillery,13,12,-12,39,-3,-51,4588
287,Delibird,-17,-38,-42,-1,-33,-21,5028
288,Mantine,23,-53,-17,14,62,-26,8343
289,Skarmory,3,-13,53,-26,-8,-26,4403
290,Houndour,-17,-33,-57,14,-28,-31,6568
291,Houndoom,13,-3,-37,44,2,-1,3488
292,Houndoom (Mega Houndoom),13,-3,3,74,12,19,6168
293,Kingdra,13,2,8,29,17,-11,1488
294,Phanpy,28,-33,-27,-26,-38,-56,7858
295,Donphan,28,27,33,-6,-18,-46,5078
296,Porygon2,23,-13,3,39,17,-36,3813
297,Stantler,11,2,-25,19,-13,-11,1401
298,Smeargle,-7,-73,-52,-46,-33,-21,11728
299,Tyrogue,-27,-58,-52,-31,-43,-61,13328
300,Hitmontop,-12,2,8,-31,32,-26,2873
301,Smoochum,-17,-63,-72,19,-13,-31,10933
302,Elekid,-17,-30,-50,-1,-23,-1,4220
303,Magby,-17,-18,-50,4,-23,-13,3827
304,Miltank,33,-13,18,-26,-8,4,2338
305,Blissey,193,-83,-77,9,57,-41,55078
306,Raikou,28,-8,-12,49,22,19,4238
307,Entei,53,22,-2,24,-3,4,3898
308,Suicune,38,-18,28,24,37,-11,4618
309,Larvitar,-12,-29,-37,-21,-28,-55,6604
310,Pupitar,8,-9,-17,-1,-8,-45,2524
311,Tyranitar,38,41,23,29,22,-35,6204
312,Tyranitar (Mega Tyranitar),38,71,63,29,42,-25,13684
313,Lugia,44,-3,43,24,76,14,10342
314,Ho-Oh,44,37,3,44,76,-6,11062
315,Celebi,38,7,13,34,22,4,3318
316,Treecko,-22,-48,-52,-1,-23,-26,6698
317,Grovyle,-12,-28,-42,19,-13,-1,3223
318,Sceptile,8,-8,-22,39,7,24,2758
319,Sceptile (Mega Sceptile),8,17,-12,79,7,49,9188
320,Torchic,-17,-33,-47,4,-28,-51,6988
321,Combusken,-2,-8,-27,19,-18,-41,3163
322,Blaziken,18,27,-17,44,-8,-16,3598
323,Blaziken (Mega Blaziken),18,67,-7,64,2,4,8978
324,Mudkip,-12,-23,-37,-16,-28,-56,6218
325,Marshtomp,8,-8,-17,-6,-8,-46,2633
326,Swampert,38,17,3,19,12,-36,3543
327,Swampert (Mega Swampert),38,57,23,29,32,-26,7763
328,Poochyena,-27,-38,-52,-36,-48,-61,12198
329,Mightyena,8,-3,-17,-6,-18,-26,1398
330,Zigzagoon,-24,-63,-46,-36,-37,-36,10622
331,Zigzagoon (Galarian Zigzagoon),-24,-63,-46,-36,-37,-36,10622
332,Linoone,16,-23,-26,-16,-17,4,2022
333,Linoone (Galarian Linoone),16,-23,-26,-16,-17,4,2022
334,Wurmple,-17,-48,-52,-46,-48,-76,15493
335,Silcoon,-12,-58,-32,-41,-53,-81,15583
336,Beautifly,-2,-23,-37,34,-28,-31,4803
337,Cascoon,-12,-58,-32,-41,-53,-81,15583
338,Dustox,-2,-43,-17,-16,12,-31,3503
339,Lotad,-22,-63,-57,-26,-28,-66,13518
340,Lombre,-2,-43,-37,-6,-8,-46,5438
341,Ludicolo,18,-23,-17,24,22,-26,2878
342,Seedot,-22,-53,-37,-36,-48,-66,12618
343,Nuzleaf,8,-23,-47,-6,-38,-36,5578
344,Shiftry,28,7,-27,24,-18,-16,2718
345,Taillow,-22,-38,-57,-36,-48,-11,8898
346,Swellow,-2,-8,-27,9,-28,29,2503
347,Wingull,-22,-63,-57,-11,-48,-11,10248
348,Pelipper,-2,-43,13,29,-8,-31,3888
349,Ralts,-34,-68,-62,-21,-43,-56,15050
350,Kirlia,-24,-58,-52,-1,-23,-46,9290
351,Gardevoir,6,-28,-22,59,37,-16,6410
352,Gardevoir (Mega Gardevoir),6,-8,-22,99,57,4,13650
353,Surskit,-22,-63,-55,-16,-26,-31,9371
354,Masquerain,8,-33,-25,34,4,-16,3206
355,Shroomish,-2,-53,-27,-26,-18,-61,8263
356,Breloom,-2,37,-7,-6,-18,-26,2458
357,Slakoth,-2,-33,-27,-31,-43,-66,8988
358,Vigoroth,18,-13,-7,-11,-23,-6,1228
359,Slaking,88,67,13,29,-13,4,13428
360,Nincada,-31,-48,3,-36,-48,-56,10010
361,Ninjask,-1,-3,-42,-16,-28,64,6910
362,Shedinja,-61,-3,-42,-36,-48,-56,12230
363,Whismur,2,-42,-64,-15,-55,-68,13738
364,Loudred,22,-22,-44,5,-35,-48,6458
365,Exploud,42,-2,-24,25,-5,-28,3778
366,Makuhita,10,-33,-57,-46,-48,-71,13899
367,Hariyama,82,27,-27,-26,-18,-46,11298
368,Azurill,-12,-73,-47,-46,-38,-76,17018
369,Nosepass,-32,-48,48,-21,12,-66,10573
370,Skitty,-12,-48,-42,-31,-43,-46,9138
371,Delcatty,8,-28,-22,-11,-23,-6,2018
372,Sableye,-12,-18,-12,-1,-13,-46,2898
373,Sableye (Mega Sableye),-12,-8,38,19,37,-76,9158
374,Mawile,-12,-8,-2,-11,-23,-46,2978
375,Mawile (Mega Mawile),-12,12,38,-11,17,-46,4258
376,Aron,-12,-23,13,-26,-38,-66,7318
377,Lairon,-2,-3,53,-16,-28,-56,6998
378,Aggron,8,17,93,-6,-18,-46,11478
379,Aggron (Mega Aggron),8,47,143,-6,2,-46,24878
380,Meditite,-32,-53,-32,-26,-23,-36,7358
381,Medicham,-2,-33,-12,-6,-3,-16,1538
382,Medicham (Mega Medicham),-2,7,-2,14,7,4,318
383,Electrike,-22,-48,-47,-1,-38,-31,7403
384,Manectric,8,-18,-27,39,-18,9,3043
385,Manectric (Mega Manectric),8,-18,-7,69,2,39,6723
386,Plusle,-2,-43,-47,19,-3,-1,4433
387,Minun,-2,-53,-37,9,7,-1,4313
388,Volbeat,3,-20,-12,-19,7,-11,1084
389,Illumise,3,-46,-12,7,7,-11,2488
390,Roselia,-12,-33,-42,34,2,-31,5118
391,Gulpin,8,-50,-34,-23,-25,-56,8010
392,Swalot,38,-20,-4,7,5,-41,3615
393,Carvanha,-17,-3,-67,-1,-58,-31,9113
394,Sharpedo,8,27,-47,29,-38,-1,5288
395,Sharpedo (Mega Sharpedo),8,47,-17,44,-13,9,4748
396,Wailmer,68,-23,-52,4,-43,-36,11018
397,Wailord,108,-3,-42,24,-33,-36,16398
398,Numel,-2,-33,-47,-1,-33,-61,8113
399,Camerupt,8,7,-17,39,-3,-56,5068
400,Camerupt (Mega Camerupt),8,27,13,79,27,-76,13708
401,Torkoal,8,-8,53,19,-8,-76,9138
402,Spoink,-2,-68,-52,4,2,-36,8648
403,Grumpig,18,-48,-22,24,32,-16,4968
404,Spinda,-2,-33,-27,-6,-18,-36,3478
405,Trapinch,-17,7,-42,-21,-33,-86,11028
406,Vibrava,-12,-23,-37,-16,-28,-26,3758
407,Flygon,18,7,-7,14,2,4,638
408,Cacnea,-12,-8,-47,19,-38,-61,7943
409,Cacturne,8,22,-27,49,-18,-41,5683
410,Swablu,-17,-53,-27,-26,-3,-46,6628
411,Altaria,13,-23,3,4,27,-16,1708
412,Altaria (Mega Altaria),13,17,23,44,27,-16,3908
413,Zangoose,11,22,-27,-6,-18,-6,1730
414,Seviper,11,7,-27,34,-18,-31,3340
415,Lunatone,28,-38,-22,29,7,-26,4278
416,Solrock,28,2,-2,-11,-13,-26,1758
417,Barboach,-12,-45,-44,-20,-37,-36,7170
418,Whiscash,48,-15,-14,10,-7,-36,4170
419,Corphish,-19,-13,-22,-16,-43,-61,6840
420,Crawdaunt,1,27,-2,24,-23,-41,3520
421,Baltoy,-22,-53,-32,-26,-8,-41,6738
422,Claydol,-2,-23,18,4,42,-21,3078
423,Lileep,4,-52,-10,-5,9,-73,8255
424,Cradily,24,-12,10,15,29,-53,4695
425,Anorith,-17,2,-37,-26,-28,-21,3563
426,Armaldo,13,32,13,4,2,-51,3983
427,Feebas,-42,-78,-67,-56,-23,-16,16258
428,Milotic,33,-33,-8,34,47,-15,5832
429,Castform,8,-23,-17,4,-8,-26,1638
430,Kecleon,-2,-3,-17,-6,42,-56,5238
431,Shuppet,-18,-18,-52,-3,-45,-51,7987
432,Banette,2,22,-22,17,-15,-31,2447
433,Banette (Mega Banette),2,72,-12,27,5,-21,6527
434,Duskull,-42,-53,3,-36,12,-71,11063
435,Dusclops,-22,-23,43,-6,52,-71,10643
436,Tropius,37,-25,-4,6,9,-45,4152
437,Chimecho,13,-43,-7,29,12,-31,4013
438,Absol,3,37,-27,9,-18,-21,2953
439,Absol (Mega Absol),3,57,-27,49,-18,19,7073
440,Wynaut,33,-70,-39,-43,-30,-73,15588
441,Snorunt,-12,-43,-37,-16,-28,-46,6518
442,Glalie,18,-13,-7,14,2,-16,998
443,Glalie (Mega Glalie),18,27,-7,54,2,4,4038
444,Spheal,8,-53,-37,-11,-28,-71,10188
445,Sealeo,28,-33,-17,9,-8,-51,4908
446,Walrein,48,-13,3,29,12,-31,4428
447,Clamperl,-27,-29,-2,8,-23,-64,6263
448,Huntail,-7,11,18,28,-3,-44,3223
449,Gorebyss,-7,-9,18,48,-3,-44,4703
450,Relicanth,38,-3,43,-21,-13,-41,5593
451,Luvdisc,-19,-63,-32,-26,-13,1,6200
452,Bagon,-17,-18,-27,-26,-48,-46,6438
453,Shelgon,3,2,13,-6,-28,-46,3118
454,Salamence,33,42,-7,44,2,4,4858
455,Salamence (Mega Salamence),33,52,43,54,12,24,9278
456,Beldum,-22,-38,-7,-31,-18,-66,7618
457,Metang,-2,-18,13,-11,2,-46,2738
458,Metagross,18,42,43,29,12,-26,5598
459,Metagross (Mega Metagross),18,52,63,39,32,14,9738
460,Regirock,18,7,113,-16,22,-46,15998
461,Regice,18,-43,13,34,122,-46,20498
462,Registeel,18,-18,63,9,72,-46,11998
463,Latias,18,-13,3,44,52,14,5338
464,Latias (Mega Latias),18,7,33,74,72,14,12318
465,Latios,18,-3,-7,64,32,14,5698
466,Latios (Mega Latios),18,37,13,94,42,14,12658
467,Kyogre,38,7,3,84,62,-6,12438
468,Kyogre (Primal Kyogre),38,57,3,114,82,-6,24458
469,Groudon,38,57,53,34,12,-6,8838
470,Groudon (Primal Groudon),38,87,73,84,12,-6,21578
471,Rayquaza,43,57,3,84,12,-1,12308
472,Rayquaza (Mega Rayquaza),43,87,13,114,22,19,23428
473,Jirachi,38,7,13,34,22,4,3318
474,Deoxys (Normal Forme),-12,57,-37,84,-28,54,15518
475,Deoxys (Attack Forme),-12,87,-67,114,-58,54,31478
476,Deoxys (Defense Forme),-12,-23,73,4,82,-6,12778
477,Deoxys (Speed Forme),-12,2,3,29,12,84,8198
478,Turtwig,-7,-25,-23,-21,-23,-65,6398
479,Grotle,13,-4,-2,-11,-13,-60,4079
480,Torterra,33,16,18,9,7,-40,3399
481,Chimchar,-18,-35,-43,-8,-34,-35,5843
482,Monferno,2,-15,-35,12,-26,-15,2499
483,Infernape,14,11,-16,38,-7,12,2210
484,Piplup,-9,-42,-34,-5,-22,-56,6646
485,Prinplup,2,-27,-19,15,-2,-46,3439
486,Empoleon,22,-7,1,45,23,-36,4384
487,Starly,-22,-38,-57,-36,-48,-36,10073
488,Staravia,-7,-18,-37,-26,-38,-16,4118
489,Staraptor,23,27,-17,-16,-18,4,2143
490,Bidoof,-3,-48,-47,-31,-38,-65,11152
491,Bibarel,17,-8,-27,-11,-18,-25,2152
492,Kricketot,-25,-68,-46,-41,-37,-71,15456
493,Kricketune,15,-8,-36,-11,-27,-31,3396
494,Shinx,-17,-28,-53,-26,-44,-51,9095
495,Luxio,-2,-8,-38,-6,-29,-36,3685
496,Luxray,18,27,-8,29,1,-26,2635
497,Budew,-22,-63,-52,-16,-8,-41,9158
498,Roserade,-2,-23,-22,59,27,-6,5263
499,Cranidos,5,32,-47,-36,-48,-38,8302
500,Rampardos,35,72,-27,-1,-28,-38,9367
501,Shieldon,-32,-51,31,-24,10,-66,9618
502,Bastiodon,-2,-41,81,-19,60,-66,16563
503,Burmy,-22,-64,-42,-37,-33,-60,12402
504,Wormadam (Plant Cloak),-2,-34,-2,13,27,-60,5662
505,Wormadam (Sandy Cloak),-2,-14,18,-7,7,-60,4222
506,Wormadam (Trash Cloak),-2,-24,8,3,17,-60,4542
507,Mothim,8,1,-37,28,-28,-30,3902
508,Combee,-32,-63,-45,-36,-36,-26,10286
509,Vespiquen,8,-13,15,14,24,-56,4366
510,Pachirisu,-2,-48,-17,-21,12,-1,3183
511,Buizel,-7,-28,-52,-6,-48,-11,5998
512,Floatzel,23,12,-32,19,-28,19,3203
513,Cherubi,-17,-58,-42,-4,-25,-61,9779
514,Cherrim,8,-33,-17,21,0,-11,2004
515,Shellos,14,-45,-39,-9,-16,-62,7923
516,Gastrodon,49,-10,-19,26,4,-57,6803
517,Ambipom,13,7,-21,-6,-12,19,1200
518,Drifloon,28,-43,-53,-6,-34,-26,7310
519,Drifblim,88,-13,-43,24,-24,-16,11170
520,Buneary,-7,-27,-43,-22,-22,-11,3716
521,Lopunny,3,-17,-3,-12,18,9,856
522,Lopunny (Mega Lopunny),3,43,7,-12,18,39,3896
523,Mismagius,-2,-33,-27,39,27,9,4153
524,Honchkrow,38,32,-35,39,-26,-25,6515
525,Glameow,-13,-38,-45,-24,-41,-11,6016
526,Purugly,9,-11,-23,-2,-19,16,1352
527,Chingling,-17,-63,-37,-1,-28,-51,9013
528,Stunky,1,-30,-40,-25,-37,-22,4979
529,Skuntank,41,0,-20,5,-17,-12,2539
530,Bronzor,-5,-69,-1,-42,8,-73,11944
531,Bronzong,5,-4,29,13,38,-63,6464
532,Bonsly,-12,-13,8,-56,-33,-86,11998
533,Mime Jr.,-42,-68,-42,4,12,-36,9608
534,Happiny,38,-88,-82,-51,-13,-66,23038
535,Chatot,14,-28,-42,26,-36,-5,4741
536,Spiritomb,-12,-1,21,26,30,-61,5883
537,Gible,-4,-23,-42,-26,-33,-54,6990
538,Gabite,6,-3,-22,-16,-23,-14,1510
539,Garchomp,46,37,8,14,7,6,3830
540,Garchomp (Mega Garchomp),46,77,28,54,17,-4,12050
541,Munchlax,73,-8,-47,-26,7,-91,16608
542,Riolu,-22,-23,-47,-31,-38,-36,6923
543,Lucario,8,17,-17,49,-8,-6,3143
544,Lucario (Mega Lucario),8,52,1,74,-8,16,8565
545,Hippopotas,6,-21,-9,-28,-36,-64,6734
546,Hippowdon,46,19,31,2,-6,-49,5879
547,Skorupi,-22,-43,3,-36,-23,-31,5128
548,Drapion,8,-3,23,-6,-3,-1,648
549,Croagunk,-14,-32,-47,-5,-38,-46,7014
550,Toxicroak,21,13,-22,20,-13,-11,1784
551,Carnivine,12,7,-15,24,-6,-50,3530
552,Finneon,-13,-44,-31,-17,-17,-30,4544
553,Lumineon,7,-24,-11,3,8,-5,844
554,Mantyke,-17,-73,-37,-6,42,-46,10903
555,Snover,-2,-31,-37,-4,-18,-56,5810
556,Abomasnow,28,-1,-12,26,7,-36,2950
557,Abomasnow (Mega Abomasnow),28,39,18,66,27,-66,12070
558,Weavile,8,27,-22,-21,7,29,2608
559,Magnezone,8,-23,28,64,12,-36,6913
560,Lickilicky,48,-8,8,14,17,-46,5033
561,Rhyperior,53,47,43,-11,-23,-56,10653
562,Tangrowth,38,7,38,44,-28,-46,7773
563,Electivire,13,30,-20,29,7,-1,2360
564,Magmortar,13,2,-20,59,17,-13,4512
565,Togekiss,23,-43,8,54,37,-16,6983
566,Yanmega,24,-17,-1,50,-22,-1,3851
567,Leafeon,3,17,43,-6,-13,-1,2353
568,Glaceon,3,-33,23,64,17,-31,6973
569,Gliscor,13,2,38,-21,-3,-1,2068
570,Mamoswine,48,37,-7,4,-18,-16,4318
571,Porygon-Z,23,-13,-17,69,-3,-6,5793
572,Gallade,6,32,-22,-1,37,-16,3170
573,Gallade (Mega Gallade),6,72,8,-1,37,14,6850
574,Probopass,-2,-38,58,9,72,-56,13213
575,Dusknoir,-17,7,48,-1,57,-51,8493
576,Froslass,8,-13,-17,14,-8,14,978
577,Rotom,-12,-43,-10,29,-1,-5,2960
578,Rotom (Heat Rotom),-12,-28,20,39,29,-10,3790
579,Rotom (Wash Rotom),-12,-28,20,39,29,-10,3790
580,Rotom (Frost Rotom),-12,-28,20,39,29,-10,3790
581,Rotom (Fan Rotom),-12,-28,20,39,29,-10,3790
582,Rotom (Mow Rotom),-12,-28,20,39,29,-10,3790
583,Uxie,13,-18,43,9,52,-1,5128
584,Mesprit,18,12,18,39,27,-16,3298
585,Azelf,13,32,-17,59,-8,19,5388
586,Dialga,38,27,33,84,22,-6,10838
587,Dialga (Origin Forme),38,7,33,84,42,-6,11438
588,Palkia,28,27,13,84,42,4,10518
589,Palkia (Origin Forme),28,7,13,84,42,24,10398
590,Heatran,29,-3,19,64,28,-19,6452
591,Regigigas,48,67,23,14,32,4,8558
592,Giratina (Altered Forme),88,7,33,34,42,-6,11838
593,Giratina (Origin Forme),88,27,13,54,22,-6,12078
594,Cresselia,58,-23,33,9,52,-11,7888
595,Phione,18,-13,-7,14,2,-16,998
596,Manaphy,38,7,13,34,22,4,3318
597,Darkrai,8,-3,3,69,12,29,5828
598,Shaymin (Land Forme),38,7,13,34,22,4,3318
599,Shaymin (Sky Forme),38,10,-12,54,-3,31,5574
600,Arceus,58,27,33,54,42,24,10438
601,Victini,38,7,13,34,22,4,3318
602,Snivy,-17,-48,-32,-21,-23,-33,5676
603,Servine,-2,-33,-12,-6,-3,-13,1451
604,Serperior,13,-18,8,9,17,17,1216
605,Tepig,3,-30,-42,-21,-33,-51,6804
606,Pignite,28,0,-32,4,-23,-41,4034
607,Emboar,48,30,-22,34,-13,-31,5974
608,Oshawott,-7,-38,-42,-3,-33,-51,6956
609,Dewott,13,-18,-27,17,-18,-36,3131
610,Samurott,33,7,-2,42,-8,-26,3646
611,Samurott (Hisuian Samurott),28,15,-7,34,-13,-11,2504
612,Patrat,-17,-38,-48,-31,-39,-54,9435
613,Watchog,-2,-8,-18,-6,-9,-19,870
614,Lillipup,-17,-33,-42,-41,-33,-41,7593
615,Herdier,3,-13,-22,-31,-13,-36,3088
616,Stoutland,23,17,3,-21,12,-16,1668
617,Purrloin,-21,-43,-50,-16,-41,-30,7627
618,Liepard,2,-5,-37,22,-28,10,2766
619,Pansage,-12,-40,-39,-13,-30,-32,5358
620,Simisage,13,5,-24,32,-15,5,2044
621,Pansear,-12,-40,-39,-13,-30,-32,5358
622,Simisear,13,5,-24,32,-15,5,2044
623,Panpour,-12,-40,-39,-13,-30,-32,5358
624,Simipour,13,5,-24,32,-15,5,2044
625,Munna,14,-68,-42,1,-23,-72,12298
626,Musharna,54,-38,-2,41,17,-67,10823
627,Pidove,-12,-38,-37,-30,-48,-53,8970
628,Tranquill,0,-16,-25,-16,-36,-31,3394
629,Unfezant,18,22,-7,-1,-23,-3,1396
630,Blitzle,-17,-33,-55,-16,-46,-20,7175
631,Zebstrika,13,7,-24,14,-15,20,1615
632,Roggenrola,-7,-18,-2,-41,-53,-81,11428
633,Boldore,8,12,18,-16,-38,-76,8008
634,Gigalith,23,42,43,-6,2,-71,9223
635,Woobat,3,-48,-44,-11,-35,-24,6171
636,Swoobat,5,-36,-32,11,-23,18,3319
637,Drilbur,-2,-8,-47,-36,-33,-28,5446
638,Excadrill,48,42,-27,-16,-13,-8,5286
639,Audino,41,-33,-1,-6,8,-46,4987
640,Audino (Mega Audino),41,-33,39,14,48,-46,8907
641,Timburr,13,-13,-32,-41,-43,-61,8613
642,Gurdurr,23,12,-2,-26,-28,-56,5273
643,Conkeldurr,43,47,8,-11,-13,-51,7013
644,Tympole,-12,-43,-47,-16,-38,-32,6926
645,Palpitoad,13,-28,-32,-1,-23,-27,3236
646,Seismitoad,43,2,-12,19,-3,-22,2851
647,Throh,58,7,-2,-36,7,-51,7363
648,Sawk,13,32,-12,-36,-3,-11,2763
649,Sewaddle,-17,-40,-17,-26,-18,-54,6094
650,Swadloon,-7,-30,3,-16,2,-54,4134
651,Leavanny,13,10,-7,4,2,-4,354
652,Venipede,-32,-48,-28,-36,-39,-39,8450
653,Whirlipede,-22,-38,12,-26,1,-49,5150
654,Scolipede,-2,7,2,-11,-9,16,515
655,Cottonee,-22,-66,-27,-29,-28,-30,8094
656,Whimsicott,-2,-26,-2,11,-3,20,1214
657,Petilil,-17,-58,-37,4,-28,-66,10178
658,Lilligant,8,-33,-12,44,-3,-6,3278
659,Lilligant (Hisuian Lilligant),8,12,-12,-16,-3,9,698
660,Basculin,8,-1,-22,14,-23,2,1278
661,Sandile,-12,-21,-52,-31,-43,-31,7060
662,Krokorok,-2,-11,-42,-21,-33,-22,3903
663,Krookodile,33,24,-7,-1,-8,-4,1795
664,Darumaka,8,-3,-42,-51,-33,-46,7643
665,Darumaka (Galarian Darumaka),8,-3,-42,-51,-33,-46,7643
666,Darmanitan (Standard Mode),43,47,-32,-36,-23,-1,6908
667,Darmanitan (Zen Mode),43,-63,18,74,27,-41,14028
668,Darmanitan (Galarian Standard Mode),43,47,-32,-36,-23,-1,6908
669,Darmanitan (Galarian Zen Mode),43,67,-32,-36,-23,39,10708
670,Maractus,13,-7,-20,40,-11,-36,3635
671,Dwebble,-12,-28,-2,-31,-43,-41,5423
672,Crustle,8,12,38,-1,-3,-51,4263
673,Scraggy,-12,-18,-17,-31,-8,-48,4086
674,Scrafty,3,-3,28,-21,37,-38,4056
675,Sigilyph,10,-35,-7,37,2,1,2748
676,Yamask,-24,-63,-2,-11,-13,-66,9195
677,Yamask (Galarian Yamask),-24,-38,-2,-36,-13,-66,7845
678,Cofagrigus,-4,-43,58,29,27,-66,11155
679,Tirtouga,-8,-15,16,-13,-33,-74,7279
680,Carracosta,12,15,46,17,-13,-64,7039
681,Archen,-7,19,-42,8,-33,-26,4003
682,Archeops,13,47,-22,46,-13,14,5343
683,Trubbish,-12,-43,-25,-26,-16,-31,4511
684,Garbodor,18,2,-5,-6,4,-21,846
685,Zorua,-22,-28,-47,14,-38,-31,6078
686,Zorua (Hisuian Zorua),-27,-33,-47,19,-38,-26,6508
687,Zoroark,-2,12,-27,54,-18,9,4198
688,Zoroark (Hisuian Zoroark),-7,7,-27,59,-18,14,4828
689,Minccino,-7,-43,-47,-26,-38,-21,6668
690,Cinccino,13,2,-27,-1,-18,19,1588
691,Gothita,-17,-63,-37,-11,-13,-51,8518
692,Gothorita,-2,-48,-17,9,7,-41,4408
693,Gothitelle,8,-38,8,29,32,-31,4398
694,Solosis,-17,-63,-47,39,-28,-76,14548
695,Duosion,3,-53,-37,59,-18,-66,12348
696,Reuniclus,48,-28,-12,59,7,-66,11118
697,Ducklett,0,-49,-37,-22,-28,-41,6719
698,Swanna,13,-6,-24,21,-15,2,1451
699,Vanillite,-26,-43,-37,-1,-18,-52,6923
700,Vanillish,-11,-28,-22,14,-3,-37,2963
701,Vanilluxe,9,2,-2,44,17,-17,2603
702,Deerling,-2,-33,-37,-26,-28,-21,4363
703,Sawsbuck,18,7,-17,-6,-8,-1,763
704,Emolga,-7,-18,-27,9,-18,7,1556
705,Karrablast,-12,-18,-42,-26,-33,-36,5293
706,Escavalier,8,42,18,-6,27,-76,8693
707,Foongus,7,-38,-42,-11,-23,-81,10468
708,Amoonguss,52,-8,-17,19,2,-66,7778
709,Frillish,-7,-53,-37,-1,7,-56,7413
710,Jellicent,38,-33,-17,19,27,-36,5208
711,Alomomola,103,-18,-7,-26,-33,-31,13708
712,Joltik,-12,-46,-37,-9,-28,-31,5455
713,Galvantula,8,-16,-27,31,-18,12,2478
714,Ferroseed,-18,-43,4,-42,8,-86,11413
715,Ferrothorn,12,1,44,-12,38,-76,9445
716,Klink,-22,-38,-17,-21,-18,-66,7338
717,Klang,-2,-13,8,4,7,-46,2418
718,Klinklang,-2,7,28,4,7,-6,938
719,Tynamo,-27,-38,-47,-21,-38,-36,7563
720,Eelektrik,3,-8,-17,9,-8,-56,3643
721,Eelektross,23,22,-7,39,2,-46,4703
722,Elgyem,-7,-38,-32,19,-23,-66,7763
723,Beheeyem,13,-18,-12,59,17,-56,7543
724,Litwick,-12,-63,-32,-1,-23,-76,11443
725,Lampent,-2,-53,-27,29,-18,-41,6388
726,Chandelure,-2,-38,3,79,12,-16,8098
727,Axew,-16,-6,-27,-36,-38,-39,5282
728,Fraxure,4,24,-17,-26,-28,-29,3182
729,Haxorus,14,54,3,-6,-8,1,3222
730,Cubchoo,-7,-23,-47,-6,-38,-56,7403
731,Beartic,33,37,-7,4,2,-46,4643
732,Cryogonal,18,-43,-37,29,57,9,7713
733,Shelmet,-12,-53,-2,-26,-13,-71,8843
734,Accelgor,18,-23,-47,34,-18,49,6943
735,Stunfisk,47,-27,-3,15,21,-64,7709
736,Stunfisk (Galarian Stunfisk),47,-12,12,0,6,-64,6629
737,Mienfoo,-17,-8,-37,-11,-28,-31,3588
738,Mienshao,3,32,-27,29,-18,9,3008
739,Druddigon,15,27,3,-6,12,-48,3447
740,Golett,-3,-19,-37,-31,-28,-61,7205
741,Golurk,27,31,-7,-11,2,-41,3545
742,Pawniard,-17,-8,-17,-26,-38,-36,4058
743,Bisharp,3,32,13,-6,-8,-26,1978
744,Bouffalant,33,17,8,-26,17,-41,4088
745,Rufflet,8,-10,-37,-29,-28,-36,4454
746,Braviary,38,30,-12,-9,-3,-16,2834
747,Braviary (Hisuian Braviary),48,-10,-17,46,-8,-31,5834
748,Vullaby,8,-38,-12,-21,-13,-36,3558
749,Mandibuzz,48,-28,18,-11,17,-16,4078
750,Heatmor,23,4,-21,39,-12,-31,3612
751,Durant,-4,16,25,-18,-30,13,2290
752,Deino,-10,-28,-37,-21,-28,-58,6842
753,Zweilous,10,-8,-17,-1,-8,-38,1962
754,Hydreigon,30,12,3,59,12,2,4682
755,Larvesta,-7,-8,-32,-16,-23,-36,3218
756,Volcarona,23,-33,-22,69,27,4,7608
757,Cobalion,29,-3,42,24,-6,12,3370
758,Terrakion,29,36,3,6,12,12,2470
759,Virizion,29,-3,-15,24,51,12,4396
760,Tornadus (Incarnate Forme),17,22,-17,59,2,15,4772
761,Tornadus (Therian Forme),17,7,-7,44,12,25,3092
762,Thundurus (Incarnate Forme),17,22,-17,59,2,15,4772
763,Thundurus (Therian Forme),17,12,-17,79,2,5,6992
764,Reshiram,38,27,13,84,42,-6,11198
765,Zekrom,38,57,33,54,22,-6,9218
766,Landorus (Incarnate Forme),27,32,3,49,2,5,4192
767,Landorus (Therian Forme),27,52,3,39,2,-5,4992
768,Kyurem,63,37,3,64,12,-1,9588
769,Kyurem (Black Kyurem),63,77,13,54,12,-1,13128
770,Kyurem (White Kyurem),63,27,3,104,22,-1,16008
771,Keldeo,29,-21,3,63,12,12,5548
772,Meloetta (Aria Forme),38,-16,-10,62,50,-6,8180
773,Meloetta (Pirouette Forme),38,35,3,11,-1,32,3824
774,Genesect,9,27,8,54,17,3,4088
775,Chespin,-6,-32,-22,-18,-33,-58,6321
776,Quilladin,-1,-15,8,-10,-20,-39,2311
777,Chesnaught,26,14,35,8,-3,-32,3194
778,Fennekin,-22,-48,-47,-4,-18,-36,6633
779,Braixen,-3,-34,-29,24,-8,-23,3175
780,Delphox,13,-24,-15,48,22,8,3822
781,Froakie,-21,-37,-47,-4,-34,-25,5816
782,Frogadier,-8,-30,-35,17,-22,1,2963
783,Greninja,10,2,-20,37,-7,26,2598
784,Greninja (Ash-Greninja),10,52,-20,87,-7,36,12118
785,Bunnelby,-24,-57,-49,-34,-42,-39,10667
786,Diggersby,23,-37,-10,-16,-1,-18,2579
787,Fletchling,-17,-43,-44,-26,-40,-34,7506
788,Fletchinder,0,-20,-32,-10,-26,-12,2344
789,Talonflame,16,-12,-16,8,-9,30,1701
790,Scatterbug,-24,-58,-47,-39,-53,-61,14200
791,Spewpa,-17,-71,-27,-39,-48,-67,14373
792,Vivillon,18,-41,-37,24,-28,-7,4783
793,Litleo,0,-43,-29,7,-24,-24,3891
794,Pyroar,24,-25,-15,43,-12,10,3519
795,Flabébé,-18,-55,-48,-5,1,-54,8595
796,Floette,-8,-48,-40,9,20,-44,6385
797,Florges,16,-28,-19,46,76,-21,9734
798,Skiddo,4,-28,-39,-4,-21,-44,4714
799,Gogoat,61,7,-25,31,3,-28,6149
800,Pancham,5,-11,-25,-20,-30,-53,4880
801,Pangoro,33,31,-9,3,-7,-38,3633
802,Furfrou,13,-13,-27,-1,12,6,1248
803,Espurr,0,-45,-33,-3,-18,-28,4231
804,Meowstic,12,-45,-11,17,3,8,2652
805,Honedge,-17,-13,13,-31,-41,-68,7893
806,Doublade,-3,17,63,-21,-29,-61,9270
807,Aegislash (Shield Forme),-2,-43,53,-16,62,-36,10058
808,Aegislash (Blade Forme),-2,47,-37,74,-28,-36,11138
809,Spritzee,16,-41,-27,-3,-13,-73,8173
810,Aromatisse,39,-21,-15,33,11,-67,7886
811,Swirlix,0,-45,-21,-7,-21,-47,5165
812,Slurpuff,20,-13,-1,19,-3,-24,1516
813,Inkay,-9,-39,-34,-29,-32,-51,7224
814,Malamar,24,-1,1,2,-3,-23,1120
815,Binacle,-20,-41,-20,-27,-22,-46,5810
816,Barbaracle,10,12,28,-12,8,-28,2020
817,Skrelp,-12,-33,-27,-6,-18,-66,6678
818,Dragalge,3,-18,3,31,45,-52,6032
819,Clauncher,-12,-40,-25,-8,-15,-52,5362
820,Clawitzer,9,-20,1,54,11,-37,4888
821,Helioptile,-18,-55,-54,-5,-35,-26,8191
822,Heliolisk,0,-38,-35,43,16,13,4943
823,Tyrunt,-4,-4,-10,-21,-33,-48,3966
824,Tyrantrum,20,28,32,3,-19,-25,3203
825,Amaura,15,-34,-37,1,-15,-50,5476
826,Aurorus,61,-16,-15,33,14,-38,6931
827,Sylveon,33,-28,-22,44,52,-36,8293
828,Hawlucha,16,-1,-12,8,-15,22,1174
829,Dedenne,5,-35,-30,15,-11,5,2521
830,Carbink,-12,-43,63,-16,72,-46,13518
831,Goomy,-17,-43,-52,-11,-3,-56,8108
832,Sliggoo,6,-18,-34,17,35,-36,4326
833,Sliggoo (Hisuian Sliggoo),-4,-18,-4,17,35,-56,5006
834,Goodra,28,7,-17,44,72,-16,8498
835,Goodra (Hisuian Goodra),18,7,13,44,72,-36,8958
836,Klefki,-5,-13,4,14,9,-21,928
837,Phantump,-19,-23,-39,-16,-18,-58,6355
838,Trevenant,23,17,-11,-1,4,-40,2556
839,Pumpkaboo (Small Size),-18,-27,-17,-22,-23,-40,3955
840,Pumpkaboo (Average Size),-13,-27,-17,-22,-23,-45,4225
841,Pumpkaboo (Large Size),-8,-27,-17,-22,-23,-50,4595
842,Pumpkaboo (Super Size),-3,-27,-17,-22,-23,-55,5065
843,Gourgeist (Small Size),-7,-8,35,-8,-3,3,1420
844,Gourgeist (Average Size),3,-3,35,-8,-3,-12,1460
845,Gourgeist (Large Size),13,2,35,-8,-3,-27,2200
846,Gourgeist (Super Size),23,7,35,-8,-3,-42,3640
847,Bergmite,-7,-24,-2,-34,-43,-68,8258
848,Avalugg,33,24,97,-22,-32,-68,17206
849,Avalugg (Hisuian Avalugg),33,34,97,-32,-42,-58,17806
850,Noibat,-22,-63,-52,-21,-38,-41,10723
851,Noivern,23,-23,-7,31,2,27,2801
852,Xerneas,64,38,8,65,20,3,10238
853,Yveltal,64,38,8,65,20,3,10238
854,Zygarde (50% Forme),46,7,34,15,17,-1,3836
855,Zygarde (10% Forme),-8,7,-16,-5,7,19,804
856,Zygarde (Complete Forme),154,7,34,25,17,-11,25956
857,Diancie,-12,7,63,34,72,-46,12618
858,Diancie (Mega Diancie),-12,67,23,94,32,14,15218
859,Hoopa (Hoopa Confined),18,17,-27,84,52,-26,11778
860,Hoopa (Hoopa Unbound),18,67,-27,104,52,-16,19318
861,Volcanion,18,17,33,64,12,-26,6618
862,Rowlet,6,-38,-32,-16,-28,-54,6460
863,Dartrix,16,-18,-12,4,-8,-44,2740
864,Decidueye,16,14,-12,34,22,-26,2912
865,Decidueye (Hisuian Decidueye),26,19,-7,29,17,-36,3512
866,Litten,-17,-28,-47,-6,-38,-26,5438
867,Torracat,3,-8,-37,14,-28,-6,2458
868,Incineroar,33,22,3,14,12,-36,3218
869,Popplio,-12,-39,-33,0,-22,-56,6374
870,Brionne,-2,-24,-18,25,3,-46,3654
871,Primarina,18,-19,-13,60,38,-36,7194
872,Pikipek,-27,-18,-57,-36,-48,-31,8863
873,Trumbeak,-7,-8,-37,-26,-28,-21,3383
874,Toucannon,18,27,-12,9,-3,-36,2583
875,Yungoos,-14,-23,-57,-36,-48,-51,10175
876,Gumshoos,26,17,-27,-11,-18,-51,4740
877,Grubbin,-15,-31,-42,-11,-33,-50,6660
878,Charjabug,-5,-11,8,-11,-3,-60,3940
879,Vikavolt,15,-23,3,79,-3,-53,9822
880,Crabrawler,-15,-11,-30,-24,-31,-33,3872
881,Crabominable,35,39,-10,-4,-11,-53,5792
882,Oricorio,13,-23,-17,32,-8,-3,2084
883,Cutiefly,-22,-48,-47,-11,-38,-12,6706
884,Ribombee,-2,-38,-27,29,-8,28,3866
885,Rockruff,-17,-28,-47,-36,-38,-36,7318
886,Lycanroc (Midday Form),13,22,-22,-11,-13,16,1683
887,Lycanroc (Midnight Form),23,22,-12,-11,-3,-14,1483
888,Lycanroc (Dusk Form),13,24,-22,-11,-13,14,1715
889,Wishiwashi (Solo Form),-17,-73,-67,-41,-53,-56,17733
890,Wishiwashi (School Form),-17,47,43,74,57,-66,17428
891,Mareanie,-12,-40,-25,-23,-26,-51,6175
892,Toxapex,-12,-30,65,-13,64,-61,13255
893,Mudbray,8,7,-17,-21,-23,-51,3973
894,Mudsdale,38,32,13,-11,7,-61,6528
895,Dewpider,-24,-53,-35,-26,-6,-69,10083
896,Araquanid,6,-23,5,-16,54,-54,6678
897,Fomantis,-22,-38,-52,-16,-43,-61,10458
898,Lurantis,8,12,3,14,12,-51,3158
899,Morelull,-22,-58,-32,-1,-3,-81,11443
900,Shiinotic,-2,-48,-7,24,22,-66,7773
901,Salandit,-14,-49,-47,5,-38,-19,6636
902,Salazzle,6,-29,-27,45,-18,21,4396
903,Stufful,8,-18,-37,-21,-28,-46,5098
904,Bewear,58,32,-7,-11,-18,-36,6178
905,Bounsweet,-20,-63,-49,-36,-40,-64,13762
906,Steenee,-10,-53,-39,-26,-30,-34,7162
907,Tsareena,10,27,11,-16,20,-24,2182
908,Comfey,-11,-41,3,16,32,4,3107
909,Oranguru,28,-33,-7,24,32,-36,4818
910,Passimian,38,27,3,-26,-18,-16,3438
911,Wimpod,-37,-58,-47,-46,-48,-16,11618
912,Golisopod,13,32,53,-6,12,-56,7318
913,Sandygast,-7,-38,-7,4,-33,-81,9208
914,Palossand,23,-18,23,34,-3,-61,6268
915,Pyukumuku,-7,-33,43,-36,52,-91,15268
916,Type: Null,33,2,8,29,17,-37,3656
917,Silvally,33,2,8,29,17,-1,2288
918,Minior (Meteor Form),-2,-33,13,-6,22,-36,3078
919,Minior (Core),-2,7,-27,34,-18,24,2838
920,Komala,3,22,-22,9,17,-31,2308
921,Turtonator,-2,-15,48,25,7,-60,6807
922,Togedemaru,3,5,-24,-26,-5,0,1311
923,Mimikyu,-7,-3,-7,-16,27,0,1092
924,Bruxish,6,12,-17,4,-8,-4,565
925,Drampa,16,-33,-2,69,13,-60,9879
926,Dhelmise,8,38,13,20,12,-56,5357
927,Jangmo-o,-17,-38,-22,-21,-33,-51,6348
928,Hakamo-o,-7,-18,3,-1,-8,-31,1408
929,Kommo-o,13,17,38,34,27,-11,3908
930,Tapu Koko,8,22,-2,29,-3,34,2558
931,Tapu Lele,8,-8,-12,64,37,-1,5738
932,Tapu Bulu,8,37,28,19,17,-21,3308
933,Tapu Fini,8,-18,28,29,52,-11,4838
934,Cosmog,-19,-64,-56,-37,-47,-59,14652
935,Cosmoem,-19,-64,44,-37,53,-59,14052
936,Solgaleo,75,44,20,47,11,1,10292
937,Lunala,75,20,2,71,29,1,11912
938,Nihilego,47,-40,-40,61,53,7,11988
939,Buzzwole,45,46,52,-13,-25,-17,7928
940,Pheromosa,9,44,-50,71,-41,55,14264
941,Xurkitree,21,-4,-16,107,-7,-13,12380
942,Celesteela,35,8,16,41,23,-35,4980
943,Kartana,-3,88,44,-7,-47,13,12116
944,Guzzlord,161,8,-34,31,-25,-53,31536
945,Necrozma,35,14,14,61,11,-17,5748
946,Necrozma (Dusk Mane Necrozma),35,64,40,47,31,-19,10452
947,Necrozma (Dawn Wings Necrozma),35,20,22,91,49,-19,13152
948,Necrozma (Ultra Necrozma),35,74,10,101,19,33,18452
949,Magearna,18,2,28,64,37,-31,7538
950,Marshadow,28,32,-7,24,12,29,3418
951,Poipole,5,-20,-20,7,-11,-23,1524
952,Naganadel,11,-20,-14,61,-5,25,5088
953,Stakataka,-1,38,124,-13,23,-83,24408
954,Blacephalon,-9,34,-34,85,1,11,9740
955,Zeraora,26,19,-12,36,2,47,4690
956,Meltan,-16,-28,-22,-11,-43,-62,7338
957,Melmetal,73,50,56,14,-13,-62,15174
958,Grookey,-12,-28,-37,-26,-38,-31,5378
959,Thwackey,8,-8,-17,-11,-18,-16,1118
960,Rillaboom,38,32,3,-6,-8,-11,2698
961,Scorbunny,-12,-22,-47,-26,-38,-27,5686
962,Raboot,3,-7,-27,-11,-18,-2,1236
963,Cinderace,18,23,-12,-1,-3,23,1536
964,Sobble,-12,-53,-47,4,-38,-26,7298
965,Drizzile,3,-33,-32,29,-23,-6,3528
966,Inteleon,8,-8,-22,59,-13,24,4838
967,Skwovet,8,-38,-32,-31,-43,-71,10383
968,Greedent,58,2,8,-11,-3,-76,9338
969,Rookidee,-24,-46,-52,-33,-43,-39,9855
970,Corvisquire,6,-26,-32,-23,-23,-19,3155
971,Corviknight,36,-6,18,-13,7,-29,2715
972,Blipbug,-37,-73,-67,-41,-33,-51,16558
973,Dottler,-12,-58,-7,-16,12,-66,8313
974,Orbeetle,-2,-48,23,14,42,-6,4833
975,Nickit,-22,-65,-59,-19,-26,-46,11343
976,Thievul,8,-35,-29,21,14,-6,2803
977,Gossifleur,-22,-53,-27,-26,-18,-86,12418
978,Eldegoss,-2,-43,3,14,42,-36,5118
979,Wooloo,-20,-53,-32,-26,-33,-48,8302
980,Dubwool,10,-13,13,-6,12,-8,682
981,Chewtle,-12,-29,-37,-28,-40,-52,7442
982,Drednaw,28,22,3,-18,-10,-22,2185
983,Yamper,-3,-48,-37,-26,-28,-70,10042
984,Boltund,7,-3,-27,24,-18,25,2312
985,Rolycoly,-32,-53,-37,-26,-28,-66,11018
986,Carkol,18,-33,3,-6,-8,-46,3638
987,Coalossal,48,-13,33,14,12,-66,8258
988,Applin,-22,-53,-7,-26,-38,-76,11238
989,Flapple,8,17,-7,29,-18,-26,2243
990,Appletun,48,-8,-7,34,2,-66,7933
991,Silicobra,-10,-36,-12,-31,-28,-50,5785
992,Sandaconda,10,14,38,-1,-8,-25,2430
993,Cramorant,8,-8,-32,19,17,-11,1923
994,Arrokuda,-21,-30,-47,-26,-48,-30,7430
995,Barraskewda,-1,30,-27,-6,-28,40,4050
996,Toxel,-22,-55,-52,-12,-43,-56,11342
997,Toxtricity,13,5,-17,48,-8,-21,3292
998,Sizzlipede,-12,-28,-42,-16,-28,-51,6333
999,Centiskorch,38,22,-22,24,12,-31,4093
1000,Clobbopus,-12,-25,-27,-16,-28,-64,6634
1001,Grapploct,18,25,3,4,2,-54,3894
1002,Sinistea,-22,-48,-42,8,-24,-46,7308
1003,Polteageist,-2,-28,-22,68,36,-26,7868
1004,Hatenna,-20,-63,-42,-10,-25,-57,10107
1005,Hattrem,-5,-53,-22,20,-5,-47,5952
1006,Hatterene,-5,-3,8,70,25,-67,10112
1007,Impidimp,-17,-48,-57,-11,-38,-46,9523
1008,Morgrem,3,-33,-42,9,-23,-26,4148
1009,Grimmsnarl,33,27,-22,29,-3,-36,4448
1010,Obstagoon,31,-3,14,-6,3,-1,1212
1011,Perrserker,8,17,13,-16,-18,-46,3218
1012,Cursola,-2,2,-37,79,52,-66,14678
1013,Sirfetch'd,0,42,8,2,4,-31,2809
1014,Mr. Rime,18,-8,-12,44,22,-26,3628
1015,Runerigus,-4,2,58,-16,27,-66,8725
1016,Milcery,-17,-53,-47,-16,-17,-62,9696
1017,Alcremie,3,-33,-12,44,43,-32,6051
1018,Falinks,3,7,13,4,-18,-21,1008
1019,Pincurchin,-14,8,8,25,7,-81,7559
1020,Snom,-32,-68,-52,-21,-48,-76,16873
1021,Frosmoth,8,-28,-27,59,12,-31,6163
1022,Stonjourner,38,32,48,-46,-58,-26,10928
1023,Eiscue (Ice Face),13,-13,23,-1,12,-46,3128
1024,Eiscue (Noice Face),13,-13,-17,-1,-28,34,2568
1025,Indeedee (Male),-2,-28,-32,39,17,-1,3623
1026,Indeedee (Female),8,-38,-22,29,27,-11,3683
1027,Morpeko,-4,2,-29,4,-20,1,1278
1028,Cufant,10,-13,-38,-26,-29,-56,6366
1029,Copperajah,60,37,-18,14,-9,-66,9926
1030,Dracozolt,28,7,3,14,-8,-21,1543
1031,Arctozolt,28,7,3,24,2,-41,3103
1032,Dracovish,28,-3,13,4,2,-21,1423
1033,Arctovish,28,-3,13,14,12,-41,2983
1034,Duraludon,8,2,28,54,-28,-11,4673
1035,Dreepy,-34,-33,-57,-26,-48,-14,8670
1036,Drakloak,6,-13,-37,-6,-28,6,2430
1037,Dragapult,26,27,-12,34,-3,46,4830
1038,Zacian (Hero of Many Battles),30,27,28,14,37,42,5742
1039,Zacian (Crowned Sword),30,57,28,14,37,52,9202
1040,Zamazenta (Hero of Many Battles),30,27,28,14,37,42,5742
1041,Zamazenta (Crowned Shield),30,27,53,14,62,32,9502
1042,Eternatus,78,-8,8,79,17,34,13898
1043,Eternatus (Eternamax Eternatus),193,22,163,59,172,34,98523
1044,Kubfu,-2,-3,-27,-13,-28,-24,2271
1045,Urshifu,38,37,13,-3,-18,1,3316
1046,Zarude,43,27,18,4,17,9,3288
1047,Regieleki,18,7,-37,34,-28,104,14498
1048,Regidrago,138,7,-37,34,-28,-16,22658
1049,Glastrier,38,52,43,-1,32,-66,11378
1050,Spectrier,38,-28,-27,79,2,34,10358
1051,Calyrex,38,-13,-7,14,2,-16,2118
1052,Calyrex (Ice Rider Calyrex),38,72,63,19,52,-46,15778
1053,Calyrex (Shadow Rider Calyrex),38,-8,-7,99,22,54,14758
1054,Wyrdeer,41,12,-15,39,-3,-31,4541
1055,Kleavor,8,42,8,-21,-8,-11,2518
1056,Ursaluna,68,47,18,-21,2,-46,9718
1057,Basculegion (Male),58,19,-22,14,-3,-18,4738
1058,Basculegion (Female),58,-1,-22,34,-3,-18,5338
1059,Sneasler,18,37,-27,-26,2,24,3678
1060,Overqwil,23,22,8,-1,-13,-11,1368
1061,Enamorus (Incarnate Forme),12,22,-17,69,2,10,5782
1062,Enamorus (Therian Forme),12,22,23,69,22,-50,8902
1063,Sprigatito,-22,-32,-33,-21,-33,-31,5088
1064,Floragato,-1,-13,-24,-6,-15,-13,1176
1065,Meowscarada,14,17,-17,15,-8,27,1792
1066,Fuecoco,5,-48,-28,-3,-38,-60,8166
1067,Crocalor,19,-38,-9,24,-20,-47,5071
1068,Skeledirge,42,-18,13,44,-3,-30,5102
1069,Quaxly,-7,-28,-42,-16,-33,-46,6058
1070,Quaxwell,8,-8,-22,-1,-18,-31,1898
1071,Quaquaval,23,27,-7,19,-3,-11,1798
1072,Lechonk,-8,-48,-47,-31,-33,-61,10348
1073,Oinkologne (Male),48,7,-12,-7,2,-31,3511
1074,Oinkologne (Female),53,-3,-17,-7,12,-31,4261
1075,Tarountula,-27,-52,-42,-37,-38,-76,13786
1076,Spidops,-2,-14,5,-14,8,-61,4206
1077,Nymble,-29,-47,-47,-45,-53,-51,12694
1078,Lokix,9,9,-9,-14,-23,-4,984
1079,Pawmi,-17,-43,-67,-26,-53,-36,11408
1080,Pawmo,-2,-18,-47,-16,-38,-11,4358
1081,Pawmot,8,22,-17,4,-18,9,1258
1082,Tandemaus,-12,-43,-42,-26,-33,-21,5963
1083,Maushold,12,-18,-17,-1,-3,15,992
1084,Fidough,-25,-38,-17,-36,-23,-31,5144
1085,Dachsbun,-5,-13,28,-16,2,-1,1239
1086,Smoliv,-21,-58,-42,-8,-27,-66,10718
1087,Dolliv,-10,-40,-27,12,0,-63,6542
1088,Arboliva,16,-24,3,59,31,-57,8532
1089,Squawkabilly,20,3,-36,-21,-27,-4,2891
1090,Nacli,-7,-38,-12,-31,-43,-71,9488
1091,Naclstack,-2,-33,13,-31,-13,-61,6113
1092,Garganacl,38,7,43,-21,12,-61,7648
1093,Charcadet,-22,-43,-47,-16,-38,-61,9963
1094,Armarouge,23,-33,13,59,2,-21,5713
1095,Ceruledge,13,32,-7,-6,22,-11,1883
1096,Tadbulb,-1,-62,-46,-7,-43,-51,10460
1097,Bellibolt,47,-29,4,37,5,-51,7061
1098,Wattrel,-22,-53,-52,-11,-38,-26,8238
1099,Kilowattrel,8,-23,-27,39,-18,29,4008
1100,Maschiff,-2,-15,-27,-26,-27,-45,4388
1101,Mabosstiff,18,27,3,-6,-8,-11,1283
1102,Shroodle,-22,-28,-52,-26,-43,-21,6938
1103,Grafaiai,1,2,-22,14,-6,14,917
1104,Bramblin,-22,-28,-57,-21,-43,-36,8103
1105,Brambleghast,-7,22,-17,14,-8,-6,1118
1106,Toedscool,-22,-53,-52,-16,22,-26,7413
1107,Toedscruel,18,-23,-22,14,42,4,3313
1108,Klawf,8,7,28,-31,-23,-21,2828
1109,Capsakid,-12,-31,-47,-4,-38,-46,6890
1110,Scovillain,3,15,-22,42,-13,-21,3092
1111,Rellor,-21,-43,-27,-35,-20,-66,9000
1112,Rabsca,13,-43,-2,49,22,-51,7508
1113,Flittle,-32,-58,-57,-11,-48,-21,10503
1114,Espathra,33,-33,-27,35,-18,9,4537
1115,Tinkatink,-12,-48,-42,-31,-14,-38,6813
1116,Tinkatuff,3,-38,-32,-21,4,-18,3258
1117,Tinkaton,23,-18,-10,4,27,-2,1702
1118,Wiglett,-52,-38,-62,-31,-53,-1,11763
1119,Wugtrio,-27,7,-37,-16,-8,24,3043
1120,Bombirdier,8,10,-2,-6,7,-14,449
1121,Finizen,8,-48,-47,-21,-38,-21,6903
1122,Palafin,38,-23,-15,-13,-16,4,2639
1123,Palafin,38,67,10,40,9,4,7730
1124,Varoom,-17,-23,-24,-36,-33,-49,6180
1125,Revavroom,18,26,3,-12,-11,-6,1310
1126,Cyclizar,8,2,-22,19,-13,25,1707
1127,Orthworm,8,-8,58,-6,-23,-31,5018
1128,Glimmet,-14,-58,-45,39,-18,-36,8726
1129,Glimmora,21,-38,3,64,3,-10,6099
1130,Greavard,-12,-32,-27,-36,-23,-62,7566
1131,Houndstone,10,8,13,-16,19,-28,1734
1132,Flamigo,20,22,-13,9,-14,-6,1366
1133,Cetoddle,46,-25,-42,-36,-38,-53,10054
1134,Cetitan,108,20,-22,-21,-23,-23,14047
1135,Veluza,28,9,-14,12,-13,-26,2050
1136,Dondozo,88,7,28,-1,-13,-61,12468
1137,Tatsugiri,6,-43,-27,54,17,-14,6015
1138,Annihilape,48,22,-7,-16,12,-6,3273
1139,Clodsire,68,-18,-27,-21,22,-76,12378
1140,Farigiraf,58,-3,-17,44,-8,-36,6958
1141,Dudunsparce,63,7,-7,19,-3,-41,6118
1142,Kingambit,38,42,33,-6,7,-46,6498
1143,Great Tusk,53,38,44,-13,-25,-9,7064
1144,Scream Tail,53,-28,12,-1,37,15,5332
1145,Brute Bonnet,49,34,12,13,21,-41,5992
1146,Flutter Mane,-7,-38,-32,69,57,39,12048
1147,Slither Wing,23,42,-8,19,27,-15,3672
1148,Sandy Shocks,23,-12,10,55,7,5,3872
1149,Iron Treads,28,19,33,6,-8,10,2434
1150,Iron Bundle,-6,-13,27,58,-18,40,6222
1151,Iron Hands,92,47,21,-16,-10,-46,13586
1152,Iron Jugulis,32,-13,-1,56,2,12,4478
1153,Iron Moth,18,-23,-27,74,32,14,8278
1154,Iron Thorns,38,41,23,4,6,-24,4282
1155,Frigibax,3,-18,-42,-31,-33,-41,5828
1156,Arctibax,28,2,-21,-21,-13,-34,2995
1157,Baxcalibur,53,52,5,9,8,-9,5764
1158,Gimmighoul (Chest Form),-17,-63,-17,9,-8,-86,12088
1159,Gimmighoul (Roaming Form),-17,-63,-62,9,-33,-16,9528
1160,Gholdengo,25,-33,8,67,13,-12,6580
1161,Wo-Chien,23,-8,13,29,57,-26,5528
1162,Chien-Pao,18,27,-7,24,-13,39,3368
1163,Ting-Lu,93,17,38,-11,2,-51,13108
1164,Chi-Yu,-7,-13,-7,69,42,4,6808
1165,Roaring Moon,43,46,-16,-11,23,23,5400
1166,Iron Valiant,12,37,3,54,-18,20,5162
1167,Koraidon,38,42,28,19,22,39,6358
1168,Miraidon,38,-8,13,69,37,39,9328
