Rohan Chowla vs. Pokemon SSE,pokemon,D_HP,D_ATK,D_DEF,D_SPA,D_SPD,D_SPE,SSE
0,Bulbasaur,-39,-63,-54,-23,-40,-63,14504
1,Ivysaur,-24,-50,-40,-8,-25,-48,7669
2,Venusaur,-4,-30,-20,12,-5,-28,2269
3,Venusaur (Mega Venusaur),-4,-12,20,34,15,-28,2725
4,Charmander,-45,-60,-60,-28,-55,-43,14883
5,Charmeleon,-26,-48,-45,-8,-40,-28,7453
6,Charizard,-6,-28,-25,21,-20,-8,2350
7,Charizard (Mega Charizard X),-6,18,8,42,-20,-8,2652
8,Charizard (Mega Charizard Y),-6,-8,-25,71,10,-8,5930
9,Squirtle,-40,-64,-38,-38,-41,-65,14490
10,Wartortle,-25,-49,-23,-23,-25,-50,7209
11,Blastoise,-5,-29,-3,-3,0,-30,1784
12,Blastoise (Mega Blastoise),-5,-9,17,47,10,-30,3604
13,Caterpie,-39,-82,-68,-68,-85,-63,28687
14,Metapod,-34,-92,-48,-63,-80,-78,28377
15,Butterfree,-24,-67,-53,2,-25,-38,9947
16,Weedle,-44,-77,-73,-68,-85,-58,28407
17,Kakuna,-39,-87,-53,-63,-80,-73,27597
18,Beedrill,-19,-22,-63,-43,-25,-33,8377
19,Beedrill (Mega Beedrill),-19,38,-63,-73,-25,37,13097
20,Pidgey,-44,-67,-63,-53,-70,-52,20807
21,Pidgeotto,-21,-52,-48,-38,-55,-37,11287
22,Pidgeot,-1,-32,-28,-18,-35,-7,3407
23,Pidgeot (Mega Pidgeot),-1,-32,-23,47,-25,13,4557
24,Rattata,-54,-56,-68,-63,-70,-36,20841
25,Rattata (Alolan Rattata),-54,-56,-68,-63,-70,-36,20841
26,Raticate,-29,-31,-43,-38,-35,-11,6441
27,Raticate (Alolan Raticate),-9,-41,-33,-48,-25,-31,6741
28,Spearow,-44,-52,-73,-57,-74,-38,20138
29,Fearow,-19,-22,-38,-27,-44,-8,5018
30,Ekans,-49,-52,-59,-48,-51,-53,16300
31,Arbok,-24,-17,-34,-23,-26,-28,4010
32,Pikachu,-49,-57,-63,-38,-55,-18,14412
33,Pikachu (Partner Pikachu),-39,-32,-53,-13,-45,12,7692
34,Raichu,-24,-22,-48,2,-25,2,3997
35,Raichu (Alolan Raichu),-24,-27,-53,7,-20,2,4567
36,Sandshrew,-34,-37,-18,-68,-75,-68,17722
37,Sandshrew (Alolan Sandshrew),-34,-37,-13,-78,-70,-68,18302
38,Sandslash,-9,-12,7,-43,-50,-43,6472
39,Sandslash (Alolan Sandslash),-9,-12,17,-63,-40,-43,7932
40,Nidoran♀,-29,-65,-51,-48,-65,-67,18685
41,Nidorina,-14,-50,-36,-33,-50,-52,10285
42,Nidoqueen,6,-20,-16,-13,-20,-32,2285
43,Nidoran♂,-38,-55,-63,-48,-65,-58,18331
44,Nidorino,-23,-40,-46,-33,-50,-43,9683
45,Nidoking,-3,-10,-26,-3,-30,-23,2223
46,Clefairy,-14,-67,-55,-28,-40,-73,15423
47,Clefable,11,-42,-30,7,-15,-48,5363
48,Vulpix,-46,-71,-63,-38,-40,-43,16019
49,Vulpix (Alolan Vulpix),-46,-71,-63,-38,-40,-43,16019
50,Ninetales,-11,-36,-28,-7,-5,-8,2339
51,Ninetales (Alolan Ninetales),-11,-45,-28,-7,-5,1,3005
52,Jigglypuff,31,-67,-83,-43,-80,-88,28332
53,Wigglytuff,56,-42,-58,-3,-55,-63,15267
54,Zubat,-44,-67,-68,-58,-65,-53,21447
55,Golbat,-9,-32,-33,-23,-30,-18,3947
56,Oddish,-39,-62,-48,-13,-40,-78,15522
57,Gloom,-24,-47,-33,-3,-30,-68,9407
58,Vileplume,-9,-32,-18,22,-15,-58,5502
59,Paras,-49,-42,-48,-43,-50,-83,17707
60,Parasect,-24,-17,-23,-28,-25,-78,8887
61,Venonat,-24,-57,-53,-48,-50,-63,15407
62,Venomoth,-14,-47,-43,2,-30,-18,5482
63,Diglett,-74,-57,-78,-53,-60,-13,21387
64,Diglett (Alolan Diglett),-74,-57,-73,-53,-60,-18,20787
65,Dugtrio,-49,-12,-53,-38,-35,12,8167
66,Dugtrio (Alolan Dugtrio),-49,-12,-43,-38,-35,2,7067
67,Meowth,-44,-67,-68,-48,-65,-18,17902
68,Meowth (Alolan Meowth),-44,-77,-68,-38,-65,-18,18482
69,Meowth (Galarian Meowth),-34,-47,-48,-48,-65,-68,16822
70,Persian,-19,-42,-43,-23,-40,7,6152
71,Persian (Alolan Persian),-19,-52,-43,-13,-40,7,6732
72,Psyduck,-34,-60,-55,-23,-55,-53,14144
73,Golduck,-4,-30,-25,7,-25,-23,2744
74,Mankey,-44,-32,-68,-53,-60,-38,15437
75,Primeape,-19,-7,-43,-28,-35,-13,4437
76,Growlithe,-29,-42,-58,-18,-55,-48,11622
77,Growlithe (Hisuian Growlithe),-24,-37,-58,-23,-55,-53,11672
78,Arcanine,6,-2,-23,12,-25,-13,1507
79,Arcanine (Hisuian Arcanine),11,3,-23,7,-25,-18,1657
80,Poliwag,-44,-62,-63,-48,-65,-18,16602
81,Poliwhirl,-19,-47,-38,-38,-55,-18,8807
82,Poliwrath,6,-17,-8,-18,-15,-38,2382
83,Abra,-59,-92,-88,17,-50,-18,22802
84,Kadabra,-44,-77,-73,32,-35,-3,15452
85,Alakazam,-29,-62,-58,47,-10,12,10502
86,Alakazam (Mega Alakazam),-29,-62,-38,87,0,42,15462
87,Machop,-14,-32,-53,-53,-70,-73,17067
88,Machoke,-4,-12,-33,-38,-45,-63,8687
89,Machamp,6,18,-23,-23,-20,-53,4627
90,Bellsprout,-34,-37,-68,-18,-75,-68,17722
91,Weepinbell,-19,-22,-53,-3,-60,-53,10072
92,Victreebel,-4,-7,-38,12,-35,-38,4322
93,Tentacool,-44,-72,-68,-38,-5,-38,14657
94,Tentacruel,-4,-42,-38,-8,15,-8,3577
95,Geodude,-44,-32,-3,-58,-75,-88,19702
96,Geodude (Alolan Geodude),-44,-32,-3,-58,-75,-88,19702
97,Graveler,-29,-17,12,-43,-60,-73,12052
98,Graveler (Alolan Graveler),-29,-17,12,-43,-60,-73,12052
99,Golem,-4,8,27,-33,-40,-63,7467
100,Golem (Alolan Golem),-4,8,27,-33,-40,-63,7467
101,Ponyta,-34,-27,-48,-23,-40,-18,6642
102,Ponyta (Galarian Ponyta),-34,-27,-48,-23,-40,-18,6642
103,Rapidash,-19,-12,-33,-8,-25,-3,2292
104,Rapidash (Galarian Rapidash),-19,-12,-33,-8,-25,-3,2292
105,Slowpoke,6,-47,-38,-48,-65,-93,18867
106,Slowpoke (Galarian Slowpoke),6,-47,-38,-48,-65,-93,18867
107,Slowbro,11,-37,7,12,-25,-78,8392
108,Slowbro (Mega Slowbro),11,-37,77,42,-25,-78,15892
109,Slowbro (Galarian Slowbro),11,-12,-8,12,-35,-78,7782
110,Magnemite,-59,-77,-33,7,-50,-63,17017
111,Magneton,-34,-52,-8,32,-35,-38,7617
112,Farfetch'd,-32,-22,-48,-30,-43,-48,8865
113,Farfetch'd (Galarian Farfetch'd),-32,-17,-48,-30,-43,-53,9175
114,Doduo,-49,-27,-58,-53,-70,-33,15292
115,Dodrio,-24,-2,-33,-28,-45,2,4482
116,Seel,-19,-67,-48,-43,-35,-63,14197
117,Dewgong,6,-42,-23,-18,-10,-38,4197
118,Grimer,-4,-32,-53,-48,-55,-83,16067
119,Grimer (Alolan Grimer),-4,-32,-53,-48,-55,-83,16067
120,Muk,21,-7,-28,-23,-5,-58,5192
121,Muk (Alolan Muk),21,-7,-28,-23,-5,-58,5192
122,Shellder,-54,-47,-3,-43,-80,-68,18007
123,Cloyster,-34,-17,77,-3,-60,-38,12427
124,Gastly,-54,-77,-73,12,-70,-28,20002
125,Haunter,-39,-62,-58,27,-50,-13,12127
126,Gengar,-24,-47,-43,42,-30,2,7302
127,Gengar (Mega Gengar),-24,-47,-23,82,-10,22,10622
128,Onix,-49,-67,57,-58,-60,-38,18547
129,Drowzee,-24,-64,-58,-45,-15,-66,14642
130,Hypno,1,-39,-33,-15,10,-41,4617
131,Krabby,-54,-7,-13,-63,-80,-58,16867
132,Kingler,-29,18,12,-38,-55,-33,6867
133,Voltorb,-44,-82,-53,-33,-50,-8,15122
134,Voltorb (Hisuian Voltorb),-44,-82,-53,-33,-50,-8,15122
135,Electrode,-24,-62,-33,-8,-25,42,7962
136,Electrode (Hisuian Electrode),-24,-62,-33,-8,-25,42,7962
137,Exeggcute,-24,-72,-23,-28,-60,-68,15297
138,Exeggutor,11,-17,-18,37,-30,-53,5812
139,Exeggutor (Alolan Exeggutor),11,-7,-18,37,-30,-63,6732
140,Cubone,-34,-62,-8,-48,-55,-73,15722
141,Marowak,-24,-32,7,-38,-25,-63,7687
142,Marowak (Alolan Marowak),-24,-32,7,-38,-25,-63,7687
143,Hitmonlee,-34,8,-50,-53,5,-21,6995
144,Hitmonchan,-34,-7,-24,-53,5,-32,5639
145,Lickitung,6,-57,-28,-28,-30,-78,11837
146,Koffing,-44,-47,-8,-28,-60,-73,13922
147,Weezing,-19,-22,17,-3,-35,-48,4672
148,Weezing (Galarian Weezing),-19,-22,17,-3,-35,-48,4672
149,Rhyhorn,-4,-27,-8,-58,-75,-83,16687
150,Rhydon,21,18,17,-43,-60,-68,11127
151,Chansey,166,-107,-98,-53,0,-58,54782
152,Tangela,-19,-57,12,12,-65,-48,10427
153,Kangaskhan,21,-17,-23,-48,-25,-18,4512
154,Kangaskhan (Mega Kangaskhan),21,13,-3,-28,-5,-8,1492
155,Horsea,-54,-72,-33,-18,-80,-48,18217
156,Seadra,-29,-47,-8,7,-60,-23,7292
157,Goldeen,-39,-45,-43,-53,-55,-45,13254
158,Seaking,-4,-20,-38,-23,-25,-40,4614
159,Staryu,-54,-67,-48,-18,-50,-23,13062
160,Starmie,-24,-37,-18,12,-20,7,2862
161,Mr. Mime,-44,-67,-38,12,15,-18,8562
162,Mr. Mime (Galarian Mr. Mime),-34,-47,-38,2,-15,-8,5102
163,Scyther,-14,-2,-23,-33,-25,-3,2452
164,Jynx,-19,-62,-68,27,-10,-13,9827
165,Electabuzz,-19,-29,-46,7,-20,-3,3776
166,Magmar,-19,-17,-46,12,-20,-15,3535
167,Pinsir,-19,13,-3,-33,-35,-23,3382
168,Pinsir (Mega Pinsir),-19,43,17,-23,-15,-3,3262
169,Tauros,-9,-12,-8,-48,-35,2,3822
170,Tauros (Paldean Tauros (Combat Breed)),-9,-2,2,-58,-35,-8,4742
171,Tauros (Paldean Tauros (Blaze Breed)),-9,-2,2,-58,-35,-8,4742
172,Tauros (Paldean Tauros (Aqua Breed)),-9,-2,2,-58,-35,-8,4742
173,Magikarp,-64,-102,-48,-73,-85,-28,30142
174,Gyarados,11,13,-24,-28,-5,-27,2404
175,Gyarados (Mega Gyarados),11,43,6,-18,25,-27,3684
176,Lapras,46,-27,-23,-3,-10,-48,5787
177,Ditto,-36,-64,-55,-40,-57,-60,16866
178,Eevee,-29,-57,-53,-43,-40,-53,13157
179,Eevee (Partner Eevee),-19,-37,-33,-23,-20,-33,4837
180,Vaporeon,46,-47,-43,22,-10,-43,8607
181,Jolteon,-19,-47,-43,22,-10,22,5487
182,Flareon,-19,18,-43,7,5,-43,4457
183,Porygon,-19,-52,-33,-3,-30,-68,9687
184,Omanyte,-49,-72,-3,2,-50,-73,15427
185,Omastar,-14,-52,22,27,-35,-53,8147
186,Kabuto,-54,-32,-13,-33,-60,-53,11607
187,Kabutops,-24,3,2,-23,-35,-28,3127
188,Aerodactyl,-4,-7,-38,-28,-30,22,3677
189,Aerodactyl (Mega Aerodactyl),-4,23,-18,-18,-10,42,3057
190,Snorlax,76,-2,-38,-23,5,-78,13862
191,Articuno,6,-27,-3,7,20,-23,1752
192,Articuno (Galarian Articuno),6,-27,-18,37,-5,-13,2652
193,Zapdos,6,-22,-18,37,-15,-8,2502
194,Zapdos (Galarian Zapdos),6,13,-13,-3,-15,-8,672
195,Moltres,6,-12,-13,37,-20,-18,2442
196,Moltres (Galarian Moltres),6,-27,-13,12,20,-18,1802
197,Dratini,-43,-48,-58,-38,-55,-58,15350
198,Dragonair,-23,-28,-38,-18,-35,-38,5750
199,Dragonite,7,22,-8,12,-5,-28,1550
200,Mewtwo,22,-2,-13,66,-15,22,5722
201,Mewtwo (Mega Mewtwo X),22,78,-3,66,-5,22,11442
202,Mewtwo (Mega Mewtwo Y),22,38,-33,106,15,32,15502
203,Mew,16,-12,-3,12,-5,-8,642
204,Chikorita,-39,-63,-38,-39,-40,-63,14024
205,Bayleef,-24,-50,-23,-25,-25,-48,7159
206,Meganium,-4,-30,-3,-5,-5,-28,1759
207,Cyndaquil,-45,-60,-60,-28,-55,-43,14883
208,Quilava,-26,-48,-45,-8,-40,-28,7453
209,Typhlosion,-6,-28,-25,21,-20,-8,2350
210,Typhlosion (Hisuian Typhlosion),-11,-28,-25,31,-20,-13,3060
211,Totodile,-34,-47,-39,-44,-57,-65,14296
212,Croconaw,-19,-32,-23,-29,-42,-50,7019
213,Feraligatr,1,-7,-3,-9,-22,-30,1524
214,Sentret,-49,-66,-69,-53,-60,-88,25671
215,Furret,1,-36,-39,-43,-50,-18,7491
216,Hoothoot,-24,-82,-73,-52,-49,-58,21098
217,Noctowl,16,-62,-53,-2,-9,-38,8438
218,Ledyba,-44,-92,-73,-48,-25,-53,21467
219,Ledian,-29,-77,-53,-33,5,-23,11222
220,Spinarak,-44,-52,-63,-48,-65,-78,21222
221,Ariados,-14,-22,-33,-28,-35,-68,8402
222,Crobat,1,-22,-23,-18,-25,22,2447
223,Chinchou,-9,-74,-65,-32,-49,-41,14888
224,Lanturn,41,-54,-45,-12,-29,-41,9288
225,Pichu,-64,-72,-88,-53,-70,-48,27037
226,Cleffa,-34,-87,-75,-43,-50,-93,27348
227,Igglybuff,6,-82,-88,-48,-85,-93,32682
228,Togepi,-49,-92,-38,-48,-40,-88,23957
229,Togetic,-29,-72,-18,-8,0,-68,11037
230,Natu,-44,-62,-58,-18,-60,-38,14512
231,Xatu,-19,-37,-33,7,-35,-13,4262
232,Mareep,-29,-72,-63,-23,-60,-73,19452
233,Flaaffy,-14,-57,-48,-8,-45,-63,11807
234,Ampharos,6,-37,-18,27,-15,-53,5492
235,Ampharos (Mega Ampharos),6,-17,2,77,5,-63,10252
236,Bellossom,-9,-32,-8,2,-5,-58,4562
237,Marill,-14,-92,-53,-68,-55,-68,23742
238,Azumarill,16,-62,-23,-28,-25,-58,9402
239,Sudowoodo,-14,-12,12,-58,-40,-78,11532
240,Politoed,6,-37,-28,2,-5,-38,3662
241,Hoppip,-49,-77,-63,-53,-50,-58,20972
242,Skiploom,-29,-67,-53,-43,-40,-28,12372
243,Jumpluff,-9,-57,-33,-33,-10,2,5612
244,Aipom,-29,-42,-48,-48,-50,-23,10242
245,Sunkern,-54,-82,-73,-58,-75,-78,30042
246,Sunflora,-9,-37,-48,17,-20,-78,10527
247,Yanma,-19,-47,-58,-13,-60,-13,9872
248,Wooper,-29,-67,-58,-63,-80,-93,27712
249,Wooper (Paldean Wooper),-29,-67,-58,-63,-80,-93,27712
250,Quagsire,11,-27,-18,-23,-40,-73,8632
251,Espeon,-19,-47,-43,42,-10,2,6287
252,Umbreon,11,-47,7,-28,25,-43,5637
253,Murkrow,-24,-27,-61,-3,-63,-17,9293
254,Slowking,11,-37,-23,12,5,-78,8272
255,Slowking (Galarian Slowking),11,-47,-23,22,5,-78,9452
256,Misdreavus,-24,-52,-43,-3,-20,-23,6067
257,Unown,-36,-40,-55,-16,-57,-60,13026
258,Wobbuffet,106,-79,-45,-55,-47,-75,30361
259,Girafarig,-14,-32,-38,2,-40,-23,4797
260,Pineco,-34,-47,-13,-53,-70,-93,19892
261,Forretress,-9,-22,37,-28,-45,-68,9367
262,Dunsparce,16,-42,-33,-23,-40,-63,9207
263,Gligar,-19,-37,2,-53,-40,-23,6672
264,Steelix,-9,-27,97,-33,-40,-78,18992
265,Steelix (Mega Steelix),-9,13,127,-33,-10,-78,23652
266,Snubbull,-24,-32,-53,-48,-65,-78,17022
267,Granbull,6,8,-28,-28,-45,-63,7662
268,Qwilfish,-19,-17,-18,-33,-50,-23,5092
269,Qwilfish (Hisuian Qwilfish),-19,-17,-18,-33,-50,-23,5092
270,Scizor,-14,18,-3,-33,-25,-43,4092
271,Scizor (Mega Scizor),-14,38,37,-23,-5,-33,4652
272,Shuckle,-64,-102,127,-78,125,-103,62947
273,Heracross,-4,13,-28,-48,-10,-23,3902
274,Heracross (Mega Heracross),-4,73,12,-48,0,-33,8882
275,Sneasel,-29,-17,-48,-53,-30,7,7192
276,Sneasel (Hisuian Sneasel),-29,-17,-48,-53,-30,7,7192
277,Teddiursa,-24,-32,-53,-38,-55,-68,13502
278,Ursaring,6,18,-28,-13,-30,-53,5022
279,Slugma,-44,-72,-63,-18,-65,-88,23382
280,Magcargo,-24,-62,17,2,-25,-78,11422
281,Swinub,-34,-62,-63,-58,-75,-58,21322
282,Piloswine,16,-12,-23,-28,-45,-58,7102
283,Corsola,-19,-57,-8,-23,-10,-73,9632
284,Corsola (Galarian Corsola),-24,-57,-3,-23,-5,-78,10472
285,Remoraid,-49,-47,-68,-23,-70,-43,16512
286,Octillery,-9,-7,-28,17,-30,-63,6072
287,Delibird,-39,-57,-58,-23,-60,-33,13352
288,Mantine,1,-72,-33,-8,35,-38,9007
289,Skarmory,-19,-32,37,-48,-35,-38,7727
290,Houndour,-39,-52,-73,-8,-55,-43,14492
291,Houndoom,-9,-22,-53,22,-25,-13,4652
292,Houndoom (Mega Houndoom),-9,-22,-13,52,-15,7,3712
293,Kingdra,-9,-17,-8,7,-10,-23,1112
294,Phanpy,6,-52,-43,-48,-65,-68,15742
295,Donphan,6,8,17,-28,-45,-58,6562
296,Porygon2,1,-32,-13,17,-10,-48,3887
297,Stantler,-11,-17,-41,-3,-40,-23,4229
298,Smeargle,-29,-92,-68,-68,-60,-33,23242
299,Tyrogue,-49,-77,-68,-53,-70,-73,25992
300,Hitmontop,-34,-17,-8,-53,5,-38,5787
301,Smoochum,-39,-82,-88,-3,-40,-43,19447
302,Elekid,-39,-49,-66,-23,-50,-13,11476
303,Magby,-39,-37,-66,-18,-50,-25,10695
304,Miltank,11,-32,2,-48,-35,-8,4742
305,Blissey,171,-102,-93,-13,30,-53,52172
306,Raikou,6,-27,-28,27,-5,7,2352
307,Entei,31,3,-18,2,-30,-8,2262
308,Suicune,16,-37,12,2,10,-23,2402
309,Larvitar,-34,-48,-53,-43,-55,-67,15632
310,Pupitar,-14,-28,-33,-23,-35,-57,7072
311,Tyranitar,16,22,7,7,-5,-47,3072
312,Tyranitar (Mega Tyranitar),16,52,47,7,15,-37,6812
313,Lugia,22,-22,27,2,49,2,4106
314,Ho-Oh,22,18,-13,22,49,-18,4186
315,Celebi,16,-12,-3,12,-5,-8,642
316,Treecko,-44,-67,-68,-23,-50,-38,15522
317,Grovyle,-34,-47,-58,-3,-40,-13,8507
318,Sceptile,-14,-27,-38,17,-20,12,3202
319,Sceptile (Mega Sceptile),-14,-2,-28,57,-20,37,6002
320,Torchic,-39,-52,-63,-18,-55,-63,15512
321,Combusken,-24,-27,-43,-3,-45,-53,7997
322,Blaziken,-4,8,-33,22,-35,-28,3662
323,Blaziken (Mega Blaziken),-4,48,-23,42,-25,-8,5302
324,Mudkip,-34,-42,-53,-38,-55,-68,14822
325,Marshtomp,-14,-27,-33,-28,-35,-58,7387
326,Swampert,16,-2,-13,-3,-15,-48,2967
327,Swampert (Mega Swampert),16,38,7,7,5,-38,3267
328,Poochyena,-49,-57,-68,-58,-75,-73,24592
329,Mightyena,-14,-22,-33,-28,-45,-38,6022
330,Zigzagoon,-46,-82,-62,-58,-64,-48,22448
331,Zigzagoon (Galarian Zigzagoon),-46,-82,-62,-58,-64,-48,22448
332,Linoone,-6,-42,-42,-38,-44,-8,7008
333,Linoone (Galarian Linoone),-6,-42,-42,-38,-44,-8,7008
334,Wurmple,-39,-67,-68,-68,-75,-88,28627
335,Silcoon,-34,-77,-48,-63,-80,-93,28407
336,Beautifly,-24,-42,-53,12,-55,-43,10167
337,Cascoon,-34,-77,-48,-63,-80,-93,28407
338,Dustox,-24,-62,-33,-38,-15,-43,9027
339,Lotad,-44,-82,-73,-48,-55,-78,25402
340,Lombre,-24,-62,-53,-28,-35,-58,12602
341,Ludicolo,-4,-42,-33,2,-5,-38,4342
342,Seedot,-44,-72,-53,-58,-75,-78,25002
343,Nuzleaf,-14,-42,-63,-28,-65,-48,13242
344,Shiftry,6,-12,-43,2,-45,-28,4842
345,Taillow,-44,-57,-73,-58,-75,-23,20032
346,Swellow,-24,-27,-43,-13,-55,17,6637
347,Wingull,-44,-82,-73,-33,-75,-23,21232
348,Pelipper,-24,-62,-3,7,-35,-43,7552
349,Ralts,-56,-87,-78,-43,-70,-68,28162
350,Kirlia,-46,-77,-68,-23,-50,-58,19062
351,Gardevoir,-16,-47,-38,37,10,-28,6162
352,Gardevoir (Mega Gardevoir),-16,-27,-38,77,30,-8,9322
353,Surskit,-44,-82,-71,-38,-53,-43,19803
354,Masquerain,-14,-52,-41,12,-23,-28,6038
355,Shroomish,-24,-72,-43,-48,-45,-73,17267
356,Breloom,-24,18,-23,-28,-45,-38,5682
357,Slakoth,-24,-52,-43,-53,-70,-78,18922
358,Vigoroth,-4,-32,-23,-33,-50,-18,5482
359,Slaking,66,48,-3,7,-40,-8,8382
360,Nincada,-53,-67,-13,-58,-75,-68,21080
361,Ninjask,-23,-22,-58,-38,-55,52,11550
362,Shedinja,-83,-22,-58,-58,-75,-68,24350
363,Whismur,-20,-61,-80,-37,-82,-80,25014
364,Loudred,0,-41,-60,-17,-62,-60,13014
365,Exploud,20,-21,-40,3,-32,-40,5074
366,Makuhita,-12,-52,-73,-68,-75,-83,25315
367,Hariyama,60,8,-43,-48,-45,-58,13206
368,Azurill,-34,-92,-63,-68,-65,-88,30182
369,Nosepass,-54,-67,32,-43,-15,-78,16587
370,Skitty,-34,-67,-58,-53,-70,-58,20082
371,Delcatty,-14,-47,-38,-33,-50,-18,7762
372,Sableye,-34,-37,-28,-23,-40,-58,8802
373,Sableye (Mega Sableye),-34,-27,22,-3,10,-88,10222
374,Mawile,-34,-27,-18,-33,-50,-58,9162
375,Mawile (Mega Mawile),-34,-7,22,-33,-10,-58,6242
376,Aron,-34,-42,-3,-48,-65,-78,15542
377,Lairon,-24,-22,37,-38,-55,-68,11522
378,Aggron,-14,-2,77,-28,-45,-58,12302
379,Aggron (Mega Aggron),-14,28,127,-28,-25,-58,21882
380,Meditite,-54,-72,-48,-48,-50,-48,17512
381,Medicham,-24,-52,-28,-28,-30,-28,6532
382,Medicham (Mega Medicham),-24,-12,-18,-8,-20,-8,1572
383,Electrike,-44,-67,-63,-23,-65,-43,16997
384,Manectric,-14,-37,-43,17,-45,-3,5737
385,Manectric (Mega Manectric),-14,-37,-23,47,-25,27,5657
386,Plusle,-24,-62,-63,-3,-30,-13,9467
387,Minun,-24,-72,-53,-13,-20,-13,9307
388,Volbeat,-19,-39,-28,-41,-20,-23,5276
389,Illumise,-19,-65,-28,-15,-20,-23,6524
390,Roselia,-34,-52,-58,12,-25,-43,9842
391,Gulpin,-14,-69,-50,-45,-52,-68,16810
392,Swalot,16,-39,-20,-15,-22,-53,5695
393,Carvanha,-39,-22,-83,-23,-85,-43,18497
394,Sharpedo,-14,8,-63,7,-65,-13,8672
395,Sharpedo (Mega Sharpedo),-14,28,-33,22,-40,-3,4162
396,Wailmer,46,-42,-68,-18,-70,-48,16032
397,Wailord,86,-22,-58,2,-60,-48,17152
398,Numel,-24,-52,-63,-23,-60,-73,16707
399,Camerupt,-14,-12,-33,17,-30,-68,7242
400,Camerupt (Mega Camerupt),-14,8,-3,57,0,-88,11262
401,Torkoal,-14,-27,37,-3,-35,-88,11272
402,Spoink,-24,-87,-68,-18,-25,-48,16022
403,Grumpig,-4,-67,-38,2,5,-28,6762
404,Spinda,-24,-52,-43,-28,-45,-48,10242
405,Trapinch,-39,-12,-58,-43,-60,-98,20082
406,Vibrava,-34,-42,-53,-38,-55,-38,11642
407,Flygon,-4,-12,-23,-8,-25,-8,1442
408,Cacnea,-34,-27,-63,-3,-65,-73,15417
409,Cacturne,-14,3,-43,27,-45,-53,7617
410,Swablu,-39,-72,-43,-48,-30,-58,15122
411,Altaria,-9,-42,-13,-18,0,-28,3122
412,Altaria (Mega Altaria),-9,-2,7,22,0,-28,1402
413,Zangoose,-11,3,-43,-28,-45,-18,5112
414,Seviper,-11,-12,-43,12,-45,-43,6132
415,Lunatone,6,-57,-38,7,-20,-38,6622
416,Solrock,6,-17,-18,-33,-40,-38,4782
417,Barboach,-34,-64,-60,-42,-64,-48,17016
418,Whiscash,26,-34,-30,-12,-34,-48,6336
419,Corphish,-41,-32,-38,-38,-70,-73,15822
420,Crawdaunt,-21,8,-18,2,-50,-53,6142
421,Baltoy,-44,-72,-48,-48,-35,-53,15762
422,Claydol,-24,-42,2,-18,15,-33,3982
423,Lileep,-18,-71,-26,-27,-18,-85,14319
424,Cradily,2,-31,-6,-7,2,-65,5279
425,Anorith,-39,-17,-53,-48,-55,-33,11037
426,Armaldo,-9,13,-3,-18,-25,-63,5177
427,Feebas,-64,-97,-83,-78,-50,-28,29762
428,Milotic,11,-52,-24,12,20,-27,4674
429,Castform,-14,-42,-33,-18,-35,-38,6042
430,Kecleon,-24,-22,-33,-28,15,-68,7782
431,Shuppet,-40,-37,-68,-25,-72,-63,17371
432,Banette,-20,3,-38,-5,-42,-43,5491
433,Banette (Mega Banette),-20,53,-28,5,-22,-33,5591
434,Duskull,-64,-72,-13,-58,-15,-83,19927
435,Dusclops,-44,-42,27,-28,25,-83,12727
436,Tropius,15,-44,-20,-16,-18,-57,6390
437,Chimecho,-9,-62,-23,7,-15,-43,6577
438,Absol,-19,18,-43,-13,-45,-33,5817
439,Absol (Mega Absol),-19,38,-43,27,-45,7,6457
440,Wynaut,11,-89,-55,-65,-57,-85,25766
441,Snorunt,-34,-62,-53,-38,-55,-58,15642
442,Glalie,-4,-32,-23,-8,-25,-28,3042
443,Glalie (Mega Glalie),-4,8,-23,32,-25,-8,2322
444,Spheal,-14,-72,-53,-33,-55,-83,19192
445,Sealeo,6,-52,-33,-13,-35,-63,9192
446,Walrein,26,-32,-13,7,-15,-43,3992
447,Clamperl,-49,-48,-18,-14,-50,-76,13501
448,Huntail,-29,-8,2,6,-30,-56,4981
449,Gorebyss,-29,-28,2,26,-30,-56,6341
450,Relicanth,16,-22,27,-43,-40,-53,7727
451,Luvdisc,-41,-82,-48,-48,-40,-11,14734
452,Bagon,-39,-37,-43,-48,-75,-58,16032
453,Shelgon,-19,-17,-3,-28,-55,-58,7832
454,Salamence,11,23,-23,22,-25,-8,2352
455,Salamence (Mega Salamence),11,33,27,32,-15,12,3332
456,Beldum,-44,-57,-23,-53,-45,-78,16632
457,Metang,-24,-37,-3,-33,-25,-58,7032
458,Metagross,-4,23,27,7,-15,-38,2992
459,Metagross (Mega Metagross),-4,33,47,17,5,2,3632
460,Regirock,-4,-12,97,-38,-5,-58,14402
461,Regice,-4,-62,-3,12,95,-58,16402
462,Registeel,-4,-37,47,-13,45,-58,9152
463,Latias,-4,-32,-13,22,25,2,2322
464,Latias (Mega Latias),-4,-12,17,52,45,2,5182
465,Latios,-4,-22,-23,42,5,2,2822
466,Latios (Mega Latios),-4,18,-3,72,15,2,5762
467,Kyogre,16,-12,-13,62,35,-18,5962
468,Kyogre (Primal Kyogre),16,38,-13,92,55,-18,13682
469,Groudon,16,38,37,12,-15,-18,3762
470,Groudon (Primal Groudon),16,68,57,62,-15,-18,12522
471,Rayquaza,21,38,-13,62,-15,-13,6292
472,Rayquaza (Mega Rayquaza),21,68,-3,92,-5,7,13612
473,Jirachi,16,-12,-3,12,-5,-8,642
474,Deoxys (Normal Forme),-34,38,-53,62,-55,42,14042
475,Deoxys (Attack Forme),-34,68,-83,92,-85,42,30122
476,Deoxys (Defense Forme),-34,-42,57,-18,55,-18,9842
477,Deoxys (Speed Forme),-34,-17,-13,7,-15,72,7072
478,Turtwig,-29,-44,-39,-43,-50,-77,14576
479,Grotle,-9,-23,-18,-33,-40,-72,8807
480,Torterra,11,-3,2,-13,-20,-52,3407
481,Chimchar,-40,-54,-59,-30,-61,-47,14827
482,Monferno,-20,-34,-51,-10,-53,-27,7795
483,Infernape,-8,-8,-32,16,-34,0,2564
484,Piplup,-31,-61,-50,-27,-49,-68,14936
485,Prinplup,-20,-46,-35,-7,-29,-58,7995
486,Empoleon,0,-26,-15,23,-4,-48,3750
487,Starly,-44,-57,-73,-58,-75,-48,21807
488,Staravia,-29,-37,-53,-48,-65,-28,12332
489,Staraptor,1,8,-33,-38,-45,-8,4687
490,Bidoof,-25,-67,-63,-53,-65,-77,22046
491,Bibarel,-5,-27,-43,-33,-45,-37,7086
492,Kricketot,-47,-87,-62,-63,-64,-83,28576
493,Kricketune,-7,-27,-52,-33,-54,-43,9336
494,Shinx,-39,-47,-69,-48,-71,-63,19805
495,Luxio,-24,-27,-54,-28,-56,-48,10445
496,Luxray,-4,8,-24,7,-26,-38,2825
497,Budew,-44,-82,-68,-38,-35,-53,18762
498,Roserade,-24,-42,-38,37,0,-18,5477
499,Cranidos,-17,13,-63,-58,-75,-50,15916
500,Rampardos,13,53,-43,-23,-55,-50,10881
501,Shieldon,-54,-70,15,-46,-17,-78,16530
502,Bastiodon,-24,-60,65,-41,33,-78,17255
503,Burmy,-44,-83,-58,-59,-60,-72,24454
504,Wormadam (Plant Cloak),-24,-53,-18,-9,0,-72,8974
505,Wormadam (Sandy Cloak),-24,-33,2,-29,-20,-72,8094
506,Wormadam (Trash Cloak),-24,-43,-8,-19,-10,-72,8134
507,Mothim,-14,-18,-53,6,-55,-42,8154
508,Combee,-54,-82,-61,-58,-63,-38,22138
509,Vespiquen,-14,-32,-1,-8,-3,-68,5918
510,Pachirisu,-24,-67,-33,-43,-15,-13,8397
511,Buizel,-29,-47,-68,-28,-75,-23,14612
512,Floatzel,1,-7,-48,-3,-55,7,5437
513,Cherubi,-39,-77,-58,-26,-52,-73,19523
514,Cherrim,-14,-52,-33,-1,-27,-23,5248
515,Shellos,-8,-64,-55,-31,-43,-74,15471
516,Gastrodon,27,-29,-35,4,-23,-69,8101
517,Ambipom,-9,-12,-37,-28,-39,7,3948
518,Drifloon,6,-62,-69,-28,-61,-38,14590
519,Drifblim,66,-32,-59,2,-51,-28,12250
520,Buneary,-29,-46,-59,-44,-49,-23,11304
521,Lopunny,-19,-36,-19,-34,-9,-3,3264
522,Lopunny (Mega Lopunny),-19,24,-9,-34,-9,27,2984
523,Mismagius,-24,-52,-43,17,0,-3,5427
524,Honchkrow,16,13,-51,17,-53,-37,7493
525,Glameow,-35,-57,-61,-46,-68,-23,15464
526,Purugly,-13,-30,-39,-24,-46,4,5298
527,Chingling,-39,-82,-53,-23,-55,-63,18577
528,Stunky,-21,-49,-56,-47,-64,-34,13439
529,Skuntank,19,-19,-36,-17,-44,-24,4819
530,Bronzor,-27,-88,-17,-64,-19,-85,20444
531,Bronzong,-17,-23,13,-9,11,-75,6814
532,Bonsly,-34,-32,-8,-78,-60,-98,21532
533,Mime Jr.,-64,-87,-58,-18,-15,-48,17882
534,Happiny,16,-107,-98,-73,-40,-78,34322
535,Chatot,-8,-47,-58,4,-63,-17,9911
536,Spiritomb,-34,-20,5,4,3,-73,6935
537,Gible,-26,-42,-58,-48,-60,-66,16064
538,Gabite,-16,-22,-38,-38,-50,-26,6804
539,Garchomp,24,18,-8,-8,-20,-6,1464
540,Garchomp (Mega Garchomp),24,58,12,32,-10,-16,5464
541,Munchlax,51,-27,-63,-48,-20,-103,20612
542,Riolu,-44,-42,-63,-53,-65,-48,17007
543,Lucario,-14,-2,-33,27,-35,-18,3567
544,Lucario (Mega Lucario),-14,33,-15,52,-35,4,5455
545,Hippopotas,-16,-40,-25,-50,-63,-76,14726
546,Hippowdon,24,0,15,-20,-33,-61,6011
547,Skorupi,-44,-62,-13,-58,-50,-43,13662
548,Drapion,-14,-22,7,-28,-30,-13,2582
549,Croagunk,-36,-51,-63,-27,-65,-58,16184
550,Toxicroak,-1,-6,-38,-2,-40,-23,3614
551,Carnivine,-10,-12,-31,2,-33,-62,6142
552,Finneon,-35,-63,-47,-39,-44,-42,12624
553,Lumineon,-15,-43,-27,-19,-19,-17,3814
554,Mantyke,-39,-92,-53,-28,15,-58,17167
555,Snover,-24,-50,-53,-26,-45,-68,13210
556,Abomasnow,6,-20,-28,4,-20,-48,3940
557,Abomasnow (Mega Abomasnow),6,20,2,44,0,-78,8460
558,Weavile,-14,8,-38,-43,-20,17,4242
559,Magnezone,-14,-42,12,42,-15,-48,6397
560,Lickilicky,26,-27,-8,-8,-10,-58,4997
561,Rhyperior,31,28,27,-33,-50,-68,10687
562,Tangrowth,16,-12,22,22,-55,-58,7757
563,Electivire,-9,11,-36,7,-20,-13,2116
564,Magmortar,-9,-17,-36,37,-10,-25,3760
565,Togekiss,1,-62,-8,32,10,-28,5817
566,Yanmega,2,-36,-17,28,-49,-13,4943
567,Leafeon,-19,-2,27,-28,-40,-13,3647
568,Glaceon,-19,-52,7,42,-10,-43,6827
569,Gliscor,-9,-17,22,-43,-30,-13,3772
570,Mamoswine,26,18,-23,-18,-45,-28,4662
571,Porygon-Z,1,-32,-33,47,-30,-18,5547
572,Gallade,-16,13,-38,-23,10,-28,3282
573,Gallade (Mega Gallade),-16,53,-8,-23,10,2,3762
574,Probopass,-24,-57,42,-13,45,-68,12407
575,Dusknoir,-39,-12,32,-23,30,-63,8087
576,Froslass,-14,-32,-33,-8,-35,2,3602
577,Rotom,-34,-62,-26,7,-28,-17,6798
578,Rotom (Heat Rotom),-34,-47,4,17,2,-22,4158
579,Rotom (Wash Rotom),-34,-47,4,17,2,-22,4158
580,Rotom (Frost Rotom),-34,-47,4,17,2,-22,4158
581,Rotom (Fan Rotom),-34,-47,4,17,2,-22,4158
582,Rotom (Mow Rotom),-34,-47,4,17,2,-22,4158
583,Uxie,-9,-37,27,-13,25,-13,3142
584,Mesprit,-4,-7,2,17,0,-28,1142
585,Azelf,-9,13,-33,37,-35,7,3982
586,Dialga,16,8,17,62,-5,-18,4802
587,Dialga (Origin Forme),16,-12,17,62,15,-18,5082
588,Palkia,6,8,-3,62,15,-8,4242
589,Palkia (Origin Forme),6,-12,-3,62,15,12,4402
590,Heatran,7,-22,3,42,1,-31,3268
591,Regigigas,26,48,7,-8,5,-8,3182
592,Giratina (Altered Forme),66,-12,17,12,15,-18,5482
593,Giratina (Origin Forme),66,8,-3,32,-5,-18,5802
594,Cresselia,36,-42,17,-13,25,-23,4672
595,Phione,-4,-32,-23,-8,-25,-28,3042
596,Manaphy,16,-12,-3,12,-5,-8,642
597,Darkrai,-14,-22,-13,47,-15,17,3572
598,Shaymin (Land Forme),16,-12,-3,12,-5,-8,642
599,Shaymin (Sky Forme),16,-9,-28,32,-30,19,3406
600,Arceus,36,8,17,32,15,12,3042
601,Victini,16,-12,-3,12,-5,-8,642
602,Snivy,-39,-67,-48,-43,-50,-45,14688
603,Servine,-24,-52,-28,-28,-30,-25,6373
604,Serperior,-9,-37,-8,-13,-10,5,1808
605,Tepig,-19,-49,-58,-43,-60,-63,15544
606,Pignite,6,-19,-48,-18,-50,-53,8334
607,Emboar,26,11,-38,12,-40,-43,5834
608,Oshawott,-29,-57,-58,-25,-60,-63,15648
609,Dewott,-9,-37,-43,-5,-45,-48,7653
610,Samurott,11,-12,-18,20,-35,-38,3658
611,Samurott (Hisuian Samurott),6,-4,-23,12,-40,-23,2854
612,Patrat,-39,-57,-64,-53,-66,-66,20387
613,Watchog,-24,-27,-34,-28,-36,-31,5502
614,Lillipup,-39,-52,-58,-63,-60,-53,17967
615,Herdier,-19,-32,-38,-53,-40,-48,9542
616,Stoutland,1,-2,-13,-43,-15,-28,3032
617,Purrloin,-43,-62,-66,-38,-68,-42,17881
618,Liepard,-20,-24,-53,0,-55,-2,6814
619,Pansage,-34,-59,-55,-35,-57,-44,14072
620,Simisage,-9,-14,-40,10,-42,-7,3790
621,Pansear,-34,-59,-55,-35,-57,-44,14072
622,Simisear,-9,-14,-40,10,-42,-7,3790
623,Panpour,-34,-59,-55,-35,-57,-44,14072
624,Simipour,-9,-14,-40,10,-42,-7,3790
625,Munna,-8,-87,-58,-21,-50,-84,20994
626,Musharna,32,-57,-18,19,-10,-79,11299
627,Pidove,-34,-57,-53,-52,-75,-65,19768
628,Tranquill,-22,-35,-41,-38,-63,-43,10652
629,Unfezant,-4,3,-23,-23,-50,-15,3808
630,Blitzle,-39,-52,-71,-38,-73,-32,17063
631,Zebstrika,-9,-12,-40,-8,-42,8,3717
632,Roggenrola,-29,-37,-18,-63,-80,-93,21552
633,Boldore,-14,-7,2,-38,-65,-88,13662
634,Gigalith,1,23,27,-28,-25,-83,9557
635,Woobat,-19,-67,-60,-33,-62,-36,14679
636,Swoobat,-17,-55,-48,-11,-50,6,8275
637,Drilbur,-24,-27,-63,-58,-60,-40,13838
638,Excadrill,26,23,-43,-38,-40,-20,6498
639,Audino,19,-52,-17,-28,-19,-58,7863
640,Audino (Mega Audino),19,-52,23,-8,21,-58,7463
641,Timburr,-9,-32,-48,-63,-70,-73,17607
642,Gurdurr,1,-7,-18,-48,-55,-68,10327
643,Conkeldurr,21,28,-8,-33,-40,-63,7947
644,Tympole,-34,-62,-63,-38,-65,-44,16574
645,Palpitoad,-9,-47,-48,-23,-50,-39,9144
646,Seismitoad,21,-17,-28,-3,-30,-34,3579
647,Throh,36,-12,-18,-58,-20,-63,9497
648,Sawk,-9,13,-28,-58,-30,-23,5827
649,Sewaddle,-39,-59,-33,-48,-45,-66,14776
650,Swadloon,-29,-49,-13,-38,-25,-66,9836
651,Leavanny,-9,-9,-23,-18,-25,-16,1896
652,Venipede,-54,-67,-44,-58,-66,-51,19662
653,Whirlipede,-44,-57,-4,-48,-26,-61,11902
654,Scolipede,-24,-12,-14,-33,-36,4,3317
655,Cottonee,-44,-85,-43,-51,-55,-42,18400
656,Whimsicott,-24,-45,-18,-11,-30,8,4010
657,Petilil,-39,-77,-53,-18,-55,-78,19692
658,Lilligant,-14,-52,-28,22,-30,-18,5392
659,Lilligant (Hisuian Lilligant),-14,-7,-28,-38,-30,-3,3382
660,Basculin,-14,-20,-38,-8,-50,-10,4704
661,Sandile,-34,-40,-68,-53,-70,-43,16938
662,Krokorok,-24,-30,-58,-43,-60,-34,11445
663,Krookodile,11,5,-23,-23,-35,-16,2685
664,Darumaka,-14,-22,-58,-73,-60,-58,16337
665,Darumaka (Galarian Darumaka),-14,-22,-58,-73,-60,-58,16337
666,Darmanitan (Standard Mode),21,28,-48,-58,-50,-13,9562
667,Darmanitan (Zen Mode),21,-82,2,52,0,-53,12682
668,Darmanitan (Galarian Standard Mode),21,28,-48,-58,-50,-13,9562
669,Darmanitan (Galarian Zen Mode),21,48,-48,-58,-50,27,11642
670,Maractus,-9,-26,-36,18,-38,-48,6125
671,Dwebble,-34,-47,-18,-53,-70,-53,14207
672,Crustle,-14,-7,22,-23,-30,-63,6127
673,Scraggy,-34,-37,-33,-53,-35,-60,11248
674,Scrafty,-19,-22,12,-43,10,-50,5438
675,Sigilyph,-12,-54,-23,15,-25,-11,4560
676,Yamask,-46,-82,-18,-33,-40,-78,17937
677,Yamask (Galarian Yamask),-46,-57,-18,-58,-40,-78,16737
678,Cofagrigus,-26,-62,42,7,0,-78,12417
679,Tirtouga,-30,-34,0,-35,-60,-86,14277
680,Carracosta,-10,-4,30,-5,-40,-76,8417
681,Archen,-29,0,-58,-14,-60,-38,9445
682,Archeops,-9,28,-38,24,-40,2,4489
683,Trubbish,-34,-62,-41,-48,-43,-43,12683
684,Garbodor,-4,-17,-21,-28,-23,-33,3148
685,Zorua,-44,-47,-63,-8,-65,-43,14252
686,Zorua (Hisuian Zorua),-49,-52,-63,-3,-65,-38,14752
687,Zoroark,-24,-7,-43,32,-45,-3,5532
688,Zoroark (Hisuian Zoroark),-29,-12,-43,37,-45,2,6232
689,Minccino,-29,-62,-63,-48,-65,-33,16272
690,Cinccino,-9,-17,-43,-23,-45,7,4822
691,Gothita,-39,-82,-53,-33,-40,-63,17712
692,Gothorita,-24,-67,-33,-13,-20,-53,9532
693,Gothitelle,-14,-57,-8,7,5,-43,5432
694,Solosis,-39,-82,-63,17,-55,-88,23272
695,Duosion,-19,-72,-53,37,-45,-78,17832
696,Reuniclus,26,-47,-28,37,-20,-78,11522
697,Ducklett,-22,-68,-53,-44,-55,-53,15687
698,Swanna,-9,-25,-40,-1,-42,-10,4171
699,Vanillite,-48,-62,-53,-23,-45,-64,15607
700,Vanillish,-33,-47,-38,-8,-30,-49,8107
701,Vanilluxe,-13,-17,-18,22,-10,-29,2207
702,Deerling,-24,-52,-53,-48,-55,-33,12507
703,Sawsbuck,-4,-12,-33,-28,-35,-13,3427
704,Emolga,-29,-37,-43,-13,-45,-5,6278
705,Karrablast,-34,-37,-58,-48,-60,-48,14097
706,Escavalier,-14,23,2,-28,0,-88,9257
707,Foongus,-15,-57,-58,-33,-50,-93,19076
708,Amoonguss,30,-27,-33,-3,-25,-78,9436
709,Frillish,-29,-72,-53,-23,-20,-68,14387
710,Jellicent,16,-52,-33,-3,0,-48,6362
711,Alomomola,81,-37,-23,-48,-60,-43,16212
712,Joltik,-34,-65,-53,-31,-55,-43,14025
713,Galvantula,-14,-35,-43,9,-45,0,5376
714,Ferroseed,-40,-62,-12,-64,-19,-98,19649
715,Ferrothorn,-10,-18,28,-34,11,-88,10229
716,Klink,-44,-57,-33,-43,-45,-78,16232
717,Klang,-24,-32,-8,-18,-20,-58,5752
718,Klinklang,-24,-12,12,-18,-20,-18,1912
719,Tynamo,-49,-57,-63,-43,-65,-48,17997
720,Eelektrik,-19,-27,-33,-13,-35,-68,8197
721,Eelektross,1,3,-23,17,-25,-58,4817
722,Elgyem,-29,-57,-48,-3,-50,-78,14987
723,Beheeyem,-9,-37,-28,37,-10,-68,8327
724,Litwick,-34,-82,-48,-23,-50,-88,20957
725,Lampent,-24,-72,-43,7,-45,-53,12492
726,Chandelure,-24,-57,-13,57,-15,-28,8252
727,Axew,-38,-25,-43,-58,-65,-51,14108
728,Fraxure,-18,5,-33,-48,-55,-41,8448
729,Haxorus,-8,35,-13,-28,-35,-11,3588
730,Cubchoo,-29,-42,-63,-28,-65,-68,16207
731,Beartic,11,18,-23,-18,-25,-58,5287
732,Cryogonal,-4,-62,-53,7,30,-3,7627
733,Shelmet,-34,-72,-18,-48,-40,-83,17457
734,Accelgor,-4,-42,-63,12,-45,37,9287
735,Stunfisk,25,-46,-19,-7,-6,-76,8963
736,Stunfisk (Galarian Stunfisk),25,-31,-4,-22,-21,-76,8303
737,Mienfoo,-39,-27,-53,-33,-55,-43,11022
738,Mienshao,-19,13,-43,7,-45,-3,4462
739,Druddigon,-7,8,-13,-28,-15,-60,4891
740,Golett,-25,-38,-53,-53,-55,-73,16041
741,Golurk,5,12,-23,-33,-25,-53,5221
742,Pawniard,-39,-27,-33,-48,-65,-48,12172
743,Bisharp,-19,13,-3,-28,-35,-38,3992
744,Bouffalant,11,-2,-8,-48,-10,-53,5402
745,Rufflet,-14,-29,-53,-51,-55,-48,11776
746,Braviary,16,11,-28,-31,-30,-28,3806
747,Braviary (Hisuian Braviary),26,-29,-33,24,-35,-43,6256
748,Vullaby,-14,-57,-28,-43,-40,-48,9982
749,Mandibuzz,26,-47,2,-33,-10,-28,4862
750,Heatmor,1,-15,-37,17,-39,-43,5254
751,Durant,-26,-3,9,-40,-57,1,5616
752,Deino,-32,-47,-53,-43,-55,-70,15816
753,Zweilous,-12,-27,-33,-23,-35,-50,6216
754,Hydreigon,8,-7,-13,37,-15,-10,1976
755,Larvesta,-29,-27,-48,-38,-50,-48,10122
756,Volcarona,1,-52,-38,47,0,-8,6422
757,Cobalion,7,-22,26,2,-33,0,2302
758,Terrakion,7,17,-13,-16,-15,0,988
759,Virizion,7,-22,-31,2,24,0,2074
760,Tornadus (Incarnate Forme),-5,3,-33,37,-25,3,3126
761,Tornadus (Therian Forme),-5,-12,-23,22,-15,13,1576
762,Thundurus (Incarnate Forme),-5,3,-33,37,-25,3,3126
763,Thundurus (Therian Forme),-5,-7,-33,57,-25,-7,5086
764,Reshiram,16,8,-3,62,15,-18,4722
765,Zekrom,16,38,17,32,-5,-18,3362
766,Landorus (Incarnate Forme),5,13,-13,27,-25,-7,1766
767,Landorus (Therian Forme),5,33,-13,17,-25,-17,2486
768,Kyurem,41,18,-13,42,-15,-13,4332
769,Kyurem (Black Kyurem),41,58,-3,32,-15,-13,6472
770,Kyurem (White Kyurem),41,8,-13,82,-5,-13,8832
771,Keldeo,7,-40,-13,41,-15,0,3724
772,Meloetta (Aria Forme),16,-35,-26,40,23,-18,4610
773,Meloetta (Pirouette Forme),16,16,-13,-11,-28,20,1986
774,Genesect,-13,8,-8,32,-10,-9,1502
775,Chespin,-28,-51,-38,-40,-60,-70,14929
776,Quilladin,-23,-34,-8,-32,-47,-51,7583
777,Chesnaught,4,-5,19,-14,-30,-44,3434
778,Fennekin,-44,-67,-63,-26,-45,-48,15399
779,Braixen,-25,-53,-45,2,-35,-35,7913
780,Delphox,-9,-43,-31,26,-5,-4,3608
781,Froakie,-43,-56,-63,-26,-61,-37,14720
782,Frogadier,-30,-49,-51,-5,-49,-11,8449
783,Greninja,-12,-17,-36,15,-34,14,3306
784,Greninja (Ash-Greninja),-12,33,-36,65,-34,24,8486
785,Bunnelby,-46,-76,-65,-56,-69,-51,22615
786,Diggersby,1,-56,-26,-38,-28,-30,6941
787,Fletchling,-39,-62,-60,-48,-67,-46,17874
788,Fletchinder,-22,-39,-48,-32,-53,-24,8718
789,Talonflame,-6,-31,-32,-14,-36,18,3837
790,Scatterbug,-46,-77,-63,-61,-80,-73,27464
791,Spewpa,-39,-90,-43,-61,-75,-79,27057
792,Vivillon,-4,-60,-53,2,-55,-19,9815
793,Litleo,-22,-62,-45,-15,-51,-36,10475
794,Pyroar,2,-44,-31,21,-39,-2,4867
795,Flabébé,-40,-74,-64,-27,-26,-66,16933
796,Floette,-30,-67,-56,-13,-7,-56,11879
797,Florges,-6,-47,-35,24,49,-33,7536
798,Skiddo,-18,-47,-55,-26,-48,-56,11674
799,Gogoat,39,-12,-41,9,-24,-40,5603
800,Pancham,-17,-30,-41,-42,-57,-65,12108
801,Pangoro,11,12,-25,-19,-34,-50,4907
802,Furfrou,-9,-32,-43,-23,-15,-6,3744
803,Espurr,-22,-64,-49,-25,-45,-40,11231
804,Meowstic,-10,-64,-27,-5,-24,-4,5542
805,Honedge,-39,-32,-3,-53,-68,-80,16387
806,Doublade,-25,-2,47,-43,-56,-73,13152
807,Aegislash (Shield Forme),-24,-62,37,-38,35,-48,10762
808,Aegislash (Blade Forme),-24,28,-53,52,-55,-48,12202
809,Spritzee,-6,-60,-43,-25,-40,-85,14935
810,Aromatisse,17,-40,-31,11,-16,-79,9468
811,Swirlix,-22,-64,-37,-29,-48,-59,12575
812,Slurpuff,-2,-32,-17,-3,-30,-36,3522
813,Inkay,-31,-58,-50,-51,-59,-63,16876
814,Malamar,2,-20,-15,-20,-30,-35,3154
815,Binacle,-42,-60,-36,-49,-49,-58,14826
816,Barbaracle,-12,-7,12,-34,-19,-40,3454
817,Skrelp,-34,-52,-43,-28,-45,-78,14602
818,Dragalge,-19,-37,-13,9,18,-64,6400
819,Clauncher,-34,-59,-41,-30,-42,-64,13078
820,Clawitzer,-13,-39,-15,32,-16,-49,5596
821,Helioptile,-40,-74,-70,-27,-62,-38,17993
822,Heliolisk,-22,-57,-51,21,-11,1,6897
823,Tyrunt,-26,-23,-26,-43,-60,-60,10930
824,Tyrantrum,-2,9,16,-19,-46,-37,4187
825,Amaura,-7,-53,-53,-21,-42,-62,11716
826,Aurorus,39,-35,-31,11,-13,-50,6497
827,Sylveon,11,-47,-38,22,25,-48,7187
828,Hawlucha,-6,-20,-28,-14,-42,10,3280
829,Dedenne,-17,-54,-46,-7,-38,-7,6863
830,Carbink,-34,-62,47,-38,45,-58,14042
831,Goomy,-39,-62,-68,-33,-30,-68,16602
832,Sliggoo,-16,-37,-50,-5,8,-48,6518
833,Sliggoo (Hisuian Sliggoo),-26,-37,-20,-5,8,-68,7158
834,Goodra,6,-12,-33,22,45,-28,4562
835,Goodra (Hisuian Goodra),-4,-12,-3,22,45,-48,4982
836,Klefki,-27,-32,-12,-8,-18,-33,3374
837,Phantump,-41,-42,-55,-38,-45,-70,14839
838,Trevenant,1,-2,-27,-23,-23,-52,4496
839,Pumpkaboo (Small Size),-40,-46,-33,-44,-50,-52,11945
840,Pumpkaboo (Average Size),-35,-46,-33,-44,-50,-57,12115
841,Pumpkaboo (Large Size),-30,-46,-33,-44,-50,-62,12385
842,Pumpkaboo (Super Size),-25,-46,-33,-44,-50,-67,12755
843,Gourgeist (Small Size),-29,-27,19,-30,-30,-9,3812
844,Gourgeist (Average Size),-19,-22,19,-30,-30,-24,3582
845,Gourgeist (Large Size),-9,-17,19,-30,-30,-39,4052
846,Gourgeist (Super Size),1,-12,19,-30,-30,-54,5222
847,Bergmite,-29,-43,-18,-56,-70,-80,17450
848,Avalugg,11,5,81,-44,-59,-80,18524
849,Avalugg (Hisuian Avalugg),11,15,81,-54,-69,-70,19484
850,Noibat,-44,-82,-68,-43,-65,-53,22167
851,Noivern,1,-42,-23,9,-25,15,3225
852,Xerneas,42,19,-8,43,-7,-9,4168
853,Yveltal,42,19,-8,43,-7,-9,4168
854,Zygarde (50% Forme),24,-12,18,-7,-10,-13,1362
855,Zygarde (10% Forme),-30,-12,-32,-27,-20,7,3246
856,Zygarde (Complete Forme),132,-12,18,3,-10,-23,18530
857,Diancie,-34,-12,47,12,45,-58,9042
858,Diancie (Mega Diancie),-34,48,7,72,5,2,8722
859,Hoopa (Hoopa Confined),-4,-2,-43,62,25,-38,7782
860,Hoopa (Hoopa Unbound),-4,48,-43,82,25,-28,12302
861,Volcanion,-4,-2,17,42,-15,-38,3742
862,Rowlet,-16,-57,-48,-38,-55,-66,14634
863,Dartrix,-6,-37,-28,-18,-35,-56,6874
864,Decidueye,-6,-5,-28,12,-5,-38,2458
865,Decidueye (Hisuian Decidueye),4,0,-23,7,-10,-48,2998
866,Litten,-39,-47,-63,-28,-65,-38,14152
867,Torracat,-19,-27,-53,-8,-55,-18,7312
868,Incineroar,11,3,-13,-8,-15,-48,2892
869,Popplio,-34,-58,-49,-22,-49,-68,14430
870,Brionne,-24,-43,-34,3,-24,-58,7530
871,Primarina,-4,-38,-29,38,11,-48,6170
872,Pikipek,-49,-37,-73,-58,-75,-43,19937
873,Trumbeak,-29,-27,-53,-48,-55,-33,10797
874,Toucannon,-4,8,-28,-13,-30,-48,4237
875,Yungoos,-36,-42,-73,-58,-75,-63,21347
876,Gumshoos,4,-2,-43,-33,-45,-63,8952
877,Grubbin,-37,-50,-58,-33,-60,-62,15766
878,Charjabug,-27,-30,-8,-33,-30,-72,8866
879,Vikavolt,-7,-42,-13,57,-30,-65,10356
880,Crabrawler,-37,-30,-46,-46,-58,-45,11890
881,Crabominable,13,20,-26,-26,-38,-65,7590
882,Oricorio,-9,-42,-33,10,-35,-15,4484
883,Cutiefly,-44,-67,-63,-33,-65,-24,16284
884,Ribombee,-24,-57,-43,7,-35,16,7204
885,Rockruff,-39,-47,-63,-58,-65,-48,17592
886,Lycanroc (Midday Form),-9,3,-38,-33,-40,4,4239
887,Lycanroc (Midnight Form),1,3,-28,-33,-30,-26,3459
888,Lycanroc (Dusk Form),-9,5,-38,-33,-40,2,4243
889,Wishiwashi (Solo Form),-39,-92,-83,-63,-80,-68,31867
890,Wishiwashi (School Form),-39,28,27,52,30,-78,12722
891,Mareanie,-34,-59,-41,-45,-53,-63,15121
892,Toxapex,-34,-49,49,-35,37,-73,13881
893,Mudbray,-14,-12,-33,-43,-50,-63,9747
894,Mudsdale,16,13,-3,-33,-20,-73,7252
895,Dewpider,-46,-72,-51,-48,-33,-81,19855
896,Araquanid,-16,-42,-11,-38,27,-66,8670
897,Fomantis,-44,-57,-68,-38,-70,-73,21482
898,Lurantis,-14,-7,-13,-8,-15,-63,4672
899,Morelull,-44,-77,-48,-23,-30,-93,20247
900,Shiinotic,-24,-67,-23,2,-5,-78,11707
901,Salandit,-36,-68,-63,-17,-65,-31,15364
902,Salazzle,-16,-48,-43,23,-45,9,7044
903,Stufful,-14,-37,-53,-43,-55,-58,12612
904,Bewear,36,13,-23,-33,-45,-48,7412
905,Bounsweet,-42,-82,-65,-58,-67,-76,26342
906,Steenee,-32,-72,-55,-48,-57,-46,16902
907,Tsareena,-12,8,-5,-38,-7,-36,3022
908,Comfey,-33,-60,-13,-6,5,-8,4983
909,Oranguru,6,-52,-23,2,5,-48,5602
910,Passimian,16,8,-13,-48,-45,-28,5602
911,Wimpod,-59,-77,-63,-68,-75,-28,24412
912,Golisopod,-9,13,37,-28,-15,-68,7252
913,Sandygast,-29,-57,-23,-18,-60,-93,17192
914,Palossand,1,-37,7,12,-30,-73,7792
915,Pyukumuku,-29,-52,27,-58,25,-103,18872
916,Type: Null,11,-17,-8,7,-10,-49,3024
917,Silvally,11,-17,-8,7,-10,-13,792
918,Minior (Meteor Form),-24,-52,-3,-28,-5,-48,6402
919,Minior (Core),-24,-12,-43,12,-45,12,4882
920,Komala,-19,3,-38,-13,-10,-43,3932
921,Turtonator,-24,-34,32,3,-20,-72,8349
922,Togedemaru,-19,-14,-40,-48,-32,-12,5629
923,Mimikyu,-29,-22,-23,-38,0,-12,3442
924,Bruxish,-16,-7,-33,-18,-35,-16,3199
925,Drampa,-6,-52,-18,47,-14,-72,10653
926,Dhelmise,-14,19,-3,-2,-15,-68,5419
927,Jangmo-o,-39,-57,-38,-43,-60,-63,15632
928,Hakamo-o,-29,-37,-13,-23,-35,-43,5982
929,Kommo-o,-9,-2,22,12,0,-23,1242
930,Tapu Koko,-14,3,-18,7,-30,22,1962
931,Tapu Lele,-14,-27,-28,42,10,-13,3742
932,Tapu Bulu,-14,18,12,-3,-10,-33,1862
933,Tapu Fini,-14,-37,12,7,25,-23,2912
934,Cosmog,-41,-83,-72,-59,-74,-71,27752
935,Cosmoem,-41,-83,28,-59,26,-71,18552
936,Solgaleo,53,25,4,25,-16,-11,4452
937,Lunala,53,1,-14,49,2,-11,5532
938,Nihilego,25,-59,-56,39,26,-5,9464
939,Buzzwole,23,27,36,-35,-52,-29,7324
940,Pheromosa,-13,25,-66,49,-68,43,14024
941,Xurkitree,-1,-23,-32,85,-34,-25,10560
942,Celesteela,13,-11,0,19,-4,-47,2876
943,Kartana,-25,69,28,-29,-74,1,12488
944,Guzzlord,139,-11,-50,9,-52,-65,28952
945,Necrozma,13,-5,-2,39,-16,-29,2816
946,Necrozma (Dusk Mane Necrozma),13,45,24,25,4,-31,4372
947,Necrozma (Dawn Wings Necrozma),13,1,6,69,22,-31,6412
948,Necrozma (Ultra Necrozma),13,55,-6,79,-8,21,9976
949,Magearna,-4,-17,12,42,10,-43,4162
950,Marshadow,6,13,-23,2,-15,17,1252
951,Poipole,-17,-39,-36,-15,-38,-35,6000
952,Naganadel,-11,-39,-30,39,-32,13,5256
953,Stakataka,-23,19,108,-35,-4,-95,22820
954,Blacephalon,-31,15,-50,63,-26,-1,8332
955,Zeraora,4,0,-28,14,-25,35,2846
956,Meltan,-38,-47,-38,-33,-70,-74,16562
957,Melmetal,51,31,40,-8,-40,-74,12302
958,Grookey,-34,-47,-53,-48,-65,-43,14552
959,Thwackey,-14,-27,-33,-33,-45,-28,5912
960,Rillaboom,16,13,-13,-28,-35,-23,3132
961,Scorbunny,-34,-41,-63,-48,-65,-39,14856
962,Raboot,-19,-26,-43,-33,-45,-14,6196
963,Cinderace,-4,4,-28,-23,-30,11,2366
964,Sobble,-34,-72,-63,-18,-65,-38,16302
965,Drizzile,-19,-52,-48,7,-50,-18,8242
966,Inteleon,-14,-27,-38,37,-40,12,5482
967,Skwovet,-14,-57,-48,-53,-70,-83,20347
968,Greedent,36,-17,-8,-33,-30,-88,11382
969,Rookidee,-46,-65,-68,-55,-70,-51,21491
970,Corvisquire,-16,-45,-48,-45,-50,-31,10071
971,Corviknight,14,-25,2,-35,-20,-41,4131
972,Blipbug,-59,-92,-83,-63,-60,-63,30372
973,Dottler,-34,-77,-23,-38,-15,-78,15367
974,Orbeetle,-24,-67,7,-8,15,-18,5727
975,Nickit,-44,-84,-75,-41,-53,-58,22471
976,Thievul,-14,-54,-45,-1,-13,-18,5631
977,Gossifleur,-44,-72,-43,-48,-45,-98,22902
978,Eldegoss,-24,-62,-13,-8,15,-48,7182
979,Wooloo,-42,-72,-48,-48,-60,-60,18756
980,Dubwool,-12,-32,-3,-28,-15,-20,2586
981,Chewtle,-34,-48,-53,-50,-67,-64,17354
982,Drednaw,6,3,-13,-40,-37,-34,4339
983,Yamper,-25,-67,-53,-48,-55,-82,19976
984,Boltund,-15,-22,-43,2,-45,13,4756
985,Rolycoly,-54,-72,-53,-48,-55,-78,22322
986,Carkol,-4,-52,-13,-28,-35,-58,8262
987,Coalossal,26,-32,17,-8,-15,-78,8362
988,Applin,-44,-72,-23,-48,-65,-88,21922
989,Flapple,-14,-2,-23,7,-45,-38,4247
990,Appletun,26,-27,-23,12,-25,-78,8787
991,Silicobra,-32,-55,-28,-53,-55,-62,14511
992,Sandaconda,-12,-5,22,-23,-35,-37,3776
993,Cramorant,-14,-27,-48,-3,-10,-23,3867
994,Arrokuda,-43,-49,-63,-48,-75,-42,17912
995,Barraskewda,-23,11,-43,-28,-55,28,7092
996,Toxel,-44,-74,-68,-34,-70,-68,22716
997,Toxtricity,-9,-14,-33,26,-35,-33,4356
998,Sizzlipede,-34,-47,-58,-38,-55,-63,15167
999,Centiskorch,16,3,-38,2,-15,-43,3787
1000,Clobbopus,-34,-44,-43,-38,-55,-76,15186
1001,Grapploct,-4,6,-13,-18,-25,-66,5526
1002,Sinistea,-44,-67,-58,-14,-51,-58,15950
1003,Polteageist,-24,-47,-38,46,9,-38,7870
1004,Hatenna,-42,-82,-58,-32,-52,-69,20341
1005,Hattrem,-27,-72,-38,-2,-32,-59,11866
1006,Hatterene,-27,-22,-8,48,-2,-79,9826
1007,Impidimp,-39,-67,-73,-33,-65,-58,20017
1008,Morgrem,-19,-52,-58,-13,-50,-38,10542
1009,Grimmsnarl,11,8,-38,7,-30,-48,4882
1010,Obstagoon,9,-22,-2,-28,-24,-13,2098
1011,Perrserker,-14,-2,-3,-38,-45,-58,7042
1012,Cursola,-24,-17,-53,57,25,-78,13632
1013,Sirfetch'd,-22,23,-8,-20,-23,-43,3855
1014,Mr. Rime,-4,-27,-28,22,-5,-38,3482
1015,Runerigus,-26,-17,42,-38,0,-78,10257
1016,Milcery,-39,-72,-63,-38,-44,-74,19530
1017,Alcremie,-19,-52,-28,22,16,-44,6525
1018,Falinks,-19,-12,-3,-18,-45,-33,3952
1019,Pincurchin,-36,-11,-8,3,-20,-93,10539
1020,Snom,-54,-87,-68,-43,-75,-88,30327
1021,Frosmoth,-14,-47,-43,37,-15,-43,7697
1022,Stonjourner,16,13,32,-68,-85,-38,14742
1023,Eiscue (Ice Face),-9,-32,7,-23,-15,-58,5272
1024,Eiscue (Noice Face),-9,-32,-33,-23,-55,22,6232
1025,Indeedee (Male),-24,-47,-48,17,-10,-13,5647
1026,Indeedee (Female),-14,-57,-38,7,0,-23,5467
1027,Morpeko,-26,-17,-45,-18,-47,-11,5644
1028,Cufant,-12,-32,-54,-48,-56,-68,14148
1029,Copperajah,38,18,-34,-8,-36,-78,10368
1030,Dracozolt,6,-12,-13,-8,-35,-33,2727
1031,Arctozolt,6,-12,-13,2,-25,-53,3787
1032,Dracovish,6,-22,-3,-18,-25,-33,2567
1033,Arctovish,6,-22,-3,-8,-15,-53,3627
1034,Duraludon,-14,-17,12,32,-55,-23,5207
1035,Dreepy,-56,-52,-73,-48,-75,-26,19774
1036,Drakloak,-16,-32,-53,-28,-55,-6,7934
1037,Dragapult,4,8,-28,12,-30,34,3064
1038,Zacian (Hero of Many Battles),8,8,12,-8,10,30,1336
1039,Zacian (Crowned Sword),8,38,12,-8,10,40,3416
1040,Zamazenta (Hero of Many Battles),8,8,12,-8,10,30,1336
1041,Zamazenta (Crowned Shield),8,8,37,-8,35,20,3186
1042,Eternatus,56,-27,-8,57,-10,22,7762
1043,Eternatus (Eternamax Eternatus),171,3,147,37,145,22,73737
1044,Kubfu,-24,-22,-43,-35,-55,-36,8455
1045,Urshifu,16,18,-3,-25,-45,-11,3360
1046,Zarude,21,8,2,-18,-10,-3,942
1047,Regieleki,-4,-12,-53,12,-55,92,14602
1048,Regidrago,116,-12,-53,12,-55,-28,20362
1049,Glastrier,16,33,27,-23,5,-78,8712
1050,Spectrier,16,-47,-43,57,-25,22,8672
1051,Calyrex,16,-32,-23,-8,-25,-28,3282
1052,Calyrex (Ice Rider Calyrex),16,53,47,-3,25,-58,9272
1053,Calyrex (Shadow Rider Calyrex),16,-27,-23,77,-5,42,9232
1054,Wyrdeer,19,-7,-31,17,-30,-43,4409
1055,Kleavor,-14,23,-8,-43,-35,-23,4392
1056,Ursaluna,46,28,2,-43,-25,-58,8742
1057,Basculegion (Male),36,0,-38,-8,-30,-30,4604
1058,Basculegion (Female),36,-20,-38,12,-30,-30,5084
1059,Sneasler,-4,18,-43,-48,-25,12,5262
1060,Overqwil,1,3,-8,-23,-40,-23,2732
1061,Enamorus (Incarnate Forme),-10,3,-33,47,-25,-2,4036
1062,Enamorus (Therian Forme),-10,3,7,47,-5,-62,6236
1063,Sprigatito,-44,-51,-49,-43,-60,-43,14236
1064,Floragato,-23,-32,-40,-28,-42,-25,6326
1065,Meowscarada,-8,-2,-33,-7,-35,15,2656
1066,Fuecoco,-17,-67,-44,-25,-65,-72,16748
1067,Crocalor,-3,-57,-25,2,-47,-59,9577
1068,Skeledirge,20,-37,-3,22,-30,-42,4926
1069,Quaxly,-29,-47,-58,-38,-60,-58,14822
1070,Quaxwell,-14,-27,-38,-23,-45,-43,6772
1071,Quaquaval,1,8,-23,-3,-30,-23,2032
1072,Lechonk,-30,-67,-63,-53,-60,-73,21096
1073,Oinkologne (Male),26,-12,-28,-29,-25,-43,4919
1074,Oinkologne (Female),31,-22,-33,-29,-15,-43,5449
1075,Tarountula,-49,-71,-58,-59,-65,-88,26256
1076,Spidops,-24,-33,-11,-36,-19,-73,8772
1077,Nymble,-51,-66,-63,-67,-80,-63,25784
1078,Lokix,-13,-10,-25,-36,-50,-16,4946
1079,Pawmi,-39,-62,-83,-48,-80,-48,23262
1080,Pawmo,-24,-37,-63,-38,-65,-23,12112
1081,Pawmot,-14,3,-33,-18,-45,-3,3652
1082,Tandemaus,-34,-62,-58,-48,-60,-33,15357
1083,Maushold,-10,-37,-33,-23,-30,3,3996
1084,Fidough,-47,-57,-33,-58,-50,-43,14260
1085,Dachsbun,-27,-32,12,-38,-25,-13,4135
1086,Smoliv,-43,-77,-58,-30,-54,-78,21042
1087,Dolliv,-32,-59,-43,-10,-27,-75,12808
1088,Arboliva,-6,-43,-13,37,4,-69,8200
1089,Squawkabilly,-2,-16,-52,-43,-54,-16,7985
1090,Nacli,-29,-57,-28,-53,-70,-83,19472
1091,Naclstack,-24,-52,-3,-53,-40,-73,13027
1092,Garganacl,16,-12,27,-43,-15,-73,8532
1093,Charcadet,-44,-62,-63,-38,-65,-73,20747
1094,Armarouge,1,-52,-3,37,-25,-33,5797
1095,Ceruledge,-9,13,-23,-28,-5,-23,2117
1096,Tadbulb,-23,-81,-62,-29,-70,-63,20644
1097,Bellibolt,25,-48,-12,15,-22,-63,7751
1098,Wattrel,-44,-72,-68,-33,-65,-38,18502
1099,Kilowattrel,-14,-42,-43,17,-45,17,6412
1100,Maschiff,-24,-34,-43,-48,-54,-57,12050
1101,Mabosstiff,-4,8,-13,-28,-35,-23,2787
1102,Shroodle,-44,-47,-68,-48,-70,-33,17062
1103,Grafaiai,-21,-17,-38,-8,-33,2,3331
1104,Bramblin,-44,-47,-73,-43,-70,-48,18527
1105,Brambleghast,-29,3,-33,-8,-35,-18,3552
1106,Toedscool,-44,-72,-68,-38,-5,-38,14657
1107,Toedscruel,-4,-42,-38,-8,15,-8,3577
1108,Klawf,-14,-12,12,-53,-50,-33,6882
1109,Capsakid,-34,-50,-63,-26,-65,-58,15890
1110,Scovillain,-19,-4,-38,20,-40,-33,4910
1111,Rellor,-43,-62,-43,-57,-47,-78,19084
1112,Rabsca,-9,-62,-18,27,-5,-63,8972
1113,Flittle,-54,-77,-73,-33,-75,-33,21977
1114,Espathra,11,-52,-43,13,-45,-3,6877
1115,Tinkatink,-34,-67,-58,-53,-41,-50,15999
1116,Tinkatuff,-19,-57,-48,-43,-23,-30,9192
1117,Tinkaton,1,-37,-26,-18,0,-14,2566
1118,Wiglett,-74,-57,-78,-53,-80,-13,24187
1119,Wugtrio,-49,-12,-53,-38,-35,12,8167
1120,Bombirdier,-14,-9,-18,-28,-20,-26,2461
1121,Finizen,-14,-67,-63,-43,-65,-33,15817
1122,Palafin,16,-42,-31,-35,-43,-8,6119
1123,Palafin,16,48,-6,18,-18,-8,3308
1124,Varoom,-39,-42,-40,-58,-60,-61,15570
1125,Revavroom,-4,7,-13,-34,-38,-18,3158
1126,Cyclizar,-14,-17,-38,-3,-40,13,3707
1127,Orthworm,-14,-27,42,-28,-50,-43,7822
1128,Glimmet,-36,-77,-61,17,-45,-48,15564
1129,Glimmora,-1,-57,-13,42,-24,-22,6243
1130,Greavard,-34,-51,-43,-58,-50,-74,16946
1131,Houndstone,-12,-11,-3,-38,-8,-40,3382
1132,Flamigo,-2,3,-29,-13,-41,-18,3028
1133,Cetoddle,24,-44,-58,-58,-65,-65,17690
1134,Cetitan,86,1,-38,-43,-50,-35,14415
1135,Veluza,6,-10,-30,-10,-40,-38,4180
1136,Dondozo,66,-12,12,-23,-40,-73,12102
1137,Tatsugiri,-16,-62,-43,32,-10,-26,7749
1138,Annihilape,26,3,-23,-38,-15,-18,3207
1139,Clodsire,46,-37,-43,-43,-5,-88,14952
1140,Farigiraf,36,-22,-33,22,-35,-48,6882
1141,Dudunsparce,41,-12,-23,-3,-30,-53,6072
1142,Kingambit,16,23,17,-28,-20,-58,5622
1143,Great Tusk,31,19,28,-35,-52,-21,6476
1144,Scream Tail,31,-47,-4,-23,10,3,3824
1145,Brute Bonnet,27,15,-4,-9,-6,-53,3896
1146,Flutter Mane,-29,-57,-48,47,30,27,10232
1147,Slither Wing,1,23,-24,-3,0,-27,1844
1148,Sandy Shocks,1,-31,-6,33,-20,-7,2536
1149,Iron Treads,6,0,17,-16,-35,-2,1810
1150,Iron Bundle,-28,-32,11,36,-45,28,6034
1151,Iron Hands,70,28,5,-38,-37,-58,11886
1152,Iron Jugulis,10,-32,-17,34,-25,0,3194
1153,Iron Moth,-4,-42,-43,52,5,2,6362
1154,Iron Thorns,16,22,7,-18,-21,-36,2850
1155,Frigibax,-19,-37,-58,-53,-60,-53,14312
1156,Arctibax,6,-17,-37,-43,-40,-46,7259
1157,Baxcalibur,31,33,-11,-13,-19,-21,3142
1158,Gimmighoul (Chest Form),-39,-82,-33,-13,-35,-98,20332
1159,Gimmighoul (Roaming Form),-39,-82,-78,-13,-60,-28,18882
1160,Gholdengo,3,-52,-8,45,-14,-24,5574
1161,Wo-Chien,1,-27,-3,7,30,-38,3132
1162,Chien-Pao,-4,8,-23,2,-40,27,2942
1163,Ting-Lu,71,-2,22,-33,-25,-63,11212
1164,Chi-Yu,-29,-32,-23,47,15,-8,4892
1165,Roaring Moon,21,27,-32,-33,-4,11,3420
1166,Iron Valiant,-10,18,-13,32,-45,8,3706
1167,Koraidon,16,23,12,-3,-5,27,1692
1168,Miraidon,16,-27,-3,47,10,27,4032
