Coby Lovelace vs. Pokemon SSE,pokemon,D_HP,D_ATK,D_DEF,D_SPA,D_SPD,D_SPE,SSE
0,Bulbasaur,-41,-53,-36,-40,-44,0,9322
1,Ivysaur,-26,-40,-22,-25,-29,15,4451
2,Venusaur,-6,-20,-2,-5,-9,35,1771
3,Venusaur (Mega Venusaur),-6,-2,38,17,11,35,3119
4,Charmander,-47,-50,-42,-45,-59,20,12379
5,Charmeleon,-28,-38,-27,-25,-44,35,6743
6,Charizard,-8,-18,-7,4,-24,55,4054
7,Charizard (Mega Charizard X),-8,28,26,25,-24,55,5750
8,Charizard (Mega Charizard Y),-8,2,-7,54,6,55,6094
9,Squirtle,-42,-54,-20,-55,-45,-2,10134
10,Wartortle,-27,-39,-5,-40,-29,13,4885
11,Blastoise,-7,-19,15,-20,-4,33,2140
12,Blastoise (Mega Blastoise),-7,1,35,30,6,33,3300
13,Caterpie,-41,-72,-50,-85,-89,0,24511
14,Metapod,-36,-82,-30,-80,-84,-15,22601
15,Butterfree,-26,-57,-35,-15,-29,25,6841
16,Weedle,-46,-67,-55,-85,-89,5,24801
17,Kakuna,-41,-77,-35,-80,-84,-10,22391
18,Beedrill,-21,-12,-45,-60,-29,30,7951
19,Beedrill (Mega Beedrill),-21,48,-45,-90,-29,100,23711
20,Pidgey,-46,-57,-45,-70,-74,11,17887
21,Pidgeotto,-23,-42,-30,-55,-59,26,10375
22,Pidgeot,-3,-22,-10,-35,-39,56,6475
23,Pidgeot (Mega Pidgeot),-3,-22,-5,30,-29,76,8035
24,Rattata,-56,-46,-50,-80,-74,27,20357
25,Rattata (Alolan Rattata),-56,-46,-50,-80,-74,27,20357
26,Raticate,-31,-21,-25,-55,-39,52,9277
27,Raticate (Alolan Raticate),-11,-31,-15,-65,-29,32,7397
28,Spearow,-46,-42,-55,-74,-78,25,19090
29,Fearow,-21,-12,-20,-44,-48,55,8250
30,Ekans,-51,-42,-41,-65,-55,10,13396
31,Arbok,-26,-7,-16,-40,-30,35,4706
32,Pikachu,-51,-47,-45,-55,-59,45,15366
33,Pikachu (Partner Pikachu),-41,-22,-35,-30,-49,75,12316
34,Raichu,-26,-12,-30,-15,-29,65,7011
35,Raichu (Alolan Raichu),-26,-17,-35,-10,-24,65,7091
36,Sandshrew,-36,-27,0,-85,-79,-5,15516
37,Sandshrew (Alolan Sandshrew),-36,-27,5,-95,-74,-5,16576
38,Sandslash,-11,-2,25,-60,-54,20,7666
39,Sandslash (Alolan Sandslash),-11,-2,35,-80,-44,20,10086
40,Nidoran♀,-31,-55,-33,-65,-69,-4,14077
41,Nidorina,-16,-40,-18,-50,-54,11,7717
42,Nidoqueen,4,-10,2,-30,-24,31,2557
43,Nidoran♂,-40,-45,-45,-65,-69,5,14661
44,Nidorino,-25,-30,-28,-50,-54,20,8125
45,Nidoking,-5,0,-8,-20,-34,40,3245
46,Clefairy,-16,-57,-37,-45,-44,-10,8935
47,Clefable,9,-32,-12,-10,-19,15,1935
48,Vulpix,-48,-61,-45,-55,-44,20,13411
49,Vulpix (Alolan Vulpix),-48,-61,-45,-55,-44,20,13411
50,Ninetales,-13,-26,-10,-24,-9,55,4627
51,Ninetales (Alolan Ninetales),-13,-35,-10,-24,-9,64,6247
52,Jigglypuff,29,-57,-65,-60,-84,-25,19596
53,Wigglytuff,54,-32,-40,-20,-59,0,9421
54,Zubat,-46,-57,-50,-75,-69,10,18351
55,Golbat,-11,-22,-15,-40,-34,45,5611
56,Oddish,-41,-52,-30,-30,-44,-15,8346
57,Gloom,-26,-37,-15,-20,-34,-5,3851
58,Vileplume,-11,-22,0,5,-19,5,1016
59,Paras,-51,-32,-30,-60,-54,-20,11441
60,Parasect,-26,-7,-5,-45,-29,-15,3841
61,Venonat,-26,-47,-35,-65,-54,0,11251
62,Venomoth,-16,-37,-25,-15,-34,45,5656
63,Diglett,-76,-47,-60,-70,-64,50,23081
64,Diglett (Alolan Diglett),-76,-47,-55,-70,-64,45,22031
65,Dugtrio,-51,-2,-35,-55,-39,75,14001
66,Dugtrio (Alolan Dugtrio),-51,-2,-25,-55,-39,65,12001
67,Meowth,-46,-57,-50,-65,-69,45,18876
68,Meowth (Alolan Meowth),-46,-67,-50,-55,-69,45,18916
69,Meowth (Galarian Meowth),-36,-37,-30,-65,-69,-5,12576
70,Persian,-21,-32,-25,-40,-44,70,10526
71,Persian (Alolan Persian),-21,-42,-25,-30,-44,70,10566
72,Psyduck,-36,-50,-37,-40,-59,10,10346
73,Golduck,-6,-20,-7,-10,-29,40,3026
74,Mankey,-46,-22,-50,-70,-64,25,14721
75,Primeape,-21,3,-25,-45,-39,50,7121
76,Growlithe,-31,-32,-40,-35,-59,15,8516
77,Growlithe (Hisuian Growlithe),-26,-27,-40,-40,-59,10,8186
78,Arcanine,4,8,-5,-5,-29,50,3471
79,Arcanine (Hisuian Arcanine),9,13,-5,-10,-29,45,3241
80,Poliwag,-46,-52,-45,-65,-69,45,17856
81,Poliwhirl,-21,-37,-20,-55,-59,45,10741
82,Poliwrath,4,-7,10,-35,-19,25,2376
83,Abra,-61,-82,-70,0,-54,45,20286
84,Kadabra,-46,-67,-55,15,-39,60,14976
85,Alakazam,-31,-52,-40,30,-14,75,11986
86,Alakazam (Mega Alakazam),-31,-52,-20,70,-4,105,20006
87,Machop,-16,-22,-35,-70,-74,-10,12441
88,Machoke,-6,-2,-15,-55,-49,0,5691
89,Machamp,4,28,-5,-40,-24,10,3101
90,Bellsprout,-36,-27,-50,-35,-79,-5,12016
91,Weepinbell,-21,-12,-35,-20,-64,10,6406
92,Victreebel,-6,3,-20,-5,-39,25,2616
93,Tentacool,-46,-62,-50,-55,-9,25,12191
94,Tentacruel,-6,-32,-20,-25,11,55,5231
95,Geodude,-46,-22,15,-75,-79,-25,15316
96,Geodude (Alolan Geodude),-46,-22,15,-75,-79,-25,15316
97,Graveler,-31,-7,30,-60,-64,-10,9706
98,Graveler (Alolan Graveler),-31,-7,30,-60,-64,-10,9706
99,Golem,-6,18,45,-50,-44,0,6821
100,Golem (Alolan Golem),-6,18,45,-50,-44,0,6821
101,Ponyta,-36,-17,-30,-40,-44,45,8046
102,Ponyta (Galarian Ponyta),-36,-17,-30,-40,-44,45,8046
103,Rapidash,-21,-2,-15,-25,-29,60,5736
104,Rapidash (Galarian Rapidash),-21,-2,-15,-25,-29,60,5736
105,Slowpoke,4,-37,-20,-65,-69,-30,11671
106,Slowpoke (Galarian Slowpoke),4,-37,-20,-65,-69,-30,11671
107,Slowbro,9,-27,25,-5,-29,-15,2526
108,Slowbro (Mega Slowbro),9,-27,95,25,-29,-15,11526
109,Slowbro (Galarian Slowbro),9,-2,10,-5,-39,-15,1956
110,Magnemite,-61,-67,-15,-10,-54,0,11451
111,Magneton,-36,-42,10,15,-39,25,5531
112,Farfetch'd,-34,-12,-30,-47,-47,15,6843
113,Farfetch'd (Galarian Farfetch'd),-34,-7,-30,-47,-47,10,6623
114,Doduo,-51,-17,-40,-70,-74,30,15766
115,Dodrio,-26,8,-15,-45,-49,65,9616
116,Seel,-21,-57,-30,-60,-39,0,9711
117,Dewgong,4,-32,-5,-35,-14,25,3111
118,Grimer,-6,-22,-35,-65,-59,-20,9851
119,Grimer (Alolan Grimer),-6,-22,-35,-65,-59,-20,9851
120,Muk,19,3,-10,-40,-9,5,2176
121,Muk (Alolan Muk),19,3,-10,-40,-9,5,2176
122,Shellder,-56,-37,15,-60,-84,-5,15411
123,Cloyster,-36,-7,95,-20,-64,25,15491
124,Gastly,-56,-67,-55,-5,-74,35,17376
125,Haunter,-41,-52,-40,10,-54,50,11501
126,Gengar,-26,-37,-25,25,-34,65,8676
127,Gengar (Mega Gengar),-26,-37,-5,65,-14,85,13716
128,Onix,-51,-57,75,-75,-64,25,21821
129,Drowzee,-26,-54,-40,-62,-19,-3,9406
130,Hypno,-1,-29,-15,-32,6,22,2611
131,Krabby,-56,3,5,-80,-84,5,16651
132,Kingler,-31,28,30,-55,-59,30,10051
133,Voltorb,-46,-72,-35,-50,-54,55,16966
134,Voltorb (Hisuian Voltorb),-46,-72,-35,-50,-54,55,16966
135,Electrode,-26,-52,-15,-25,-29,105,16096
136,Electrode (Hisuian Electrode),-26,-52,-15,-25,-29,105,16096
137,Exeggcute,-26,-62,-5,-45,-64,-5,10691
138,Exeggutor,9,-7,0,20,-34,10,1786
139,Exeggutor (Alolan Exeggutor),9,3,0,20,-34,0,1646
140,Cubone,-36,-52,10,-65,-59,-10,11906
141,Marowak,-26,-22,25,-55,-29,0,5651
142,Marowak (Alolan Marowak),-26,-22,25,-55,-29,0,5651
143,Hitmonlee,-36,18,-32,-70,1,42,9309
144,Hitmonchan,-36,3,-6,-70,1,31,7203
145,Lickitung,4,-47,-10,-45,-34,-15,5731
146,Koffing,-46,-37,10,-45,-64,-10,9806
147,Weezing,-21,-12,35,-20,-39,15,3956
148,Weezing (Galarian Weezing),-21,-12,35,-20,-39,15,3956
149,Rhyhorn,-6,-17,10,-75,-79,-20,12691
150,Rhydon,19,28,35,-60,-64,-5,10091
151,Chansey,164,-97,-80,-70,-4,5,47646
152,Tangela,-21,-47,30,-5,-69,15,8561
153,Kangaskhan,19,-7,-5,-65,-29,45,7526
154,Kangaskhan (Mega Kangaskhan),19,23,15,-45,-9,55,6246
155,Horsea,-56,-62,-15,-35,-84,15,15711
156,Seadra,-31,-37,10,-10,-64,40,8226
157,Goldeen,-41,-35,-25,-70,-59,18,12236
158,Seaking,-6,-10,-20,-40,-29,23,3506
159,Staryu,-56,-57,-30,-35,-54,40,13026
160,Starmie,-26,-27,0,-5,-24,70,6906
161,Mr. Mime,-46,-57,-20,-5,11,45,7936
162,Mr. Mime (Galarian Mr. Mime),-36,-37,-20,-15,-19,55,6676
163,Scyther,-16,8,-5,-50,-29,60,7286
164,Jynx,-21,-52,-50,10,-14,50,8441
165,Electabuzz,-21,-19,-28,-10,-24,60,5862
166,Magmar,-21,-7,-28,-5,-24,48,4179
167,Pinsir,-21,23,15,-50,-39,40,6816
168,Pinsir (Mega Pinsir),-21,53,35,-40,-19,60,10036
169,Tauros,-11,-2,10,-65,-39,65,10196
170,Tauros (Paldean Tauros (Combat Breed)),-11,8,20,-75,-39,55,10756
171,Tauros (Paldean Tauros (Blaze Breed)),-11,8,20,-75,-39,55,10756
172,Tauros (Paldean Tauros (Aqua Breed)),-11,8,20,-75,-39,55,10756
173,Magikarp,-66,-92,-30,-90,-89,35,30966
174,Gyarados,9,23,-6,-45,-9,36,4048
175,Gyarados (Mega Gyarados),9,53,24,-35,21,36,6428
176,Lapras,44,-17,-5,-20,-14,15,3071
177,Ditto,-38,-54,-37,-57,-61,3,12708
178,Eevee,-31,-47,-35,-60,-44,10,10031
179,Eevee (Partner Eevee),-21,-27,-15,-40,-24,30,4471
180,Vaporeon,44,-37,-25,5,-14,20,4551
181,Jolteon,-21,-37,-25,5,-14,85,9881
182,Flareon,-21,28,-25,-10,1,20,2351
183,Porygon,-21,-42,-15,-20,-34,-5,4011
184,Omanyte,-51,-62,15,-15,-54,-10,9911
185,Omastar,-16,-42,40,10,-39,10,5341
186,Kabuto,-56,-22,5,-50,-64,10,10341
187,Kabutops,-26,13,20,-40,-39,35,5591
188,Aerodactyl,-6,3,-20,-45,-34,85,10851
189,Aerodactyl (Mega Aerodactyl),-6,33,0,-35,-14,105,13571
190,Snorlax,74,8,-20,-40,1,-15,7766
191,Articuno,4,-17,15,-10,16,40,2486
192,Articuno (Galarian Articuno),4,-17,0,20,-9,50,3286
193,Zapdos,4,-12,0,20,-19,55,3946
194,Zapdos (Galarian Zapdos),4,23,5,-20,-19,55,4356
195,Moltres,4,-2,5,20,-24,45,3046
196,Moltres (Galarian Moltres),4,-17,5,-5,16,45,2636
197,Dratini,-45,-38,-40,-55,-59,5,11600
198,Dragonair,-25,-18,-20,-35,-39,25,4720
199,Dragonite,5,32,10,-5,-9,35,2480
200,Mewtwo,20,8,5,49,-19,85,10476
201,Mewtwo (Mega Mewtwo X),20,88,15,49,-9,85,18076
202,Mewtwo (Mega Mewtwo Y),20,48,-15,89,11,95,19996
203,Mew,14,-2,15,-5,-9,55,3556
204,Chikorita,-41,-53,-20,-56,-44,0,9962
205,Bayleef,-26,-40,-5,-42,-29,15,5131
206,Meganium,-6,-20,15,-22,-9,35,2451
207,Cyndaquil,-47,-50,-42,-45,-59,20,12379
208,Quilava,-28,-38,-27,-25,-44,35,6743
209,Typhlosion,-8,-18,-7,4,-24,55,4054
210,Typhlosion (Hisuian Typhlosion),-13,-18,-7,14,-24,50,3814
211,Totodile,-36,-37,-21,-61,-61,-2,10552
212,Croconaw,-21,-22,-5,-46,-46,13,5351
213,Feraligatr,-1,3,15,-26,-26,33,2676
214,Sentret,-51,-56,-51,-70,-64,-25,17959
215,Furret,-1,-26,-21,-60,-54,45,9659
216,Hoothoot,-26,-72,-55,-69,-53,5,16480
217,Noctowl,14,-52,-35,-19,-13,25,5280
218,Ledyba,-46,-82,-55,-65,-29,10,17031
219,Ledian,-31,-67,-35,-50,1,40,10776
220,Spinarak,-46,-42,-45,-65,-69,-15,15116
221,Ariados,-16,-12,-15,-45,-39,-5,4196
222,Crobat,-1,-12,-5,-35,-29,85,9461
223,Chinchou,-11,-64,-47,-49,-53,22,12120
224,Lanturn,39,-44,-27,-29,-33,22,6600
225,Pichu,-66,-62,-70,-70,-74,15,23701
226,Cleffa,-36,-77,-57,-60,-54,-30,17890
227,Igglybuff,4,-72,-70,-65,-89,-30,23146
228,Togepi,-51,-82,-20,-65,-44,-25,16511
229,Togetic,-31,-62,0,-25,-4,-5,5471
230,Natu,-46,-52,-40,-35,-64,25,12366
231,Xatu,-21,-27,-15,-10,-39,50,5516
232,Mareep,-31,-62,-45,-40,-64,-10,12626
233,Flaaffy,-16,-47,-30,-25,-49,0,6391
234,Ampharos,4,-27,0,10,-19,10,1306
235,Ampharos (Mega Ampharos),4,-7,20,60,1,0,4066
236,Bellossom,-11,-22,10,-15,-9,5,1036
237,Marill,-16,-82,-35,-85,-59,-5,18936
238,Azumarill,14,-52,-5,-45,-29,5,5816
239,Sudowoodo,-16,-2,30,-75,-44,-15,8946
240,Politoed,4,-27,-10,-15,-9,25,1776
241,Hoppip,-51,-67,-45,-70,-54,5,16956
242,Skiploom,-31,-57,-35,-60,-44,35,12196
243,Jumpluff,-11,-47,-15,-50,-14,65,9476
244,Aipom,-31,-32,-30,-65,-54,40,11626
245,Sunkern,-56,-72,-55,-75,-79,-15,23436
246,Sunflora,-11,-27,-30,0,-24,-15,2551
247,Yanma,-21,-37,-40,-30,-64,50,10906
248,Wooper,-31,-57,-40,-80,-84,-30,20166
249,Wooper (Paldean Wooper),-31,-57,-40,-80,-84,-30,20166
250,Quagsire,9,-17,0,-40,-44,-10,4006
251,Espeon,-21,-37,-25,25,-14,65,7481
252,Umbreon,9,-37,25,-45,21,20,4941
253,Murkrow,-26,-17,-43,-20,-67,46,9819
254,Slowking,9,-27,-5,-5,1,-15,1086
255,Slowking (Galarian Slowking),9,-37,-5,5,1,-15,1726
256,Misdreavus,-26,-42,-25,-20,-24,40,5641
257,Unown,-38,-30,-37,-33,-61,3,8532
258,Wobbuffet,104,-69,-27,-72,-51,-12,24235
259,Girafarig,-16,-22,-20,-15,-44,40,4901
260,Pineco,-36,-37,5,-70,-74,-30,13966
261,Forretress,-11,-12,55,-45,-49,-5,7741
262,Dunsparce,14,-32,-15,-40,-44,0,4981
263,Gligar,-21,-27,20,-70,-44,40,10006
264,Steelix,-11,-17,115,-50,-44,-15,18296
265,Steelix (Mega Steelix),-11,23,145,-50,-14,-15,24596
266,Snubbull,-26,-22,-35,-65,-69,-15,11596
267,Granbull,4,18,-10,-45,-49,0,4866
268,Qwilfish,-21,-7,0,-50,-54,40,7506
269,Qwilfish (Hisuian Qwilfish),-21,-7,0,-50,-54,40,7506
270,Scizor,-16,28,15,-50,-29,20,5006
271,Scizor (Mega Scizor),-16,48,55,-40,-9,30,8166
272,Shuckle,-66,-92,145,-95,121,-40,59111
273,Heracross,-6,23,-10,-65,-14,40,6686
274,Heracross (Mega Heracross),-6,83,30,-65,-4,30,12966
275,Sneasel,-31,-7,-30,-70,-34,70,12866
276,Sneasel (Hisuian Sneasel),-31,-7,-30,-70,-34,70,12866
277,Teddiursa,-26,-22,-35,-55,-59,-5,8916
278,Ursaring,4,28,-10,-30,-34,10,3056
279,Slugma,-46,-62,-45,-35,-69,-25,14596
280,Magcargo,-26,-52,35,-15,-29,-15,5896
281,Swinub,-36,-52,-45,-75,-79,5,17916
282,Piloswine,14,-2,-5,-45,-49,5,4676
283,Corsola,-21,-47,10,-40,-14,-10,4646
284,Corsola (Galarian Corsola),-26,-47,15,-40,-9,-15,5016
285,Remoraid,-51,-37,-50,-40,-74,20,13946
286,Octillery,-11,3,-10,0,-34,0,1386
287,Delibird,-41,-47,-40,-40,-64,30,12086
288,Mantine,-1,-62,-15,-25,31,25,6281
289,Skarmory,-21,-22,55,-65,-39,25,10321
290,Houndour,-41,-42,-55,-25,-59,20,10976
291,Houndoom,-11,-12,-35,5,-29,50,4856
292,Houndoom (Mega Houndoom),-11,-12,5,35,-19,70,6776
293,Kingdra,-11,-7,10,-10,-14,40,2166
294,Phanpy,4,-42,-25,-65,-69,-5,11416
295,Donphan,4,18,35,-45,-49,5,6016
296,Porygon2,-1,-22,5,0,-14,15,931
297,Stantler,-13,-7,-23,-20,-44,40,4683
298,Smeargle,-31,-82,-50,-85,-64,30,22406
299,Tyrogue,-51,-67,-50,-70,-74,-10,20066
300,Hitmontop,-36,-7,10,-70,1,25,6971
301,Smoochum,-41,-72,-70,-20,-44,20,14501
302,Elekid,-41,-39,-48,-40,-54,50,12522
303,Magby,-41,-27,-48,-35,-54,38,10299
304,Miltank,9,-22,20,-65,-39,55,9736
305,Blissey,169,-92,-75,-30,26,10,44326
306,Raikou,4,-17,-10,10,-9,70,5486
307,Entei,29,13,0,-15,-34,55,5416
308,Suicune,14,-27,30,-15,6,40,3686
309,Larvitar,-36,-38,-35,-60,-59,-4,11062
310,Pupitar,-16,-18,-15,-40,-39,6,3962
311,Tyranitar,14,32,25,-10,-9,16,2282
312,Tyranitar (Mega Tyranitar),14,62,65,-10,11,26,9162
313,Lugia,20,-12,45,-15,45,65,9044
314,Ho-Oh,20,28,5,5,45,45,5284
315,Celebi,14,-2,15,-5,-9,55,3556
316,Treecko,-46,-57,-50,-40,-54,25,13006
317,Grovyle,-36,-37,-40,-20,-44,50,9101
318,Sceptile,-16,-17,-20,0,-24,75,7146
319,Sceptile (Mega Sceptile),-16,8,-10,40,-24,100,12596
320,Torchic,-41,-42,-45,-35,-59,0,10176
321,Combusken,-26,-17,-25,-20,-49,10,4491
322,Blaziken,-6,18,-15,5,-39,35,3356
323,Blaziken (Mega Blaziken),-6,58,-5,25,-29,55,7916
324,Mudkip,-36,-32,-35,-55,-59,-5,10076
325,Marshtomp,-16,-17,-15,-45,-39,5,4341
326,Swampert,14,8,5,-20,-19,15,1271
327,Swampert (Mega Swampert),14,48,25,-10,1,25,3851
328,Poochyena,-51,-47,-50,-75,-79,-10,19276
329,Mightyena,-16,-12,-15,-45,-49,25,5676
330,Zigzagoon,-48,-72,-44,-75,-68,15,19898
331,Zigzagoon (Galarian Zigzagoon),-48,-72,-44,-75,-68,15,19898
332,Linoone,-8,-32,-24,-55,-48,55,10018
333,Linoone (Galarian Linoone),-8,-32,-24,-55,-48,55,10018
334,Wurmple,-41,-57,-50,-85,-79,-25,21521
335,Silcoon,-36,-67,-30,-80,-84,-30,21041
336,Beautifly,-26,-32,-35,-5,-59,20,6831
337,Cascoon,-36,-67,-30,-80,-84,-30,21041
338,Dustox,-26,-52,-15,-55,-19,20,7391
339,Lotad,-46,-72,-55,-65,-59,-15,18256
340,Lombre,-26,-52,-35,-45,-39,5,8176
341,Ludicolo,-6,-32,-15,-15,-9,25,2216
342,Seedot,-46,-62,-35,-75,-79,-15,19276
343,Nuzleaf,-16,-32,-45,-45,-69,15,10316
344,Shiftry,4,-2,-25,-15,-49,35,4496
345,Taillow,-46,-47,-55,-75,-79,40,20816
346,Swellow,-26,-17,-25,-30,-59,80,12371
347,Wingull,-46,-72,-55,-50,-79,40,20666
348,Pelipper,-26,-52,15,-10,-39,20,5626
349,Ralts,-58,-77,-60,-60,-74,-5,21994
350,Kirlia,-48,-67,-50,-40,-54,5,13834
351,Gardevoir,-18,-37,-20,20,6,35,3754
352,Gardevoir (Mega Gardevoir),-18,-17,-20,60,26,55,8314
353,Surskit,-46,-72,-53,-55,-57,20,16783
354,Masquerain,-16,-42,-23,-5,-27,35,4528
355,Shroomish,-26,-62,-25,-65,-49,-10,11871
356,Breloom,-26,28,-5,-45,-49,25,6536
357,Slakoth,-26,-42,-25,-70,-74,-15,13666
358,Vigoroth,-6,-22,-5,-50,-54,45,7986
359,Slaking,64,58,15,-10,-44,55,12746
360,Nincada,-55,-57,5,-75,-79,-5,18190
361,Ninjask,-25,-12,-40,-55,-59,115,22100
362,Shedinja,-85,-12,-40,-75,-79,-5,20860
363,Whismur,-22,-51,-62,-54,-86,-17,17530
364,Loudred,-2,-31,-42,-34,-66,3,8250
365,Exploud,18,-11,-22,-14,-36,23,2950
366,Makuhita,-14,-42,-55,-85,-79,-20,18851
367,Hariyama,58,18,-25,-65,-49,5,10964
368,Azurill,-36,-82,-45,-85,-69,-25,22656
369,Nosepass,-56,-57,50,-60,-19,-15,13071
370,Skitty,-36,-57,-40,-70,-74,5,16546
371,Delcatty,-16,-37,-20,-50,-54,45,9466
372,Sableye,-36,-27,-10,-40,-44,5,5686
373,Sableye (Mega Sableye),-36,-17,40,-20,6,-25,4246
374,Mawile,-36,-17,0,-50,-54,5,7026
375,Mawile (Mega Mawile),-36,3,40,-50,-14,5,5626
376,Aron,-36,-32,15,-65,-69,-15,11756
377,Lairon,-26,-12,55,-55,-59,-5,10376
378,Aggron,-16,8,95,-45,-49,5,13796
379,Aggron (Mega Aggron),-16,38,145,-45,-29,5,25616
380,Meditite,-56,-62,-30,-65,-54,15,15246
381,Medicham,-26,-42,-10,-45,-34,35,6946
382,Medicham (Mega Medicham),-26,-2,0,-25,-24,55,4906
383,Electrike,-46,-57,-45,-40,-69,20,14151
384,Manectric,-16,-27,-25,0,-49,60,7611
385,Manectric (Mega Manectric),-16,-27,-5,30,-29,90,10851
386,Plusle,-26,-52,-45,-20,-34,50,9461
387,Minun,-26,-62,-35,-30,-24,50,9721
388,Volbeat,-21,-29,-10,-58,-24,40,6922
389,Illumise,-21,-55,-10,-32,-24,40,6766
390,Roselia,-36,-42,-40,-5,-29,20,5926
391,Gulpin,-16,-59,-32,-62,-56,-5,11766
392,Swalot,14,-29,-2,-32,-26,10,2841
393,Carvanha,-41,-12,-65,-40,-89,20,15971
394,Sharpedo,-16,18,-45,-10,-69,50,9966
395,Sharpedo (Mega Sharpedo),-16,38,-15,5,-44,60,7486
396,Wailmer,44,-32,-50,-35,-74,15,12386
397,Wailord,84,-12,-40,-15,-64,15,13346
398,Numel,-26,-42,-45,-40,-64,-10,10261
399,Camerupt,-16,-2,-15,0,-34,-5,1666
400,Camerupt (Mega Camerupt),-16,18,15,40,-4,-25,3046
401,Torkoal,-16,-17,55,-20,-39,-25,6116
402,Spoink,-26,-77,-50,-35,-29,15,11396
403,Grumpig,-6,-57,-20,-15,1,35,5136
404,Spinda,-26,-42,-25,-45,-49,15,7716
405,Trapinch,-41,-2,-40,-60,-64,-35,12206
406,Vibrava,-36,-32,-35,-55,-59,25,10676
407,Flygon,-6,-2,-5,-25,-29,55,4556
408,Cacnea,-36,-17,-45,-20,-69,-10,8871
409,Cacturne,-16,13,-25,10,-49,10,3651
410,Swablu,-41,-62,-25,-65,-34,5,11556
411,Altaria,-11,-32,5,-35,-4,35,3636
412,Altaria (Mega Altaria),-11,8,25,5,-4,35,2076
413,Zangoose,-13,13,-25,-45,-49,45,7414
414,Seviper,-13,-2,-25,-5,-49,20,3624
415,Lunatone,4,-47,-20,-10,-24,25,3926
416,Solrock,4,-7,0,-50,-44,25,5126
417,Barboach,-36,-54,-42,-59,-68,15,14306
418,Whiscash,24,-24,-12,-29,-38,15,3806
419,Corphish,-43,-22,-20,-55,-74,-10,11334
420,Crawdaunt,-23,18,0,-15,-54,10,4094
421,Baltoy,-46,-62,-30,-65,-39,10,12706
422,Claydol,-26,-32,20,-35,11,30,4346
423,Lileep,-20,-61,-8,-44,-22,-22,7089
424,Cradily,0,-21,12,-24,-2,-2,1169
425,Anorith,-41,-7,-35,-65,-59,30,11561
426,Armaldo,-11,23,15,-35,-29,0,2941
427,Feebas,-66,-87,-65,-95,-54,35,29316
428,Milotic,9,-42,-6,-5,16,36,3458
429,Castform,-16,-32,-15,-35,-39,25,4876
430,Kecleon,-26,-12,-15,-45,11,-5,3216
431,Shuppet,-42,-27,-50,-42,-76,0,12533
432,Banette,-22,13,-20,-22,-46,20,4053
433,Banette (Mega Banette),-22,63,-10,-12,-26,30,6273
434,Duskull,-66,-62,5,-75,-19,-20,14611
435,Dusclops,-46,-32,45,-45,21,-20,8031
436,Tropius,13,-34,-2,-33,-22,6,2938
437,Chimecho,-11,-52,-5,-10,-19,20,3711
438,Absol,-21,28,-25,-30,-49,30,6051
439,Absol (Mega Absol),-21,48,-25,10,-49,70,10771
440,Wynaut,9,-79,-37,-82,-61,-22,18620
441,Snorunt,-36,-52,-35,-55,-59,5,11756
442,Glalie,-6,-22,-5,-25,-29,35,3236
443,Glalie (Mega Glalie),-6,18,-5,15,-29,55,4476
444,Spheal,-16,-62,-35,-50,-59,-20,11706
445,Sealeo,4,-42,-15,-30,-39,0,4426
446,Walrein,24,-22,5,-10,-19,20,1946
447,Clamperl,-51,-38,0,-31,-54,-13,8091
448,Huntail,-31,2,20,-11,-34,7,2691
449,Gorebyss,-31,-18,20,9,-34,7,2971
450,Relicanth,14,-12,45,-60,-44,10,8001
451,Luvdisc,-43,-72,-30,-65,-44,52,16798
452,Bagon,-41,-27,-25,-65,-79,5,13526
453,Shelgon,-21,-7,15,-45,-59,5,6246
454,Salamence,9,33,-5,5,-29,55,5086
455,Salamence (Mega Salamence),9,43,45,15,-19,75,10166
456,Beldum,-46,-47,-5,-70,-49,-15,11876
457,Metang,-26,-27,15,-50,-29,5,4996
458,Metagross,-6,33,45,-10,-19,25,4236
459,Metagross (Mega Metagross),-6,43,65,0,1,65,10336
460,Regirock,-6,-2,115,-55,-9,5,16396
461,Regice,-6,-52,15,-5,91,5,11296
462,Registeel,-6,-27,65,-30,41,5,7596
463,Latias,-6,-22,5,5,21,65,5236
464,Latias (Mega Latias),-6,-2,35,35,41,65,8396
465,Latios,-6,-12,-5,25,1,65,5056
466,Latios (Mega Latios),-6,28,15,55,11,65,8416
467,Kyogre,14,-2,5,45,31,45,5236
468,Kyogre (Primal Kyogre),14,48,5,75,51,45,12776
469,Groudon,14,48,55,-5,-19,45,7936
470,Groudon (Primal Groudon),14,78,75,45,-19,45,16316
471,Rayquaza,19,48,5,45,-19,50,7576
472,Rayquaza (Mega Rayquaza),19,78,15,75,-9,70,17276
473,Jirachi,14,-2,15,-5,-9,55,3556
474,Deoxys (Normal Forme),-36,48,-35,45,-59,105,21356
475,Deoxys (Attack Forme),-36,78,-65,75,-89,105,36176
476,Deoxys (Defense Forme),-36,-32,75,-35,51,45,13796
477,Deoxys (Speed Forme),-36,-7,5,-10,-19,135,20056
478,Turtwig,-31,-34,-21,-60,-54,-14,9270
479,Grotle,-11,-13,0,-50,-44,-9,4807
480,Torterra,9,7,20,-30,-24,11,2127
481,Chimchar,-42,-44,-41,-47,-65,16,12071
482,Monferno,-22,-24,-33,-27,-57,36,7423
483,Infernape,-10,2,-14,-1,-38,63,5714
484,Piplup,-33,-51,-32,-44,-53,-5,9484
485,Prinplup,-22,-36,-17,-24,-33,5,3759
486,Empoleon,-2,-16,3,6,-8,15,594
487,Starly,-46,-47,-55,-75,-79,15,19441
488,Staravia,-31,-27,-35,-65,-69,35,13126
489,Staraptor,-1,18,-15,-55,-49,55,9001
490,Bidoof,-27,-57,-45,-70,-69,-14,15860
491,Bibarel,-7,-17,-25,-50,-49,26,6540
492,Kricketot,-49,-77,-44,-80,-68,-20,21690
493,Kricketune,-9,-17,-34,-50,-58,20,7790
494,Shinx,-41,-37,-51,-65,-75,0,15501
495,Luxio,-26,-17,-36,-45,-60,15,8111
496,Luxray,-6,18,-6,-10,-30,25,2021
497,Budew,-46,-72,-50,-55,-39,10,14446
498,Roserade,-26,-32,-20,20,-4,45,4541
499,Cranidos,-19,23,-45,-75,-79,13,14950
500,Rampardos,11,63,-25,-40,-59,13,9965
501,Shieldon,-56,-60,33,-63,-21,-15,12460
502,Bastiodon,-26,-50,83,-58,29,-15,14495
503,Burmy,-46,-73,-40,-76,-64,-9,18998
504,Wormadam (Plant Cloak),-26,-43,0,-26,-4,-9,3298
505,Wormadam (Sandy Cloak),-26,-23,20,-46,-24,-9,4378
506,Wormadam (Trash Cloak),-26,-33,10,-36,-14,-9,3438
507,Mothim,-16,-8,-35,-11,-59,21,5588
508,Combee,-56,-72,-43,-75,-67,25,20908
509,Vespiquen,-16,-22,17,-25,-7,-5,1728
510,Pachirisu,-26,-57,-15,-60,-19,50,10611
511,Buizel,-31,-37,-50,-45,-79,40,14696
512,Floatzel,-1,3,-30,-20,-59,70,9691
513,Cherubi,-41,-67,-40,-43,-56,-10,12855
514,Cherrim,-16,-42,-15,-18,-31,40,5130
515,Shellos,-10,-54,-37,-48,-47,-11,9019
516,Gastrodon,25,-19,-17,-13,-27,-6,2209
517,Ambipom,-11,-2,-19,-45,-43,70,9260
518,Drifloon,4,-52,-51,-45,-65,25,12196
519,Drifblim,64,-22,-41,-15,-55,35,10736
520,Buneary,-31,-36,-41,-61,-53,40,12068
521,Lopunny,-21,-26,-1,-51,-13,60,7488
522,Lopunny (Mega Lopunny),-21,34,9,-51,-13,90,12548
523,Mismagius,-26,-42,-25,0,-4,60,6681
524,Honchkrow,14,23,-33,0,-57,26,5739
525,Glameow,-37,-47,-43,-63,-72,40,16180
526,Purugly,-15,-20,-21,-41,-50,67,9736
527,Chingling,-41,-72,-35,-40,-59,0,13171
528,Stunky,-23,-39,-38,-64,-68,29,13055
529,Skuntank,17,-9,-18,-34,-48,39,5675
530,Bronzor,-29,-78,1,-81,-23,-22,14500
531,Bronzong,-19,-13,31,-26,7,-12,2360
532,Bonsly,-36,-22,10,-95,-64,-35,16226
533,Mime Jr.,-66,-77,-40,-35,-19,15,13696
534,Happiny,14,-97,-80,-90,-44,-15,26266
535,Chatot,-10,-37,-40,-13,-67,46,9843
536,Spiritomb,-36,-10,23,-13,-1,-10,2195
537,Gible,-28,-32,-40,-65,-64,-3,11738
538,Gabite,-18,-12,-20,-55,-54,37,8178
539,Garchomp,22,28,10,-25,-24,57,5818
540,Garchomp (Mega Garchomp),22,68,30,15,-14,47,8638
541,Munchlax,49,-17,-45,-65,-24,-40,11116
542,Riolu,-46,-32,-45,-70,-69,15,15051
543,Lucario,-16,8,-15,10,-39,45,4191
544,Lucario (Mega Lucario),-16,43,3,35,-39,67,9349
545,Hippopotas,-18,-30,-7,-67,-67,-13,10420
546,Hippowdon,22,10,33,-37,-37,2,4415
547,Skorupi,-46,-52,5,-75,-54,20,13786
548,Drapion,-16,-12,25,-45,-34,50,6706
549,Croagunk,-38,-41,-45,-44,-69,5,11872
550,Toxicroak,-3,4,-20,-19,-44,40,4322
551,Carnivine,-12,-2,-13,-15,-37,1,1912
552,Finneon,-37,-53,-29,-56,-48,21,10900
553,Lumineon,-17,-33,-9,-36,-23,46,5400
554,Mantyke,-41,-82,-35,-45,11,5,11801
555,Snover,-26,-40,-35,-43,-49,-5,7776
556,Abomasnow,4,-10,-10,-13,-24,15,1186
557,Abomasnow (Mega Abomasnow),4,30,20,27,-4,-15,2286
558,Weavile,-16,18,-20,-60,-24,80,11556
559,Magnezone,-16,-32,30,25,-19,15,3391
560,Lickilicky,24,-17,10,-25,-14,5,1811
561,Rhyperior,29,38,45,-50,-54,-5,9751
562,Tangrowth,14,-2,40,5,-59,5,5331
563,Electivire,-11,21,-18,-10,-24,50,4062
564,Magmortar,-11,-7,-18,20,-14,38,2534
565,Togekiss,-1,-52,10,15,6,35,4291
566,Yanmega,0,-26,1,11,-53,50,6107
567,Leafeon,-21,8,45,-45,-44,50,8991
568,Glaceon,-21,-42,25,25,-14,20,4051
569,Gliscor,-11,-7,40,-60,-34,50,9026
570,Mamoswine,24,28,-5,-35,-49,35,6236
571,Porygon-Z,-1,-22,-15,30,-34,45,4791
572,Gallade,-18,23,-20,-40,6,35,4114
573,Gallade (Mega Gallade),-18,63,10,-40,6,65,10254
574,Probopass,-26,-47,60,-30,41,-5,9091
575,Dusknoir,-41,-2,50,-40,26,0,6461
576,Froslass,-16,-22,-15,-25,-39,65,7336
577,Rotom,-36,-52,-8,-10,-32,46,7304
578,Rotom (Heat Rotom),-36,-37,22,0,-2,41,4834
579,Rotom (Wash Rotom),-36,-37,22,0,-2,41,4834
580,Rotom (Frost Rotom),-36,-37,22,0,-2,41,4834
581,Rotom (Fan Rotom),-36,-37,22,0,-2,41,4834
582,Rotom (Mow Rotom),-36,-37,22,0,-2,41,4834
583,Uxie,-11,-27,45,-30,21,50,6716
584,Mesprit,-6,3,20,0,-4,35,1686
585,Azelf,-11,23,-15,20,-39,70,7696
586,Dialga,14,18,35,45,-9,45,5876
587,Dialga (Origin Forme),14,-2,35,45,11,45,5596
588,Palkia,4,18,15,45,11,55,5736
589,Palkia (Origin Forme),4,-2,15,45,11,75,8016
590,Heatran,5,-12,21,25,-3,32,2268
591,Regigigas,24,58,25,-25,1,55,8216
592,Giratina (Altered Forme),64,-2,35,-5,11,45,7496
593,Giratina (Origin Forme),64,18,15,15,-9,45,6976
594,Cresselia,34,-32,35,-30,21,40,6346
595,Phione,-6,-22,-5,-25,-29,35,3236
596,Manaphy,14,-2,15,-5,-9,55,3556
597,Darkrai,-16,-12,5,30,-19,80,8086
598,Shaymin (Land Forme),14,-2,15,-5,-9,55,3556
599,Shaymin (Sky Forme),14,1,-10,15,-34,82,8402
600,Arceus,34,18,35,15,11,75,8676
601,Victini,14,-2,15,-5,-9,55,3556
602,Snivy,-41,-57,-30,-60,-54,18,12670
603,Servine,-26,-42,-10,-45,-34,38,7165
604,Serperior,-11,-27,10,-30,-14,68,6670
605,Tepig,-21,-39,-40,-60,-64,0,11258
606,Pignite,4,-9,-30,-35,-54,10,5238
607,Emboar,24,21,-20,-5,-44,20,3778
608,Oshawott,-31,-47,-40,-42,-64,0,10630
609,Dewott,-11,-27,-25,-22,-49,15,4585
610,Samurott,9,-2,0,3,-39,25,2240
611,Samurott (Hisuian Samurott),4,6,-5,-5,-44,40,3638
612,Patrat,-41,-47,-46,-70,-70,-3,15815
613,Watchog,-26,-17,-16,-45,-40,32,5870
614,Lillipup,-41,-42,-40,-80,-64,10,15641
615,Herdier,-21,-22,-20,-70,-44,15,8386
616,Stoutland,-1,8,5,-60,-19,35,5276
617,Purrloin,-45,-52,-48,-55,-72,21,15683
618,Liepard,-22,-14,-35,-17,-59,61,9396
619,Pansage,-36,-49,-37,-52,-61,19,11852
620,Simisage,-11,-4,-22,-7,-46,56,5922
621,Pansear,-36,-49,-37,-52,-61,19,11852
622,Simisear,-11,-4,-22,-7,-46,56,5922
623,Panpour,-36,-49,-37,-52,-61,19,11852
624,Simipour,-11,-4,-22,-7,-46,56,5922
625,Munna,-10,-77,-40,-38,-54,-21,12430
626,Musharna,30,-47,0,2,-14,-16,3565
627,Pidove,-36,-47,-35,-69,-79,-2,15736
628,Tranquill,-24,-25,-23,-55,-67,20,9644
629,Unfezant,-6,13,-5,-40,-54,48,7050
630,Blitzle,-41,-42,-53,-55,-77,31,16169
631,Zebstrika,-11,-2,-22,-25,-46,71,8391
632,Roggenrola,-31,-27,0,-80,-84,-30,16046
633,Boldore,-16,3,20,-55,-69,-25,9076
634,Gigalith,-1,33,45,-45,-29,-20,6381
635,Woobat,-21,-57,-42,-50,-66,27,13039
636,Swoobat,-19,-45,-30,-28,-54,69,11747
637,Drilbur,-26,-17,-45,-75,-64,23,13240
638,Excadrill,24,33,-25,-55,-44,43,9100
639,Audino,17,-42,1,-45,-23,5,4633
640,Audino (Mega Audino),17,-42,41,-25,17,5,4673
641,Timburr,-11,-22,-30,-80,-74,-10,13481
642,Gurdurr,-1,3,0,-65,-59,-5,7741
643,Conkeldurr,19,38,10,-50,-44,0,6341
644,Tympole,-36,-52,-45,-55,-69,19,14172
645,Palpitoad,-11,-37,-30,-40,-54,24,7482
646,Seismitoad,19,-7,-10,-20,-34,29,2907
647,Throh,34,-2,0,-75,-24,0,7361
648,Sawk,-11,23,-10,-75,-34,40,9131
649,Sewaddle,-41,-49,-15,-65,-49,-3,10942
650,Swadloon,-31,-39,5,-55,-29,-3,6382
651,Leavanny,-11,1,-5,-35,-29,47,4422
652,Venipede,-56,-57,-26,-75,-70,12,17730
653,Whirlipede,-46,-47,14,-65,-30,2,9650
654,Scolipede,-26,-2,4,-50,-40,67,9285
655,Cottonee,-46,-75,-25,-68,-59,21,16912
656,Whimsicott,-26,-35,0,-28,-34,71,8882
657,Petilil,-41,-67,-35,-35,-59,-15,12326
658,Lilligant,-16,-42,-10,5,-34,45,5326
659,Lilligant (Hisuian Lilligant),-16,3,-10,-55,-34,60,8146
660,Basculin,-16,-10,-20,-25,-54,53,7106
661,Sandile,-36,-30,-50,-70,-74,20,15472
662,Krokorok,-26,-20,-40,-60,-64,29,11213
663,Krookodile,9,15,-5,-40,-39,47,5661
664,Darumaka,-16,-12,-40,-90,-64,5,14221
665,Darumaka (Galarian Darumaka),-16,-12,-40,-90,-64,5,14221
666,Darmanitan (Standard Mode),19,38,-30,-75,-54,50,13746
667,Darmanitan (Zen Mode),19,-72,20,35,-4,10,7286
668,Darmanitan (Galarian Standard Mode),19,38,-30,-75,-54,50,13746
669,Darmanitan (Galarian Zen Mode),19,58,-30,-75,-54,90,21266
670,Maractus,-11,-16,-18,1,-42,15,2691
671,Dwebble,-36,-37,0,-70,-74,10,13141
672,Crustle,-16,3,40,-40,-34,0,4621
673,Scraggy,-36,-27,-15,-70,-39,3,8680
674,Scrafty,-21,-12,30,-60,6,13,5290
675,Sigilyph,-14,-44,-5,-2,-29,52,5706
676,Yamask,-48,-72,0,-50,-44,-15,12149
677,Yamask (Galarian Yamask),-48,-47,0,-75,-44,-15,12299
678,Cofagrigus,-28,-52,60,-10,-4,-15,7429
679,Tirtouga,-32,-24,18,-52,-64,-23,9253
680,Carracosta,-12,6,48,-22,-44,-13,5073
681,Archen,-31,10,-40,-31,-64,25,8343
682,Archeops,-11,38,-20,7,-44,65,8175
683,Trubbish,-36,-52,-23,-65,-47,20,11363
684,Garbodor,-6,-7,-3,-45,-27,30,3748
685,Zorua,-46,-37,-45,-25,-69,20,11296
686,Zorua (Hisuian Zorua),-51,-42,-45,-20,-69,25,12176
687,Zoroark,-26,3,-25,15,-49,60,7536
688,Zoroark (Hisuian Zoroark),-31,-2,-25,20,-49,65,8616
689,Minccino,-31,-52,-45,-65,-69,30,15576
690,Cinccino,-11,-7,-25,-40,-49,70,9696
691,Gothita,-41,-72,-35,-50,-44,0,12526
692,Gothorita,-26,-57,-15,-30,-24,10,5726
693,Gothitelle,-16,-47,10,-10,1,20,3066
694,Solosis,-41,-72,-45,0,-59,-25,12996
695,Duosion,-21,-62,-35,20,-49,-15,8536
696,Reuniclus,24,-37,-10,20,-24,-15,3246
697,Ducklett,-24,-58,-35,-61,-59,10,12467
698,Swanna,-11,-15,-22,-18,-46,53,6079
699,Vanillite,-50,-52,-35,-40,-49,-1,10431
700,Vanillish,-35,-37,-20,-25,-34,14,4971
701,Vanilluxe,-15,-7,0,5,-14,34,1651
702,Deerling,-26,-42,-35,-65,-59,30,12271
703,Sawsbuck,-6,-2,-15,-45,-39,50,6311
704,Emolga,-31,-27,-25,-30,-49,58,8980
705,Karrablast,-36,-27,-40,-65,-64,15,12171
706,Escavalier,-16,33,20,-45,-4,-25,4411
707,Foongus,-17,-47,-40,-50,-54,-30,10414
708,Amoonguss,28,-17,-15,-20,-29,-15,2764
709,Frillish,-31,-62,-35,-40,-24,-5,8231
710,Jellicent,14,-42,-15,-20,-4,15,2826
711,Alomomola,79,-27,-5,-65,-64,20,15716
712,Joltik,-36,-55,-35,-48,-59,20,11731
713,Galvantula,-16,-25,-25,-8,-49,63,7940
714,Ferroseed,-42,-52,6,-81,-23,-35,12819
715,Ferrothorn,-12,-8,46,-51,7,-25,5599
716,Klink,-46,-47,-15,-60,-49,-15,10776
717,Klang,-26,-22,10,-35,-24,5,3086
718,Klinklang,-26,-2,30,-35,-24,45,5406
719,Tynamo,-51,-47,-45,-60,-69,15,15421
720,Eelektrik,-21,-17,-15,-30,-39,-5,3401
721,Eelektross,-1,13,-5,0,-29,5,1061
722,Elgyem,-31,-47,-30,-20,-54,-15,7611
723,Beheeyem,-11,-27,-10,20,-14,-5,1571
724,Litwick,-36,-72,-30,-40,-54,-25,12521
725,Lampent,-26,-62,-25,-10,-49,10,7746
726,Chandelure,-26,-47,5,40,-19,35,6096
727,Axew,-40,-15,-25,-75,-69,12,12980
728,Fraxure,-20,15,-15,-65,-59,22,9040
729,Haxorus,-10,45,5,-45,-39,52,8400
730,Cubchoo,-31,-32,-45,-45,-69,-5,10821
731,Beartic,9,28,-5,-35,-29,5,2981
732,Cryogonal,-6,-52,-35,-10,26,60,8341
733,Shelmet,-36,-62,0,-65,-44,-20,11701
734,Accelgor,-6,-32,-45,-5,-49,100,15511
735,Stunfisk,23,-36,-1,-24,-10,-13,2671
736,Stunfisk (Galarian Stunfisk),23,-21,14,-39,-25,-13,3481
737,Mienfoo,-41,-17,-35,-50,-59,20,9576
738,Mienshao,-21,23,-25,-10,-49,60,7696
739,Druddigon,-9,18,5,-45,-19,3,2825
740,Golett,-27,-28,-35,-70,-59,-10,11219
741,Golurk,3,22,-5,-50,-29,10,3959
742,Pawniard,-41,-17,-15,-65,-69,15,11406
743,Bisharp,-21,23,15,-45,-39,25,5366
744,Bouffalant,9,8,10,-65,-14,10,4766
745,Rufflet,-16,-19,-35,-68,-59,15,10172
746,Braviary,14,21,-10,-48,-34,35,5422
747,Braviary (Hisuian Braviary),24,-19,-15,7,-39,20,3132
748,Vullaby,-16,-47,-10,-60,-44,15,8326
749,Mandibuzz,24,-37,20,-50,-14,35,6266
750,Heatmor,-1,-5,-19,0,-43,20,2636
751,Durant,-28,7,27,-57,-61,64,12628
752,Deino,-34,-37,-35,-60,-59,-7,10880
753,Zweilous,-14,-17,-15,-40,-39,13,4000
754,Hydreigon,6,3,5,20,-19,53,3640
755,Larvesta,-31,-17,-30,-55,-54,15,8316
756,Volcarona,-1,-42,-20,30,-4,55,6106
757,Cobalion,5,-12,44,-15,-37,63,7668
758,Terrakion,5,27,5,-33,-19,63,6198
759,Virizion,5,-12,-13,-15,20,63,4932
760,Tornadus (Incarnate Forme),-7,13,-15,20,-29,66,6040
761,Tornadus (Therian Forme),-7,-2,-5,5,-19,76,6240
762,Thundurus (Incarnate Forme),-7,13,-15,20,-29,66,6040
763,Thundurus (Therian Forme),-7,3,-15,40,-29,56,5860
764,Reshiram,14,18,15,45,11,45,4916
765,Zekrom,14,48,35,15,-9,45,6056
766,Landorus (Incarnate Forme),3,23,5,10,-29,56,4640
767,Landorus (Therian Forme),3,43,5,0,-29,46,4840
768,Kyurem,39,28,5,25,-19,50,5816
769,Kyurem (Black Kyurem),39,68,15,15,-19,50,9456
770,Kyurem (White Kyurem),39,18,5,65,-9,50,8676
771,Keldeo,5,-30,5,24,-19,63,5856
772,Meloetta (Aria Forme),14,-25,-8,23,19,45,3800
773,Meloetta (Pirouette Forme),14,26,5,-28,-32,83,9594
774,Genesect,-15,18,10,15,-14,54,3986
775,Chespin,-30,-41,-20,-57,-64,-7,10375
776,Quilladin,-25,-24,10,-49,-51,12,6447
777,Chesnaught,2,5,37,-31,-34,19,3876
778,Fennekin,-46,-57,-45,-43,-49,15,11865
779,Braixen,-27,-43,-27,-15,-39,28,5837
780,Delphox,-11,-33,-13,9,-9,59,5022
781,Froakie,-45,-46,-45,-43,-65,26,12916
782,Frogadier,-32,-39,-33,-22,-53,52,9631
783,Greninja,-14,-7,-18,-2,-38,77,7946
784,Greninja (Ash-Greninja),-14,43,-18,48,-38,87,13686
785,Bunnelby,-48,-66,-47,-73,-73,12,19671
786,Diggersby,-1,-46,-8,-55,-32,33,7319
787,Fletchling,-41,-52,-42,-65,-71,17,15704
788,Fletchinder,-24,-29,-30,-49,-57,39,9488
789,Talonflame,-8,-21,-14,-31,-40,81,9823
790,Scatterbug,-48,-67,-45,-78,-84,-10,22058
791,Spewpa,-41,-80,-25,-78,-79,-16,21287
792,Vivillon,-6,-50,-35,-15,-59,44,9403
793,Litleo,-24,-52,-27,-32,-55,27,8787
794,Pyroar,0,-34,-13,4,-43,61,6911
795,Flabébé,-42,-64,-46,-44,-30,-3,10821
796,Floette,-32,-57,-38,-30,-11,7,6787
797,Florges,-8,-37,-17,7,45,30,4696
798,Skiddo,-20,-37,-37,-43,-52,7,7740
799,Gogoat,37,-2,-23,-8,-28,23,3279
800,Pancham,-19,-20,-23,-59,-61,-2,8496
801,Pangoro,9,22,-7,-36,-38,13,3523
802,Furfrou,-11,-22,-25,-40,-19,57,6440
803,Espurr,-24,-54,-31,-42,-49,23,9147
804,Meowstic,-12,-54,-9,-22,-28,59,7890
805,Honedge,-41,-22,15,-70,-72,-17,12763
806,Doublade,-27,8,65,-60,-60,-10,12318
807,Aegislash (Shield Forme),-26,-52,55,-55,31,15,10616
808,Aegislash (Blade Forme),-26,38,-35,35,-59,15,8276
809,Spritzee,-8,-50,-25,-42,-44,-22,7373
810,Aromatisse,15,-30,-13,-6,-20,-16,1986
811,Swirlix,-24,-54,-19,-46,-52,4,8689
812,Slurpuff,-4,-22,1,-20,-34,27,2786
813,Inkay,-33,-48,-32,-68,-63,0,13010
814,Malamar,0,-10,3,-37,-34,28,3418
815,Binacle,-44,-50,-18,-66,-53,5,11950
816,Barbaracle,-14,3,30,-51,-23,23,4764
817,Skrelp,-36,-42,-25,-45,-49,-15,8336
818,Dragalge,-21,-27,5,-8,14,-1,1456
819,Clauncher,-36,-49,-23,-47,-46,-1,8552
820,Clawitzer,-15,-29,3,15,-20,14,1896
821,Helioptile,-42,-64,-52,-44,-66,25,15481
822,Heliolisk,-24,-47,-33,4,-15,64,8211
823,Tyrunt,-28,-13,-8,-60,-64,3,8722
824,Tyrantrum,-4,19,34,-36,-50,26,6005
825,Amaura,-9,-43,-35,-38,-46,1,6716
826,Aurorus,37,-25,-13,-6,-17,13,2657
827,Sylveon,9,-37,-20,5,21,15,2541
828,Hawlucha,-8,-10,-10,-31,-46,73,8670
829,Dedenne,-19,-44,-28,-24,-42,56,8557
830,Carbink,-36,-52,65,-55,41,5,12956
831,Goomy,-41,-52,-50,-50,-34,-5,10566
832,Sliggoo,-18,-27,-32,-22,4,15,2802
833,Sliggoo (Hisuian Sliggoo),-28,-27,-2,-22,4,-5,2042
834,Goodra,4,-2,-15,5,41,35,3176
835,Goodra (Hisuian Goodra),-6,-2,15,5,41,15,2196
836,Klefki,-29,-22,6,-25,-22,30,3370
837,Phantump,-43,-32,-37,-55,-49,-7,9717
838,Trevenant,-1,8,-9,-40,-27,11,2596
839,Pumpkaboo (Small Size),-42,-36,-15,-61,-54,11,10043
840,Pumpkaboo (Average Size),-37,-36,-15,-61,-54,6,9563
841,Pumpkaboo (Large Size),-32,-36,-15,-61,-54,1,9183
842,Pumpkaboo (Super Size),-27,-36,-15,-61,-54,-4,8903
843,Gourgeist (Small Size),-31,-17,37,-47,-34,54,8900
844,Gourgeist (Average Size),-21,-12,37,-47,-34,39,6840
845,Gourgeist (Large Size),-11,-7,37,-47,-34,24,5480
846,Gourgeist (Super Size),-1,-2,37,-47,-34,9,4820
847,Bergmite,-31,-33,0,-73,-74,-17,13144
848,Avalugg,9,15,99,-61,-63,-17,18086
849,Avalugg (Hisuian Avalugg),9,25,99,-71,-73,-7,20926
850,Noibat,-46,-72,-50,-60,-69,10,18261
851,Noivern,-1,-32,-5,-8,-29,78,8039
852,Xerneas,40,29,10,26,-11,54,6254
853,Yveltal,40,29,10,26,-11,54,6254
854,Zygarde (50% Forme),22,-2,36,-24,-14,50,5056
855,Zygarde (10% Forme),-32,-2,-14,-44,-24,70,8636
856,Zygarde (Complete Forme),130,-2,36,-14,-14,40,20192
857,Diancie,-36,-2,65,-5,41,5,7256
858,Diancie (Mega Diancie),-36,58,25,55,1,65,12536
859,Hoopa (Hoopa Confined),-6,8,-25,45,21,25,3816
860,Hoopa (Hoopa Unbound),-6,58,-25,65,21,35,9916
861,Volcanion,-6,8,35,25,-19,25,2936
862,Rowlet,-18,-47,-30,-55,-59,-3,9948
863,Dartrix,-8,-27,-10,-35,-39,7,3688
864,Decidueye,-8,5,-10,-5,-9,25,920
865,Decidueye (Hisuian Decidueye),2,10,-5,-10,-14,15,650
866,Litten,-41,-37,-45,-45,-69,25,12486
867,Torracat,-21,-17,-35,-25,-59,45,8086
868,Incineroar,9,13,5,-25,-19,15,1486
869,Popplio,-36,-48,-31,-39,-53,-5,8916
870,Brionne,-26,-33,-16,-14,-28,5,3026
871,Primarina,-6,-28,-11,21,7,15,1656
872,Pikipek,-51,-27,-55,-75,-79,20,18621
873,Trumbeak,-31,-17,-35,-65,-59,30,11081
874,Toucannon,-6,18,-10,-30,-34,15,2741
875,Yungoos,-38,-32,-55,-75,-79,0,17359
876,Gumshoos,2,8,-25,-50,-49,0,5594
877,Grubbin,-39,-40,-40,-50,-64,1,11318
878,Charjabug,-29,-20,10,-50,-34,-9,5078
879,Vikavolt,-9,-32,5,40,-34,-2,3890
880,Crabrawler,-39,-20,-28,-63,-62,18,10842
881,Crabominable,11,30,-8,-43,-42,-2,4702
882,Oricorio,-11,-32,-15,-7,-39,48,5244
883,Cutiefly,-46,-57,-45,-50,-69,39,16172
884,Ribombee,-26,-47,-25,-10,-39,79,11372
885,Rockruff,-41,-37,-45,-75,-69,15,15686
886,Lycanroc (Midday Form),-11,13,-20,-50,-44,67,9615
887,Lycanroc (Midnight Form),-1,13,-10,-50,-34,37,5295
888,Lycanroc (Dusk Form),-11,15,-20,-50,-44,65,9407
889,Wishiwashi (Solo Form),-41,-82,-65,-80,-84,-5,26111
890,Wishiwashi (School Form),-41,38,45,35,26,-15,7276
891,Mareanie,-36,-49,-23,-62,-57,0,11319
892,Toxapex,-36,-39,67,-52,33,-10,11199
893,Mudbray,-16,-2,-15,-60,-54,0,7001
894,Mudsdale,14,23,15,-50,-24,-10,4126
895,Dewpider,-48,-62,-33,-65,-37,-18,13155
896,Araquanid,-18,-32,7,-55,23,-3,4960
897,Fomantis,-46,-47,-50,-55,-74,-10,15426
898,Lurantis,-16,3,5,-25,-19,0,1276
899,Morelull,-46,-67,-30,-40,-34,-30,11161
900,Shiinotic,-26,-57,-5,-15,-9,-15,4481
901,Salandit,-38,-58,-45,-34,-69,32,13774
902,Salazzle,-18,-38,-25,6,-49,72,10014
903,Stufful,-16,-27,-35,-60,-59,5,9316
904,Bewear,34,23,-5,-50,-49,15,6836
905,Bounsweet,-44,-72,-47,-75,-71,-13,20164
906,Steenee,-34,-62,-37,-65,-61,17,14604
907,Tsareena,-14,18,13,-55,-11,27,4564
908,Comfey,-35,-50,5,-23,1,55,7305
909,Oranguru,4,-42,-5,-15,1,15,2256
910,Passimian,14,18,5,-65,-49,35,8396
911,Wimpod,-61,-67,-45,-85,-79,35,24926
912,Golisopod,-11,23,55,-45,-19,-5,6086
913,Sandygast,-31,-47,-5,-35,-64,-30,9416
914,Palossand,-1,-27,25,-5,-34,-10,2636
915,Pyukumuku,-31,-42,45,-75,21,-40,12416
916,Type: Null,9,-7,10,-10,-14,14,722
917,Silvally,9,-7,10,-10,-14,50,3026
918,Minior (Meteor Form),-26,-42,15,-45,-9,15,4996
919,Minior (Core),-26,-2,-25,-5,-49,75,9356
920,Komala,-21,13,-20,-30,-14,20,2506
921,Turtonator,-26,-24,50,-14,-24,-9,4605
922,Togedemaru,-21,-4,-22,-65,-36,51,9063
923,Mimikyu,-31,-12,-5,-55,-4,51,6772
924,Bruxish,-18,3,-15,-35,-39,47,5513
925,Drampa,-8,-42,0,30,-18,-9,3133
926,Dhelmise,-16,29,15,-19,-19,-5,2069
927,Jangmo-o,-41,-47,-20,-60,-64,0,11986
928,Hakamo-o,-31,-27,5,-40,-39,20,5236
929,Kommo-o,-11,8,40,-5,-4,40,3426
930,Tapu Koko,-16,13,0,-10,-34,85,8906
931,Tapu Lele,-16,-17,-10,25,6,50,3806
932,Tapu Bulu,-16,28,30,-20,-14,30,3436
933,Tapu Fini,-16,-27,30,-10,21,40,4026
934,Cosmog,-43,-73,-54,-76,-78,-8,22018
935,Cosmoem,-43,-73,46,-76,22,-8,15618
936,Solgaleo,51,35,22,8,-20,52,7478
937,Lunala,51,11,4,32,-2,52,6470
938,Nihilego,23,-49,-38,22,22,58,8706
939,Buzzwole,21,37,54,-52,-56,34,11722
940,Pheromosa,-15,35,-48,32,-72,106,21198
941,Xurkitree,-3,-13,-14,68,-38,38,7886
942,Celesteela,11,-1,18,2,-8,16,770
943,Kartana,-27,79,46,-46,-78,64,21382
944,Guzzlord,137,-1,-32,-8,-56,-2,22998
945,Necrozma,11,5,16,22,-20,34,2442
946,Necrozma (Dusk Mane Necrozma),11,55,42,8,0,32,5998
947,Necrozma (Dawn Wings Necrozma),11,11,24,52,18,32,4870
948,Necrozma (Ultra Necrozma),11,65,12,62,-12,84,15534
949,Magearna,-6,-7,30,25,6,20,2046
950,Marshadow,4,23,-5,-15,-19,80,7556
951,Poipole,-19,-29,-18,-32,-42,28,5098
952,Naganadel,-13,-29,-12,22,-36,76,8710
953,Stakataka,-25,29,126,-52,-8,-32,21134
954,Blacephalon,-33,25,-32,46,-30,62,9598
955,Zeraora,2,10,-10,-3,-29,98,10658
956,Meltan,-40,-37,-20,-50,-74,-11,11466
957,Melmetal,49,41,58,-25,-44,-11,10128
958,Grookey,-36,-37,-35,-65,-69,20,13276
959,Thwackey,-16,-17,-15,-50,-49,35,6896
960,Rillaboom,14,23,5,-45,-39,40,5896
961,Scorbunny,-36,-31,-45,-65,-69,24,13844
962,Raboot,-21,-16,-25,-50,-49,49,8624
963,Cinderace,-6,14,-10,-40,-34,74,8564
964,Sobble,-36,-62,-45,-35,-69,25,13776
965,Drizzile,-21,-42,-30,-10,-54,45,8146
966,Inteleon,-16,-17,-20,20,-44,75,8906
967,Skwovet,-16,-47,-30,-70,-74,-20,14141
968,Greedent,34,-7,10,-50,-34,-25,5586
969,Rookidee,-48,-55,-50,-72,-74,12,18633
970,Corvisquire,-18,-35,-30,-62,-54,32,10233
971,Corviknight,12,-15,20,-52,-24,22,4533
972,Blipbug,-61,-82,-65,-80,-64,0,25166
973,Dottler,-36,-67,-5,-55,-19,-15,9421
974,Orbeetle,-26,-57,25,-25,11,45,7321
975,Nickit,-46,-74,-57,-58,-57,5,17479
976,Thievul,-16,-44,-27,-18,-17,45,5559
977,Gossifleur,-46,-62,-25,-65,-49,-35,14436
978,Eldegoss,-26,-52,5,-25,11,15,4376
979,Wooloo,-44,-62,-30,-65,-64,3,15010
980,Dubwool,-14,-22,15,-45,-19,43,5140
981,Chewtle,-36,-38,-35,-67,-71,-1,13496
982,Drednaw,4,13,5,-57,-41,29,5981
983,Yamper,-27,-57,-35,-65,-59,-19,13270
984,Boltund,-17,-12,-25,-15,-49,76,9460
985,Rolycoly,-56,-62,-35,-65,-59,-15,16136
986,Carkol,-6,-42,5,-45,-39,5,5396
987,Coalossal,24,-22,35,-25,-19,-15,3496
988,Applin,-46,-62,-5,-65,-69,-25,15596
989,Flapple,-16,8,-5,-10,-49,25,3471
990,Appletun,24,-17,-5,-5,-29,-15,1981
991,Silicobra,-34,-45,-10,-70,-59,1,11663
992,Sandaconda,-14,5,40,-40,-39,26,5618
993,Cramorant,-16,-17,-30,-20,-14,40,3641
994,Arrokuda,-45,-39,-45,-65,-79,21,16478
995,Barraskewda,-25,21,-25,-45,-59,91,15478
996,Toxel,-46,-64,-50,-51,-74,-5,16814
997,Toxtricity,-11,-4,-15,9,-39,30,2864
998,Sizzlipede,-36,-37,-40,-55,-59,0,10771
999,Centiskorch,14,13,-20,-15,-19,20,1751
1000,Clobbopus,-36,-34,-25,-55,-59,-13,9752
1001,Grapploct,-6,16,5,-35,-29,-3,2392
1002,Sinistea,-46,-57,-40,-31,-55,5,10976
1003,Polteageist,-26,-37,-20,29,5,25,3936
1004,Hatenna,-44,-72,-40,-49,-56,-6,14293
1005,Hattrem,-29,-62,-20,-19,-36,4,6758
1006,Hatterene,-29,-12,10,31,-6,-16,2338
1007,Impidimp,-41,-57,-55,-50,-69,5,15241
1008,Morgrem,-21,-42,-40,-30,-54,25,8246
1009,Grimmsnarl,9,18,-20,-10,-34,15,2286
1010,Obstagoon,7,-12,16,-45,-28,50,5758
1011,Perrserker,-16,8,15,-55,-49,5,5996
1012,Cursola,-26,-7,-35,40,21,-15,4216
1013,Sirfetch'd,-24,33,10,-37,-27,20,4263
1014,Mr. Rime,-6,-17,-10,5,-9,25,1156
1015,Runerigus,-28,-7,60,-55,-4,-15,7699
1016,Milcery,-41,-62,-45,-55,-48,-11,13000
1017,Alcremie,-21,-42,-10,5,12,19,2835
1018,Falinks,-21,-2,15,-35,-49,30,5196
1019,Pincurchin,-38,-1,10,-14,-24,-30,3217
1020,Snom,-56,-77,-50,-60,-79,-25,22031
1021,Frosmoth,-16,-37,-25,20,-19,20,3411
1022,Stonjourner,14,23,50,-85,-89,25,18996
1023,Eiscue (Ice Face),-11,-22,25,-40,-19,5,3216
1024,Eiscue (Noice Face),-11,-22,-15,-40,-59,85,13136
1025,Indeedee (Male),-26,-37,-30,0,-14,50,5641
1026,Indeedee (Female),-16,-47,-20,-10,-4,40,4581
1027,Morpeko,-28,-7,-27,-35,-51,52,8092
1028,Cufant,-14,-22,-36,-65,-60,-5,9826
1029,Copperajah,36,28,-16,-25,-40,-15,4786
1030,Dracozolt,4,-2,5,-25,-39,30,3091
1031,Arctozolt,4,-2,5,-15,-29,10,1211
1032,Dracovish,4,-12,15,-35,-29,30,3351
1033,Arctovish,4,-12,15,-25,-19,10,1471
1034,Duraludon,-16,-7,30,15,-59,40,6511
1035,Dreepy,-58,-42,-55,-65,-79,37,19988
1036,Drakloak,-18,-22,-35,-45,-59,57,10788
1037,Dragapult,2,18,-10,-5,-34,97,11018
1038,Zacian (Hero of Many Battles),6,18,30,-25,6,93,10570
1039,Zacian (Crowned Sword),6,48,30,-25,6,103,14510
1040,Zamazenta (Hero of Many Battles),6,18,30,-25,6,93,10570
1041,Zamazenta (Crowned Shield),6,18,55,-25,31,83,11860
1042,Eternatus,54,-17,10,40,-14,85,12326
1043,Eternatus (Eternamax Eternatus),169,13,165,20,141,85,83461
1044,Kubfu,-26,-12,-25,-52,-59,27,8359
1045,Urshifu,14,28,15,-42,-49,52,8074
1046,Zarude,19,18,20,-35,-14,60,6106
1047,Regieleki,-6,-2,-35,-5,-59,155,28796
1048,Regidrago,114,-2,-35,-5,-59,35,18956
1049,Glastrier,14,43,45,-40,1,-15,5896
1050,Spectrier,14,-37,-25,40,-29,85,11856
1051,Calyrex,14,-22,-5,-25,-29,35,3396
1052,Calyrex (Ice Rider Calyrex),14,63,65,-20,21,5,9256
1053,Calyrex (Shadow Rider Calyrex),14,-17,-5,60,-9,105,15216
1054,Wyrdeer,17,3,-13,0,-34,20,2023
1055,Kleavor,-16,33,10,-60,-39,40,8166
1056,Ursaluna,44,38,20,-60,-29,5,8246
1057,Basculegion (Male),34,10,-20,-25,-34,33,4526
1058,Basculegion (Female),34,-10,-20,-5,-34,33,3926
1059,Sneasler,-6,28,-25,-65,-29,75,12136
1060,Overqwil,-1,13,10,-40,-44,40,5406
1061,Enamorus (Incarnate Forme),-12,13,-15,30,-29,61,6000
1062,Enamorus (Therian Forme),-12,13,25,30,-9,1,1920
1063,Sprigatito,-46,-41,-31,-60,-64,20,12854
1064,Floragato,-25,-22,-22,-45,-46,38,7178
1065,Meowscarada,-10,8,-15,-24,-39,78,8570
1066,Fuecoco,-19,-57,-26,-42,-69,-9,10892
1067,Crocalor,-5,-47,-7,-15,-51,4,5125
1068,Skeledirge,18,-27,15,5,-34,21,2900
1069,Quaxly,-31,-37,-40,-55,-64,5,11076
1070,Quaxwell,-16,-17,-20,-40,-49,20,5346
1071,Quaquaval,-1,18,-5,-20,-34,40,3506
1072,Lechonk,-32,-57,-45,-70,-64,-10,15394
1073,Oinkologne (Male),24,-2,-10,-46,-29,20,4037
1074,Oinkologne (Female),29,-12,-15,-46,-19,20,4087
1075,Tarountula,-51,-61,-40,-76,-69,-25,19084
1076,Spidops,-26,-23,7,-53,-23,-10,4692
1077,Nymble,-53,-56,-45,-84,-84,0,22082
1078,Lokix,-15,0,-7,-53,-54,47,8208
1079,Pawmi,-41,-52,-65,-65,-84,15,20116
1080,Pawmo,-26,-27,-45,-55,-69,40,12816
1081,Pawmot,-16,13,-15,-35,-49,60,7876
1082,Tandemaus,-36,-52,-40,-65,-64,30,14821
1083,Maushold,-12,-27,-15,-40,-34,66,8210
1084,Fidough,-49,-47,-15,-75,-54,20,13776
1085,Dachsbun,-29,-22,30,-55,-29,50,8591
1086,Smoliv,-45,-67,-40,-47,-58,-15,13912
1087,Dolliv,-34,-49,-25,-27,-31,-12,6016
1088,Arboliva,-8,-33,5,20,0,-6,1614
1089,Squawkabilly,-4,-6,-34,-60,-58,47,10381
1090,Nacli,-31,-47,-10,-70,-74,-20,14046
1091,Naclstack,-26,-42,15,-70,-44,-10,9601
1092,Garganacl,14,-2,45,-60,-19,-10,6286
1093,Charcadet,-46,-52,-45,-55,-69,-10,14731
1094,Armarouge,-1,-42,15,20,-29,30,4131
1095,Ceruledge,-11,23,-5,-45,-9,40,4381
1096,Tadbulb,-25,-71,-44,-46,-74,0,15194
1097,Bellibolt,23,-38,6,-2,-26,0,2689
1098,Wattrel,-46,-62,-50,-50,-69,25,16346
1099,Kilowattrel,-16,-32,-25,0,-49,80,10706
1100,Maschiff,-26,-24,-25,-65,-58,6,9502
1101,Mabosstiff,-6,18,5,-45,-39,40,5531
1102,Shroodle,-46,-37,-50,-65,-74,30,16586
1103,Grafaiai,-23,-7,-20,-25,-37,65,7197
1104,Bramblin,-46,-37,-55,-60,-74,15,15811
1105,Brambleghast,-31,13,-15,-25,-39,45,5526
1106,Toedscool,-46,-62,-50,-55,-9,25,12191
1107,Toedscruel,-6,-32,-20,-25,11,55,5231
1108,Klawf,-16,-2,30,-70,-54,30,9876
1109,Capsakid,-36,-40,-45,-43,-69,5,11556
1110,Scovillain,-21,6,-20,3,-44,30,3722
1111,Rellor,-45,-52,-25,-74,-51,-15,13656
1112,Rabsca,-11,-52,0,10,-9,0,3006
1113,Flittle,-56,-67,-55,-50,-79,30,20291
1114,Espathra,9,-42,-25,-4,-49,60,8487
1115,Tinkatink,-36,-57,-40,-70,-45,13,13239
1116,Tinkatuff,-21,-47,-30,-60,-27,33,8968
1117,Tinkaton,-1,-27,-8,-35,-4,49,4436
1118,Wiglett,-76,-47,-60,-70,-84,50,26041
1119,Wugtrio,-51,-2,-35,-55,-39,75,14001
1120,Bombirdier,-16,1,0,-45,-24,37,4227
1121,Finizen,-16,-57,-45,-60,-69,30,14791
1122,Palafin,14,-32,-13,-52,-47,55,9327
1123,Palafin,14,58,12,1,-22,55,7214
1124,Varoom,-41,-32,-22,-75,-64,2,12914
1125,Revavroom,-6,17,5,-51,-42,45,6740
1126,Cyclizar,-16,-7,-20,-20,-44,76,8817
1127,Orthworm,-16,-17,60,-45,-54,20,9486
1128,Glimmet,-38,-67,-43,0,-49,15,10408
1129,Glimmora,-3,-47,5,25,-28,41,5333
1130,Greavard,-36,-41,-25,-75,-54,-11,12264
1131,Houndstone,-14,-1,15,-55,-12,23,4120
1132,Flamigo,-4,13,-11,-30,-45,45,5256
1133,Cetoddle,22,-34,-40,-75,-69,-2,13630
1134,Cetitan,84,11,-20,-60,-54,28,14877
1135,Veluza,4,0,-12,-27,-44,25,3450
1136,Dondozo,64,-2,30,-40,-44,-10,8636
1137,Tatsugiri,-18,-52,-25,15,-14,37,5443
1138,Annihilape,24,13,-5,-55,-19,45,6181
1139,Clodsire,44,-27,-25,-60,-9,-25,7596
1140,Farigiraf,34,-12,-15,5,-39,15,3296
1141,Dudunsparce,39,-2,-5,-20,-34,10,3206
1142,Kingambit,14,33,35,-45,-24,5,5136
1143,Great Tusk,29,29,46,-52,-56,42,11402
1144,Scream Tail,29,-37,14,-40,6,66,8398
1145,Brute Bonnet,25,25,14,-26,-10,10,2322
1146,Flutter Mane,-31,-47,-30,30,26,90,13746
1147,Slither Wing,-1,33,-6,-20,-4,36,2838
1148,Sandy Shocks,-1,-21,12,16,-24,56,4554
1149,Iron Treads,4,10,35,-33,-39,61,7672
1150,Iron Bundle,-30,-22,29,19,-49,91,13268
1151,Iron Hands,68,38,23,-55,-41,5,11328
1152,Iron Jugulis,8,-22,1,17,-29,63,5648
1153,Iron Moth,-6,-32,-25,35,1,65,7136
1154,Iron Thorns,14,32,25,-35,-25,27,4424
1155,Frigibax,-21,-27,-40,-70,-64,10,11866
1156,Arctibax,4,-7,-19,-60,-44,17,6251
1157,Baxcalibur,29,43,7,-30,-23,42,5932
1158,Gimmighoul (Chest Form),-41,-72,-15,-30,-39,-35,10736
1159,Gimmighoul (Roaming Form),-41,-72,-60,-30,-64,35,16686
1160,Gholdengo,1,-42,10,28,-18,39,4494
1161,Wo-Chien,-1,-17,15,-10,26,25,1916
1162,Chien-Pao,-6,18,-5,-15,-44,90,10646
1163,Ting-Lu,69,8,40,-50,-29,0,9766
1164,Chi-Yu,-31,-22,-5,30,11,55,5516
1165,Roaring Moon,19,37,-14,-50,-8,74,9966
1166,Iron Valiant,-12,28,5,15,-49,71,8620
1167,Koraidon,14,33,30,-20,-9,90,10766
1168,Miraidon,14,-17,15,30,6,90,9746
