Reagan Fryatt vs. Pokemon SSE,pokemon,D_HP,D_ATK,D_DEF,D_SPA,D_SPD,D_SPE,SSE
0,Bulbasaur,-40,-43,-56,-24,-33,2,8254
1,Ivysaur,-25,-30,-42,-9,-18,17,3983
2,Venusaur,-5,-10,-22,11,2,37,2103
3,Venusaur (Mega Venusaur),-5,8,18,33,22,37,3355
4,Charmander,-46,-40,-62,-29,-48,22,11189
5,Charmeleon,-27,-28,-47,-9,-33,37,6261
6,Charizard,-7,-8,-27,20,-13,57,4660
7,Charizard (Mega Charizard X),-7,38,6,41,-13,57,6628
8,Charizard (Mega Charizard Y),-7,12,-27,70,17,57,9360
9,Squirtle,-41,-44,-40,-39,-34,0,7894
10,Wartortle,-26,-29,-25,-24,-18,15,3267
11,Blastoise,-6,-9,-5,-4,7,35,1432
12,Blastoise (Mega Blastoise),-6,11,15,46,17,35,4012
13,Caterpie,-40,-62,-70,-69,-78,2,21193
14,Metapod,-35,-72,-50,-64,-73,-13,18503
15,Butterfree,-25,-47,-55,1,-18,27,6913
16,Weedle,-45,-57,-75,-69,-78,7,21793
17,Kakuna,-40,-67,-55,-64,-73,-8,18603
18,Beedrill,-20,-2,-65,-44,-18,32,7913
19,Beedrill (Mega Beedrill),-20,58,-65,-74,-18,102,24193
20,Pidgey,-45,-47,-65,-54,-63,13,15513
21,Pidgeotto,-22,-32,-50,-39,-48,28,8617
22,Pidgeot,-2,-12,-30,-19,-28,58,5557
23,Pidgeot (Mega Pidgeot),-2,-12,-25,46,-18,78,9297
24,Rattata,-55,-36,-70,-64,-63,29,18127
25,Rattata (Alolan Rattata),-55,-36,-70,-64,-63,29,18127
26,Raticate,-30,-11,-45,-39,-28,54,8267
27,Raticate (Alolan Raticate),-10,-21,-35,-49,-18,34,5647
28,Spearow,-45,-32,-75,-58,-67,27,17256
29,Fearow,-20,-2,-40,-28,-37,57,7406
30,Ekans,-50,-32,-61,-49,-44,12,11726
31,Arbok,-25,3,-36,-24,-19,37,4236
32,Pikachu,-50,-37,-65,-39,-48,47,14128
33,Pikachu (Partner Pikachu),-40,-12,-55,-14,-38,77,12338
34,Raichu,-25,-2,-50,1,-18,67,7943
35,Raichu (Alolan Raichu),-25,-7,-55,6,-13,67,8393
36,Sandshrew,-35,-17,-20,-69,-68,-3,11308
37,Sandshrew (Alolan Sandshrew),-35,-17,-15,-79,-63,-3,11958
38,Sandslash,-10,8,5,-44,-43,22,4458
39,Sandslash (Alolan Sandslash),-10,8,15,-64,-33,22,6058
40,Nidoran♀,-30,-45,-53,-49,-58,-2,11503
41,Nidorina,-15,-30,-38,-34,-43,13,5743
42,Nidoqueen,5,0,-18,-14,-13,33,1803
43,Nidoran♂,-39,-35,-65,-49,-58,7,12785
44,Nidorino,-24,-20,-48,-34,-43,22,6769
45,Nidoking,-4,10,-28,-4,-23,42,3209
46,Clefairy,-15,-47,-57,-29,-33,-8,7677
47,Clefable,10,-22,-32,6,-8,17,1997
48,Vulpix,-47,-51,-65,-39,-33,22,12129
49,Vulpix (Alolan Vulpix),-47,-51,-65,-39,-33,22,12129
50,Ninetales,-12,-16,-30,-8,2,57,4617
51,Ninetales (Alolan Ninetales),-12,-25,-30,-8,2,66,6093
52,Jigglypuff,30,-47,-85,-44,-73,-23,18128
53,Wigglytuff,55,-22,-60,-4,-48,2,9433
54,Zubat,-45,-47,-70,-59,-58,12,16123
55,Golbat,-10,-12,-35,-24,-23,47,4783
56,Oddish,-40,-42,-50,-14,-33,-13,7318
57,Gloom,-25,-27,-35,-4,-23,-3,3133
58,Vileplume,-10,-12,-20,21,-8,7,1198
59,Paras,-50,-22,-50,-44,-43,-18,9593
60,Parasect,-25,3,-25,-29,-18,-13,2593
61,Venonat,-25,-37,-55,-49,-43,2,9273
62,Venomoth,-15,-27,-45,1,-23,47,5718
63,Diglett,-75,-37,-80,-54,-53,52,21823
64,Diglett (Alolan Diglett),-75,-37,-75,-54,-53,47,20553
65,Dugtrio,-50,8,-55,-39,-28,77,13823
66,Dugtrio (Alolan Dugtrio),-50,8,-45,-39,-28,67,11383
67,Meowth,-45,-47,-70,-49,-58,47,17108
68,Meowth (Alolan Meowth),-45,-57,-70,-39,-58,47,17268
69,Meowth (Galarian Meowth),-35,-27,-50,-49,-58,-3,10228
70,Persian,-20,-22,-45,-24,-33,72,9758
71,Persian (Alolan Persian),-20,-32,-45,-14,-33,72,9918
72,Psyduck,-35,-40,-57,-24,-48,12,9098
73,Golduck,-5,-10,-27,6,-18,42,2978
74,Mankey,-45,-12,-70,-54,-53,27,13523
75,Primeape,-20,13,-45,-29,-28,52,6923
76,Growlithe,-30,-22,-60,-19,-48,17,7938
77,Growlithe (Hisuian Growlithe),-25,-17,-60,-24,-48,12,7538
78,Arcanine,5,18,-25,11,-18,52,4123
79,Arcanine (Hisuian Arcanine),10,23,-25,6,-18,47,3823
80,Poliwag,-45,-42,-65,-49,-58,47,15988
81,Poliwhirl,-20,-27,-40,-39,-48,47,8763
82,Poliwrath,5,3,-10,-19,-8,27,1288
83,Abra,-60,-72,-90,16,-43,47,21198
84,Kadabra,-45,-57,-75,31,-28,62,16488
85,Alakazam,-30,-42,-60,46,-3,77,14318
86,Alakazam (Mega Alakazam),-30,-42,-40,86,7,107,23158
87,Machop,-15,-12,-55,-54,-63,-8,10343
88,Machoke,-5,8,-35,-39,-38,2,4283
89,Machamp,5,38,-25,-24,-13,12,2983
90,Bellsprout,-35,-17,-70,-19,-68,-3,11408
91,Weepinbell,-20,-2,-55,-4,-53,12,6398
92,Victreebel,-5,13,-40,11,-28,27,3428
93,Tentacool,-45,-52,-70,-39,2,27,11883
94,Tentacruel,-5,-22,-40,-9,22,57,5923
95,Geodude,-45,-12,-5,-59,-68,-23,10828
96,Geodude (Alolan Geodude),-45,-12,-5,-59,-68,-23,10828
97,Graveler,-30,3,10,-44,-53,-8,5818
98,Graveler (Alolan Graveler),-30,3,10,-44,-53,-8,5818
99,Golem,-5,28,25,-34,-33,2,3683
100,Golem (Alolan Golem),-5,28,25,-34,-33,2,3683
101,Ponyta,-35,-7,-50,-24,-33,47,7648
102,Ponyta (Galarian Ponyta),-35,-7,-50,-24,-33,47,7648
103,Rapidash,-20,8,-35,-9,-18,62,5938
104,Rapidash (Galarian Rapidash),-20,8,-35,-9,-18,62,5938
105,Slowpoke,5,-27,-40,-49,-58,-28,8903
106,Slowpoke (Galarian Slowpoke),5,-27,-40,-49,-58,-28,8903
107,Slowbro,10,-17,5,11,-18,-13,1028
108,Slowbro (Mega Slowbro),10,-17,75,41,-18,-13,8188
109,Slowbro (Galarian Slowbro),10,8,-10,11,-28,-13,1338
110,Magnemite,-60,-57,-35,6,-43,2,9963
111,Magneton,-35,-32,-10,31,-28,27,4823
112,Farfetch'd,-33,-2,-50,-31,-36,17,6139
113,Farfetch'd (Galarian Farfetch'd),-33,3,-50,-31,-36,12,5999
114,Doduo,-50,-7,-60,-54,-63,32,14058
115,Dodrio,-25,18,-35,-29,-38,67,8948
116,Seel,-20,-47,-50,-44,-28,2,7833
117,Dewgong,5,-22,-25,-19,-3,27,2233
118,Grimer,-5,-12,-55,-49,-48,-18,8223
119,Grimer (Alolan Grimer),-5,-12,-55,-49,-48,-18,8223
120,Muk,20,13,-30,-24,2,7,2098
121,Muk (Alolan Muk),20,13,-30,-24,2,7,2098
122,Shellder,-55,-27,-5,-44,-73,-3,11053
123,Cloyster,-35,3,75,-4,-53,27,10413
124,Gastly,-55,-57,-75,11,-63,37,17358
125,Haunter,-40,-42,-60,26,-43,52,12193
126,Gengar,-25,-27,-45,41,-23,67,10078
127,Gengar (Mega Gengar),-25,-27,-25,81,-3,87,16118
128,Onix,-50,-47,55,-59,-53,27,14753
129,Drowzee,-25,-44,-60,-46,-8,-1,8342
130,Hypno,0,-19,-35,-16,17,24,2707
131,Krabby,-55,13,-15,-64,-73,7,12893
132,Kingler,-30,38,10,-39,-48,32,7293
133,Voltorb,-45,-62,-55,-34,-43,57,15148
134,Voltorb (Hisuian Voltorb),-45,-62,-55,-34,-43,57,15148
135,Electrode,-25,-42,-35,-9,-18,107,15468
136,Electrode (Hisuian Electrode),-25,-42,-35,-9,-18,107,15468
137,Exeggcute,-25,-52,-25,-29,-53,-3,7613
138,Exeggutor,10,3,-20,36,-23,12,2478
139,Exeggutor (Alolan Exeggutor),10,13,-20,36,-23,2,2498
140,Cubone,-35,-42,-10,-49,-48,-8,7858
141,Marowak,-25,-12,5,-39,-18,2,2643
142,Marowak (Alolan Marowak),-25,-12,5,-39,-18,2,2643
143,Hitmonlee,-35,28,-52,-54,12,44,9709
144,Hitmonchan,-35,13,-26,-54,12,33,6219
145,Lickitung,5,-37,-30,-29,-23,-13,3833
146,Koffing,-45,-27,-10,-29,-53,-8,6568
147,Weezing,-20,-2,15,-4,-28,17,1718
148,Weezing (Galarian Weezing),-20,-2,15,-4,-28,17,1718
149,Rhyhorn,-5,-7,-10,-59,-68,-18,8603
150,Rhydon,20,38,15,-44,-53,-3,6823
151,Chansey,165,-87,-100,-54,7,7,47808
152,Tangela,-20,-37,10,11,-58,17,5643
153,Kangaskhan,20,3,-25,-49,-18,47,5968
154,Kangaskhan (Mega Kangaskhan),20,33,-5,-29,2,57,5608
155,Horsea,-55,-52,-35,-19,-73,17,12933
156,Seadra,-30,-27,-10,6,-53,42,6338
157,Goldeen,-40,-25,-45,-54,-48,20,9870
158,Seaking,-5,0,-40,-24,-18,25,3150
159,Staryu,-55,-47,-50,-19,-43,42,11708
160,Starmie,-25,-17,-20,11,-13,72,6788
161,Mr. Mime,-45,-47,-40,11,22,47,8648
162,Mr. Mime (Galarian Mr. Mime),-35,-27,-40,1,-8,57,6868
163,Scyther,-15,18,-25,-34,-18,62,6498
164,Jynx,-20,-42,-70,26,-3,52,10453
165,Electabuzz,-20,-9,-48,6,-13,62,6834
166,Magmar,-20,3,-48,11,-13,50,5503
167,Pinsir,-20,33,-5,-34,-28,42,5218
168,Pinsir (Mega Pinsir),-20,63,15,-24,-8,62,9078
169,Tauros,-10,8,-10,-49,-28,67,7938
170,Tauros (Paldean Tauros (Combat Breed)),-10,18,0,-59,-28,57,7938
171,Tauros (Paldean Tauros (Blaze Breed)),-10,18,0,-59,-28,57,7938
172,Tauros (Paldean Tauros (Aqua Breed)),-10,18,0,-59,-28,57,7938
173,Magikarp,-65,-82,-50,-74,-78,37,26378
174,Gyarados,10,33,-26,-29,2,38,4154
175,Gyarados (Mega Gyarados),10,63,4,-19,32,38,6914
176,Lapras,45,-7,-25,-4,-3,17,3013
177,Ditto,-37,-44,-57,-41,-50,5,10760
178,Eevee,-30,-37,-55,-44,-33,12,8463
179,Eevee (Partner Eevee),-20,-17,-35,-24,-13,32,3683
180,Vaporeon,45,-27,-45,21,-3,22,5713
181,Jolteon,-20,-27,-45,21,-3,87,11173
182,Flareon,-20,38,-45,6,12,22,4533
183,Porygon,-20,-32,-35,-4,-23,-3,3203
184,Omanyte,-50,-52,-5,1,-43,-8,7143
185,Omastar,-15,-32,20,26,-28,12,3253
186,Kabuto,-55,-12,-15,-34,-53,12,7503
187,Kabutops,-25,23,0,-24,-28,37,3883
188,Aerodactyl,-5,13,-40,-29,-23,87,10733
189,Aerodactyl (Mega Aerodactyl),-5,43,-20,-19,-3,107,14093
190,Snorlax,75,18,-40,-24,12,-13,8438
191,Articuno,5,-7,-5,6,27,42,2628
192,Articuno (Galarian Articuno),5,-7,-20,36,2,52,4478
193,Zapdos,5,-2,-20,36,-8,57,5038
194,Zapdos (Galarian Zapdos),5,33,-15,-4,-8,57,4668
195,Moltres,5,8,-15,36,-13,47,3988
196,Moltres (Galarian Moltres),5,-7,-15,11,27,47,3358
197,Dratini,-44,-28,-60,-39,-48,7,10194
198,Dragonair,-24,-8,-40,-19,-28,27,4114
199,Dragonite,6,42,-10,11,2,37,3394
200,Mewtwo,21,18,-15,65,-8,87,12848
201,Mewtwo (Mega Mewtwo X),21,98,-5,65,2,87,21868
202,Mewtwo (Mega Mewtwo Y),21,58,-35,105,22,97,25948
203,Mew,15,8,-5,11,2,57,3688
204,Chikorita,-40,-43,-40,-40,-33,2,7742
205,Bayleef,-25,-30,-25,-26,-18,17,3439
206,Meganium,-5,-10,-5,-6,2,37,1559
207,Cyndaquil,-46,-40,-62,-29,-48,22,11189
208,Quilava,-27,-28,-47,-9,-33,37,6261
209,Typhlosion,-7,-8,-27,20,-13,57,4660
210,Typhlosion (Hisuian Typhlosion),-12,-8,-27,30,-13,52,4710
211,Totodile,-35,-27,-41,-45,-50,0,8160
212,Croconaw,-20,-12,-25,-30,-35,15,3519
213,Feraligatr,0,13,-5,-10,-15,35,1744
214,Sentret,-50,-46,-71,-54,-53,-23,15911
215,Furret,0,-16,-41,-44,-43,47,7931
216,Hoothoot,-25,-62,-75,-53,-42,7,14716
217,Noctowl,15,-42,-55,-3,-2,27,5756
218,Ledyba,-45,-72,-75,-49,-18,12,15703
219,Ledian,-30,-57,-55,-34,12,42,10238
220,Spinarak,-45,-32,-65,-49,-58,-13,13208
221,Ariados,-15,-2,-35,-29,-28,-3,3088
222,Crobat,0,-2,-25,-19,-18,87,8883
223,Chinchou,-10,-54,-67,-33,-42,24,10934
224,Lanturn,40,-34,-47,-13,-22,24,6194
225,Pichu,-65,-52,-90,-54,-63,17,22203
226,Cleffa,-35,-67,-77,-44,-43,-28,16212
227,Igglybuff,5,-62,-90,-49,-78,-28,21238
228,Togepi,-50,-72,-40,-49,-33,-23,13303
229,Togetic,-30,-52,-20,-9,7,-3,4143
230,Natu,-45,-42,-60,-19,-53,27,11288
231,Xatu,-20,-17,-35,6,-28,52,5438
232,Mareep,-30,-52,-65,-24,-53,-8,11278
233,Flaaffy,-15,-37,-50,-9,-38,2,5623
234,Ampharos,5,-17,-20,26,-8,12,1598
235,Ampharos (Mega Ampharos),5,3,0,76,12,2,5958
236,Bellossom,-10,-12,-10,1,2,7,398
237,Marill,-15,-72,-55,-69,-48,-3,15508
238,Azumarill,15,-42,-25,-29,-18,7,3828
239,Sudowoodo,-15,8,10,-59,-33,-13,5128
240,Politoed,5,-17,-30,1,2,27,1948
241,Hoppip,-50,-57,-65,-54,-43,7,14788
242,Skiploom,-30,-47,-55,-44,-33,37,10528
243,Jumpluff,-10,-37,-35,-34,-3,67,8348
244,Aipom,-30,-22,-50,-49,-43,42,9898
245,Sunkern,-55,-62,-75,-59,-68,-13,20768
246,Sunflora,-10,-17,-50,16,-13,-13,3483
247,Yanma,-20,-27,-60,-14,-53,52,10438
248,Wooper,-30,-47,-60,-64,-73,-28,16918
249,Wooper (Paldean Wooper),-30,-47,-60,-64,-73,-28,16918
250,Quagsire,10,-7,-20,-24,-33,-8,2278
251,Espeon,-20,-27,-45,41,-3,67,9333
252,Umbreon,10,-27,5,-29,32,22,3203
253,Murkrow,-25,-7,-63,-4,-56,48,10099
254,Slowking,10,-17,-25,11,12,-13,1448
255,Slowking (Galarian Slowking),10,-27,-25,21,12,-13,2208
256,Misdreavus,-25,-32,-45,-4,-13,42,5623
257,Unown,-37,-20,-57,-17,-50,5,7832
258,Wobbuffet,105,-59,-47,-56,-40,-10,21551
259,Girafarig,-15,-12,-40,1,-33,42,4823
260,Pineco,-35,-27,-15,-54,-63,-28,9848
261,Forretress,-10,-2,35,-29,-38,-3,3623
262,Dunsparce,15,-22,-35,-24,-33,2,3603
263,Gligar,-20,-17,0,-54,-33,42,6458
264,Steelix,-10,-7,95,-34,-33,-13,11588
265,Steelix (Mega Steelix),-10,33,125,-34,-3,-13,18148
266,Snubbull,-25,-12,-55,-49,-58,-13,9728
267,Granbull,5,28,-30,-29,-38,2,3998
268,Qwilfish,-20,3,-20,-34,-43,42,5578
269,Qwilfish (Hisuian Qwilfish),-20,3,-20,-34,-43,42,5578
270,Scizor,-15,38,-5,-34,-18,22,3658
271,Scizor (Mega Scizor),-15,58,35,-24,2,32,6418
272,Shuckle,-65,-82,125,-79,132,-38,51683
273,Heracross,-5,33,-30,-49,-3,42,6188
274,Heracross (Mega Heracross),-5,93,10,-49,7,32,12248
275,Sneasel,-30,3,-50,-54,-23,72,12038
276,Sneasel (Hisuian Sneasel),-30,3,-50,-54,-23,72,12038
277,Teddiursa,-25,-12,-55,-39,-48,-3,7628
278,Ursaring,5,38,-30,-14,-23,12,3238
279,Slugma,-45,-52,-65,-19,-58,-23,13208
280,Magcargo,-25,-42,15,1,-18,-13,3108
281,Swinub,-35,-42,-65,-59,-68,7,15368
282,Piloswine,15,8,-25,-29,-38,7,3248
283,Corsola,-20,-37,-10,-24,-3,-8,2518
284,Corsola (Galarian Corsola),-25,-37,-5,-24,2,-13,2768
285,Remoraid,-50,-27,-70,-24,-63,22,13158
286,Octillery,-10,13,-30,16,-23,2,1958
287,Delibird,-40,-37,-60,-24,-53,32,10978
288,Mantine,0,-52,-35,-9,42,27,6503
289,Skarmory,-20,-12,35,-49,-28,27,5683
290,Houndour,-40,-32,-75,-9,-48,22,11118
291,Houndoom,-10,-2,-55,21,-18,52,6598
292,Houndoom (Mega Houndoom),-10,-2,-15,51,-8,72,8178
293,Kingdra,-10,3,-10,6,-3,42,2018
294,Phanpy,5,-32,-45,-49,-58,-3,8848
295,Donphan,5,28,15,-29,-38,7,3368
296,Porygon2,0,-12,-15,16,-3,17,923
297,Stantler,-12,3,-43,-4,-33,42,4871
298,Smeargle,-30,-72,-70,-69,-53,32,19578
299,Tyrogue,-50,-57,-70,-54,-63,-8,17598
300,Hitmontop,-35,3,-10,-54,12,27,5123
301,Smoochum,-40,-62,-90,-4,-33,22,15133
302,Elekid,-40,-29,-68,-24,-43,52,12194
303,Magby,-40,-17,-68,-19,-43,40,10323
304,Miltank,10,-12,0,-49,-28,57,6678
305,Blissey,170,-82,-95,-14,37,12,46358
306,Raikou,5,-7,-30,26,2,72,6838
307,Entei,30,23,-20,1,-23,57,5608
308,Suicune,15,-17,10,1,17,42,2668
309,Larvitar,-35,-28,-55,-44,-48,-2,9278
310,Pupitar,-15,-8,-35,-24,-28,8,2938
311,Tyranitar,15,42,5,6,2,18,2378
312,Tyranitar (Mega Tyranitar),15,72,45,6,22,28,8738
313,Lugia,21,-2,25,1,56,67,8696
314,Ho-Oh,21,38,-15,21,56,47,7896
315,Celebi,15,8,-5,11,2,57,3688
316,Treecko,-45,-47,-70,-24,-43,27,12288
317,Grovyle,-35,-27,-60,-4,-33,52,9363
318,Sceptile,-15,-7,-40,16,-13,77,8228
319,Sceptile (Mega Sceptile),-15,18,-30,56,-13,102,15158
320,Torchic,-40,-32,-65,-19,-48,2,9518
321,Combusken,-25,-7,-45,-4,-38,12,4303
322,Blaziken,-5,28,-35,21,-28,37,4628
323,Blaziken (Mega Blaziken),-5,68,-25,41,-18,57,10528
324,Mudkip,-35,-22,-55,-39,-48,-3,8568
325,Marshtomp,-15,-7,-35,-29,-28,7,3173
326,Swampert,15,18,-15,-4,-8,17,1143
327,Swampert (Mega Swampert),15,58,5,6,12,27,4523
328,Poochyena,-50,-37,-70,-59,-68,-8,16938
329,Mightyena,-15,-2,-35,-29,-38,27,4468
330,Zigzagoon,-47,-62,-64,-59,-57,17,17168
331,Zigzagoon (Galarian Zigzagoon),-47,-62,-64,-59,-57,17,17168
332,Linoone,-7,-22,-44,-39,-37,57,8608
333,Linoone (Galarian Linoone),-7,-22,-44,-39,-37,57,8608
334,Wurmple,-40,-47,-70,-69,-68,-23,18623
335,Silcoon,-35,-57,-50,-64,-73,-28,17183
336,Beautifly,-25,-22,-55,11,-48,22,7043
337,Cascoon,-35,-57,-50,-64,-73,-28,17183
338,Dustox,-25,-42,-35,-39,-8,22,5683
339,Lotad,-45,-62,-75,-49,-48,-13,16368
340,Lombre,-25,-42,-55,-29,-28,7,7088
341,Ludicolo,-5,-22,-35,1,2,27,2468
342,Seedot,-45,-52,-55,-59,-68,-13,16028
343,Nuzleaf,-15,-22,-65,-29,-58,17,9428
344,Shiftry,5,8,-45,1,-38,37,4928
345,Taillow,-45,-37,-75,-59,-68,42,18888
346,Swellow,-25,-7,-45,-14,-48,82,11923
347,Wingull,-45,-62,-75,-34,-68,42,19038
348,Pelipper,-25,-42,-5,6,-28,22,3718
349,Ralts,-57,-67,-80,-44,-63,-3,20052
350,Kirlia,-47,-57,-70,-24,-43,7,12832
351,Gardevoir,-17,-27,-40,36,17,37,5572
352,Gardevoir (Mega Gardevoir),-17,-7,-40,76,37,57,12332
353,Surskit,-45,-62,-73,-39,-46,22,15319
354,Masquerain,-15,-32,-43,11,-16,37,4844
355,Shroomish,-25,-52,-45,-49,-38,-8,9263
356,Breloom,-25,38,-25,-29,-38,27,5708
357,Slakoth,-25,-32,-45,-54,-63,-13,10728
358,Vigoroth,-5,-12,-25,-34,-43,47,6008
359,Slaking,65,68,-5,6,-33,57,13248
360,Nincada,-54,-47,-15,-59,-68,-3,13464
361,Ninjask,-24,-2,-60,-39,-48,117,21694
362,Shedinja,-84,-2,-60,-59,-68,-3,18774
363,Whismur,-21,-41,-82,-38,-75,-15,16140
364,Loudred,-1,-21,-62,-18,-55,5,7660
365,Exploud,19,-1,-42,2,-25,25,3380
366,Makuhita,-13,-32,-75,-69,-68,-18,16527
367,Hariyama,59,28,-45,-49,-38,7,10184
368,Azurill,-35,-72,-65,-69,-58,-23,19288
369,Nosepass,-55,-47,30,-44,-8,-13,8303
370,Skitty,-35,-47,-60,-54,-63,7,13968
371,Delcatty,-15,-27,-40,-34,-43,47,7768
372,Sableye,-35,-17,-30,-24,-33,7,4128
373,Sableye (Mega Sableye),-35,-7,20,-4,17,-23,2508
374,Mawile,-35,-7,-20,-34,-43,7,4728
375,Mawile (Mega Mawile),-35,13,20,-34,-3,7,3008
376,Aron,-35,-22,-5,-49,-58,-13,7668
377,Lairon,-25,-2,35,-39,-48,-3,5688
378,Aggron,-15,18,75,-29,-38,7,8508
379,Aggron (Mega Aggron),-15,48,125,-29,-18,7,19368
380,Meditite,-55,-52,-50,-49,-43,17,12768
381,Medicham,-25,-32,-30,-29,-23,37,5288
382,Medicham (Mega Medicham),-25,8,-20,-9,-13,57,4588
383,Electrike,-45,-47,-65,-24,-58,22,12883
384,Manectric,-15,-17,-45,16,-38,62,8083
385,Manectric (Mega Manectric),-15,-17,-25,46,-18,92,12043
386,Plusle,-25,-42,-65,-4,-23,52,9863
387,Minun,-25,-52,-55,-14,-13,52,9423
388,Volbeat,-20,-19,-30,-42,-13,42,5358
389,Illumise,-20,-45,-30,-16,-13,42,5514
390,Roselia,-35,-32,-60,11,-18,22,6778
391,Gulpin,-15,-49,-52,-46,-45,-3,9480
392,Swalot,15,-19,-22,-16,-15,12,1695
393,Carvanha,-40,-2,-85,-24,-78,22,15973
394,Sharpedo,-15,28,-65,6,-58,52,11338
395,Sharpedo (Mega Sharpedo),-15,48,-35,21,-33,62,9128
396,Wailmer,45,-22,-70,-19,-63,17,12028
397,Wailord,85,-2,-60,1,-53,17,13928
398,Numel,-25,-32,-65,-24,-53,-8,9323
399,Camerupt,-15,8,-35,16,-23,-3,2308
400,Camerupt (Mega Camerupt),-15,28,-5,56,7,-23,4748
401,Torkoal,-15,-7,35,-4,-28,-23,2828
402,Spoink,-25,-67,-70,-19,-18,17,10988
403,Grumpig,-5,-47,-40,1,12,37,5348
404,Spinda,-25,-32,-45,-29,-38,17,6248
405,Trapinch,-40,8,-60,-44,-53,-33,11098
406,Vibrava,-35,-22,-55,-39,-48,27,9288
407,Flygon,-5,8,-25,-9,-18,57,4368
408,Cacnea,-35,-7,-65,-4,-58,-8,8943
409,Cacturne,-15,23,-45,26,-38,12,5043
410,Swablu,-40,-52,-45,-49,-23,7,9308
411,Altaria,-10,-22,-15,-19,7,37,2588
412,Altaria (Mega Altaria),-10,18,5,21,7,37,2308
413,Zangoose,-12,23,-45,-29,-38,47,7192
414,Seviper,-12,8,-45,11,-38,22,4282
415,Lunatone,5,-37,-40,6,-13,27,3928
416,Solrock,5,3,-20,-34,-33,27,3408
417,Barboach,-35,-44,-62,-43,-57,17,12392
418,Whiscash,25,-14,-32,-13,-27,17,3032
419,Corphish,-42,-12,-40,-39,-63,-8,9062
420,Crawdaunt,-22,28,-20,1,-43,12,3662
421,Baltoy,-45,-52,-50,-49,-28,12,10558
422,Claydol,-25,-22,0,-19,22,32,2978
423,Lileep,-19,-51,-28,-28,-11,-20,5051
424,Cradily,1,-11,-8,-8,9,0,331
425,Anorith,-40,3,-55,-49,-48,32,10363
426,Armaldo,-10,33,-5,-19,-18,2,1903
427,Feebas,-65,-77,-85,-79,-43,37,26838
428,Milotic,10,-32,-26,11,27,38,4094
429,Castform,-15,-22,-35,-19,-28,27,3808
430,Kecleon,-25,-2,-35,-29,22,-3,3188
431,Shuppet,-41,-17,-70,-26,-65,2,11775
432,Banette,-21,23,-40,-6,-35,22,4315
433,Banette (Mega Banette),-21,73,-30,4,-15,32,7935
434,Duskull,-65,-52,-15,-59,-8,-18,11023
435,Dusclops,-45,-22,25,-29,32,-18,5323
436,Tropius,14,-24,-22,-17,-11,8,1730
437,Chimecho,-10,-42,-25,6,-8,22,3073
438,Absol,-20,38,-45,-14,-38,32,6533
439,Absol (Mega Absol),-20,58,-45,26,-38,72,13093
440,Wynaut,10,-69,-57,-66,-50,-20,15366
441,Snorunt,-35,-42,-55,-39,-48,7,9888
442,Glalie,-5,-12,-25,-9,-18,37,2568
443,Glalie (Mega Glalie),-5,28,-25,31,-18,57,5968
444,Spheal,-15,-52,-55,-34,-48,-18,9738
445,Sealeo,5,-32,-35,-14,-28,2,3258
446,Walrein,25,-12,-15,6,-8,22,1578
447,Clamperl,-50,-28,-20,-15,-43,-11,5879
448,Huntail,-30,12,0,5,-23,9,1679
449,Gorebyss,-30,-8,0,25,-23,9,2199
450,Relicanth,15,-2,25,-44,-33,12,4023
451,Luvdisc,-42,-62,-50,-49,-33,54,14514
452,Bagon,-40,-17,-45,-49,-68,7,10988
453,Shelgon,-20,3,-5,-29,-48,7,3628
454,Salamence,10,43,-25,21,-18,57,6588
455,Salamence (Mega Salamence),10,53,25,31,-8,77,10488
456,Beldum,-45,-37,-25,-54,-38,-13,8548
457,Metang,-25,-17,-5,-34,-18,7,2468
458,Metagross,-5,43,25,6,-8,27,3328
459,Metagross (Mega Metagross),-5,53,45,16,12,67,9748
460,Regirock,-5,8,95,-39,2,7,10688
461,Regice,-5,-42,-5,11,102,7,12388
462,Registeel,-5,-17,45,-14,52,7,5288
463,Latias,-5,-12,-15,21,32,67,6348
464,Latias (Mega Latias),-5,8,15,51,52,67,10108
465,Latios,-5,-2,-25,41,12,67,6968
466,Latios (Mega Latios),-5,38,-5,71,22,67,11508
467,Kyogre,15,8,-15,61,42,47,8208
468,Kyogre (Primal Kyogre),15,58,-15,91,62,47,18148
469,Groudon,15,58,35,11,-8,47,7208
470,Groudon (Primal Groudon),15,88,55,61,-8,47,16988
471,Rayquaza,20,58,-15,61,-8,52,10478
472,Rayquaza (Mega Rayquaza),20,88,-5,91,2,72,21638
473,Jirachi,15,8,-5,11,2,57,3688
474,Deoxys (Normal Forme),-35,58,-55,61,-48,107,25088
475,Deoxys (Attack Forme),-35,88,-85,91,-78,107,42008
476,Deoxys (Defense Forme),-35,-22,55,-19,62,47,11148
477,Deoxys (Speed Forme),-35,3,-15,6,-8,137,20328
478,Turtwig,-30,-24,-41,-44,-43,-12,7086
479,Grotle,-10,-3,-20,-34,-33,-7,2803
480,Torterra,10,17,0,-14,-13,13,923
481,Chimchar,-41,-34,-61,-31,-54,18,10759
482,Monferno,-21,-14,-53,-11,-46,38,7127
483,Infernape,-9,12,-34,15,-27,65,6560
484,Piplup,-32,-41,-52,-28,-42,-3,7966
485,Prinplup,-21,-26,-37,-8,-22,7,3083
486,Empoleon,-1,-6,-17,22,3,17,1108
487,Starly,-45,-37,-75,-59,-68,17,17413
488,Staravia,-30,-17,-55,-49,-58,37,11348
489,Staraptor,0,28,-35,-39,-38,57,8223
490,Bidoof,-26,-47,-65,-54,-58,-12,13534
491,Bibarel,-6,-7,-45,-34,-38,28,5494
492,Kricketot,-48,-67,-64,-64,-57,-18,18558
493,Kricketune,-8,-7,-54,-34,-47,22,6878
494,Shinx,-40,-27,-71,-49,-64,2,13871
495,Luxio,-25,-7,-56,-29,-49,17,7341
496,Luxray,-5,28,-26,6,-19,27,2611
497,Budew,-45,-62,-70,-39,-28,12,13218
498,Roserade,-25,-22,-40,36,7,47,6263
499,Cranidos,-18,33,-65,-59,-68,15,13968
500,Rampardos,12,73,-45,-24,-48,15,10603
501,Shieldon,-55,-50,13,-47,-10,-13,8172
502,Bastiodon,-25,-40,63,-42,40,-13,9727
503,Burmy,-45,-63,-60,-60,-53,-7,16052
504,Wormadam (Plant Cloak),-25,-33,-20,-10,7,-7,2312
505,Wormadam (Sandy Cloak),-25,-13,0,-30,-13,-7,1912
506,Wormadam (Trash Cloak),-25,-23,-10,-20,-3,-7,1712
507,Mothim,-15,2,-55,5,-48,23,6112
508,Combee,-55,-62,-63,-59,-56,27,18184
509,Vespiquen,-15,-12,-3,-9,4,-3,484
510,Pachirisu,-25,-47,-35,-44,-8,52,8763
511,Buizel,-30,-27,-70,-29,-68,42,13758
512,Floatzel,0,13,-50,-4,-48,72,10173
513,Cherubi,-40,-57,-60,-27,-45,-8,11267
514,Cherrim,-15,-32,-35,-2,-20,42,4642
515,Shellos,-9,-44,-57,-32,-36,-9,7667
516,Gastrodon,26,-9,-37,3,-16,-4,2407
517,Ambipom,-10,8,-39,-29,-32,72,8734
518,Drifloon,5,-42,-71,-29,-54,27,11316
519,Drifblim,65,-12,-61,1,-44,37,11396
520,Buneary,-30,-26,-61,-45,-42,42,10850
521,Lopunny,-20,-16,-21,-35,-2,62,6170
522,Lopunny (Mega Lopunny),-20,44,-11,-35,-2,92,12150
523,Mismagius,-25,-32,-45,16,7,62,7823
524,Honchkrow,15,33,-53,16,-46,28,7279
525,Glameow,-36,-37,-63,-47,-61,42,14328
526,Purugly,-14,-10,-41,-25,-39,69,8884
527,Chingling,-40,-62,-55,-24,-48,2,11353
528,Stunky,-22,-29,-58,-48,-57,31,11203
529,Skuntank,18,1,-38,-18,-37,41,5143
530,Bronzor,-28,-68,-19,-65,-12,-20,10538
531,Bronzong,-18,-3,11,-10,18,-10,978
532,Bonsly,-35,-12,-10,-79,-53,-33,11608
533,Mime Jr.,-65,-67,-60,-19,-8,17,13028
534,Happiny,15,-87,-100,-74,-33,-13,24528
535,Chatot,-9,-27,-60,3,-56,48,9859
536,Spiritomb,-35,0,3,3,10,-8,1407
537,Gible,-27,-22,-60,-49,-53,-1,10024
538,Gabite,-17,-2,-40,-39,-43,39,6784
539,Garchomp,23,38,-10,-9,-13,59,5804
540,Garchomp (Mega Garchomp),23,78,10,31,-3,49,10084
541,Munchlax,50,-7,-65,-49,-13,-38,10788
542,Riolu,-45,-22,-65,-54,-58,17,13303
543,Lucario,-15,18,-35,26,-28,47,5443
544,Lucario (Mega Lucario),-15,53,-17,51,-28,69,11469
545,Hippopotas,-17,-20,-27,-51,-56,-11,7276
546,Hippowdon,23,20,13,-21,-26,4,2231
547,Skorupi,-45,-42,-15,-59,-43,22,9828
548,Drapion,-15,-2,5,-29,-23,52,4328
549,Croagunk,-37,-31,-65,-28,-58,7,10752
550,Toxicroak,-2,14,-40,-3,-33,42,4662
551,Carnivine,-11,8,-33,1,-26,3,1960
552,Finneon,-36,-43,-49,-40,-37,23,9044
553,Lumineon,-16,-23,-29,-20,-12,48,4474
554,Mantyke,-40,-72,-55,-29,22,7,11183
555,Snover,-25,-30,-55,-27,-38,-3,6732
556,Abomasnow,5,0,-30,3,-13,17,1392
557,Abomasnow (Mega Abomasnow),5,40,0,43,7,-13,3692
558,Weavile,-15,28,-40,-44,-13,82,11438
559,Magnezone,-15,-22,10,41,-8,17,2843
560,Lickilicky,25,-7,-10,-9,-3,7,913
561,Rhyperior,30,48,25,-34,-43,-3,6843
562,Tangrowth,15,8,20,21,-48,7,3483
563,Electivire,-10,31,-38,6,-13,52,5414
564,Magmortar,-10,3,-38,36,-3,40,4458
565,Togekiss,0,-42,-10,31,17,37,4483
566,Yanmega,1,-16,-19,27,-42,52,5815
567,Leafeon,-20,18,25,-29,-33,52,5983
568,Glaceon,-20,-32,5,41,-3,22,3623
569,Gliscor,-10,3,20,-44,-23,52,5678
570,Mamoswine,25,38,-25,-19,-38,37,5868
571,Porygon-Z,0,-12,-35,46,-23,47,6223
572,Gallade,-17,33,-40,-24,17,37,5212
573,Gallade (Mega Gallade),-17,73,-10,-24,17,67,11072
574,Probopass,-25,-37,40,-14,52,-3,6503
575,Dusknoir,-40,8,30,-24,37,2,4513
576,Froslass,-15,-12,-35,-9,-28,67,6948
577,Rotom,-35,-42,-28,6,-21,48,6554
578,Rotom (Heat Rotom),-35,-27,2,16,9,43,4144
579,Rotom (Wash Rotom),-35,-27,2,16,9,43,4144
580,Rotom (Frost Rotom),-35,-27,2,16,9,43,4144
581,Rotom (Fan Rotom),-35,-27,2,16,9,43,4144
582,Rotom (Mow Rotom),-35,-27,2,16,9,43,4144
583,Uxie,-10,-17,25,-14,32,52,4938
584,Mesprit,-5,13,0,16,7,37,1868
585,Azelf,-10,33,-35,36,-28,72,9678
586,Dialga,15,28,15,61,2,47,7168
587,Dialga (Origin Forme),15,8,15,61,22,47,6928
588,Palkia,5,28,-5,61,22,57,8288
589,Palkia (Origin Forme),5,8,-5,61,22,77,10248
590,Heatran,6,-2,1,41,8,34,2942
591,Regigigas,25,68,5,-9,12,57,8748
592,Giratina (Altered Forme),65,8,15,11,22,47,7328
593,Giratina (Origin Forme),65,28,-5,31,2,47,8208
594,Cresselia,35,-22,15,-14,32,42,4918
595,Phione,-5,-12,-25,-9,-18,37,2568
596,Manaphy,15,8,-5,11,2,57,3688
597,Darkrai,-15,-2,-15,46,-8,82,9358
598,Shaymin (Land Forme),15,8,-5,11,2,57,3688
599,Shaymin (Sky Forme),15,11,-30,31,-23,84,9792
600,Arceus,35,28,15,31,22,77,9608
601,Victini,15,8,-5,11,2,57,3688
602,Snivy,-40,-47,-50,-44,-43,20,10494
603,Servine,-25,-32,-30,-29,-23,40,5519
604,Serperior,-10,-17,-10,-14,-3,70,5594
605,Tepig,-20,-29,-60,-44,-53,2,9590
606,Pignite,5,1,-50,-19,-43,12,4880
607,Emboar,25,31,-40,11,-33,22,4880
608,Oshawott,-30,-37,-60,-26,-53,2,9358
609,Dewott,-10,-17,-45,-6,-38,17,4183
610,Samurott,10,8,-20,19,-28,27,2438
611,Samurott (Hisuian Samurott),5,16,-25,11,-33,42,3880
612,Patrat,-40,-37,-66,-54,-59,-1,13723
613,Watchog,-25,-7,-36,-29,-29,34,4808
614,Lillipup,-40,-32,-60,-64,-53,12,13273
615,Herdier,-20,-12,-40,-54,-33,17,6438
616,Stoutland,0,18,-15,-44,-8,37,3918
617,Purrloin,-44,-42,-68,-39,-61,23,14095
618,Liepard,-21,-4,-55,-1,-48,63,9756
619,Pansage,-35,-39,-57,-36,-50,21,10232
620,Simisage,-10,6,-42,9,-35,58,6570
621,Pansear,-35,-39,-57,-36,-50,21,10232
622,Simisear,-10,6,-42,9,-35,58,6570
623,Panpour,-35,-39,-57,-36,-50,21,10232
624,Simipour,-10,6,-42,9,-35,58,6570
625,Munna,-9,-67,-60,-22,-43,-19,10864
626,Musharna,31,-37,-20,18,-3,-14,3259
627,Pidove,-35,-37,-55,-53,-68,0,13052
628,Tranquill,-23,-15,-43,-39,-56,22,7744
629,Unfezant,-5,23,-25,-24,-43,50,6104
630,Blitzle,-40,-32,-73,-39,-66,33,14919
631,Zebstrika,-10,8,-42,-9,-35,73,8563
632,Roggenrola,-30,-17,-20,-64,-73,-28,11798
633,Boldore,-15,13,0,-39,-58,-23,5808
634,Gigalith,0,43,25,-29,-18,-18,3963
635,Woobat,-20,-47,-62,-34,-55,29,11475
636,Swoobat,-18,-35,-50,-12,-43,71,11083
637,Drilbur,-25,-7,-65,-59,-53,25,11814
638,Excadrill,25,43,-45,-39,-33,45,9134
639,Audino,18,-32,-19,-29,-12,7,2743
640,Audino (Mega Audino),18,-32,21,-9,28,7,2703
641,Timburr,-10,-12,-50,-64,-63,-8,10873
642,Gurdurr,0,13,-20,-49,-48,-3,5283
643,Conkeldurr,20,48,-10,-34,-33,2,5053
644,Tympole,-35,-42,-65,-39,-58,21,12540
645,Palpitoad,-10,-27,-50,-24,-43,26,6430
646,Seismitoad,20,3,-30,-4,-23,31,2815
647,Throh,35,8,-20,-59,-13,2,5343
648,Sawk,-10,33,-30,-59,-23,42,7863
649,Sewaddle,-40,-39,-35,-49,-38,-1,8192
650,Swadloon,-30,-29,-15,-39,-18,-1,3812
651,Leavanny,-10,11,-25,-19,-18,49,3932
652,Venipede,-55,-47,-46,-59,-59,14,14508
653,Whirlipede,-45,-37,-6,-49,-19,4,6208
654,Scolipede,-25,8,-16,-34,-29,69,7703
655,Cottonee,-45,-65,-45,-52,-48,23,13812
656,Whimsicott,-25,-25,-20,-12,-23,73,7652
657,Petilil,-40,-57,-55,-19,-48,-13,10708
658,Lilligant,-15,-32,-30,21,-23,47,5328
659,Lilligant (Hisuian Lilligant),-15,13,-30,-39,-23,62,7188
660,Basculin,-15,0,-40,-9,-43,55,6780
661,Sandile,-35,-20,-70,-54,-63,22,13894
662,Krokorok,-25,-10,-60,-44,-53,31,10031
663,Krookodile,10,25,-25,-24,-28,49,5111
664,Darumaka,-15,-2,-60,-74,-53,7,12163
665,Darumaka (Galarian Darumaka),-15,-2,-60,-74,-53,7,12163
666,Darmanitan (Standard Mode),20,48,-50,-59,-43,52,13238
667,Darmanitan (Zen Mode),20,-62,0,51,7,12,7038
668,Darmanitan (Galarian Standard Mode),20,48,-50,-59,-43,52,13238
669,Darmanitan (Galarian Zen Mode),20,68,-50,-59,-43,92,21318
670,Maractus,-10,-6,-38,17,-31,17,3119
671,Dwebble,-35,-27,-20,-54,-63,12,9383
672,Crustle,-15,13,20,-24,-23,2,1903
673,Scraggy,-35,-17,-35,-54,-28,5,6464
674,Scrafty,-20,-2,10,-44,17,15,2954
675,Sigilyph,-13,-34,-25,14,-18,54,5386
676,Yamask,-47,-62,-20,-34,-33,-13,8867
677,Yamask (Galarian Yamask),-47,-37,-20,-59,-33,-13,8717
678,Cofagrigus,-27,-42,40,6,7,-13,4347
679,Tirtouga,-31,-14,-2,-36,-53,-21,5707
680,Carracosta,-11,16,28,-6,-33,-11,2407
681,Archen,-30,20,-60,-15,-53,27,8663
682,Archeops,-10,48,-40,23,-33,67,10111
683,Trubbish,-35,-42,-43,-49,-36,22,9019
684,Garbodor,-5,3,-23,-29,-16,32,2684
685,Zorua,-45,-27,-65,-9,-58,22,10908
686,Zorua (Hisuian Zorua),-50,-32,-65,-4,-58,27,11858
687,Zoroark,-25,13,-45,31,-38,62,9068
688,Zoroark (Hisuian Zoroark),-30,8,-45,36,-38,67,10218
689,Minccino,-30,-42,-65,-49,-58,32,13678
690,Cinccino,-10,3,-45,-24,-38,72,9338
691,Gothita,-40,-62,-55,-34,-33,2,10718
692,Gothorita,-25,-47,-35,-14,-13,12,4568
693,Gothitelle,-15,-37,-10,6,12,22,2358
694,Solosis,-40,-62,-65,16,-48,-23,12758
695,Duosion,-20,-52,-55,36,-38,-13,9038
696,Reuniclus,25,-27,-30,36,-13,-13,3888
697,Ducklett,-23,-48,-55,-45,-48,12,10331
698,Swanna,-10,-5,-42,-2,-35,55,6143
699,Vanillite,-49,-42,-55,-24,-38,1,9211
700,Vanillish,-34,-27,-40,-9,-23,16,4351
701,Vanilluxe,-14,3,-20,21,-3,36,2351
702,Deerling,-25,-32,-55,-49,-48,32,10403
703,Sawsbuck,-5,8,-35,-29,-28,52,5643
704,Emolga,-30,-17,-45,-14,-38,60,8454
705,Karrablast,-35,-17,-60,-49,-53,17,10613
706,Escavalier,-15,43,0,-29,7,-23,3493
707,Foongus,-16,-37,-60,-34,-43,-28,9014
708,Amoonguss,29,-7,-35,-4,-18,-13,2624
709,Frillish,-30,-52,-55,-24,-13,-3,7383
710,Jellicent,15,-32,-35,-4,7,17,2828
711,Alomomola,80,-17,-25,-49,-53,22,13008
712,Joltik,-35,-45,-55,-32,-48,22,10087
713,Galvantula,-15,-15,-45,8,-38,65,8208
714,Ferroseed,-41,-42,-14,-65,-12,-33,9099
715,Ferrothorn,-11,2,26,-35,18,-23,2879
716,Klink,-45,-37,-35,-44,-38,-13,8168
717,Klang,-25,-12,-10,-19,-13,7,1448
718,Klinklang,-25,8,10,-19,-13,47,3528
719,Tynamo,-50,-37,-65,-44,-58,17,13683
720,Eelektrik,-20,-7,-35,-14,-28,-3,2663
721,Eelektross,0,23,-25,16,-18,7,1783
722,Elgyem,-30,-37,-50,-4,-43,-13,6803
723,Beheeyem,-10,-17,-30,36,-3,-3,2603
724,Litwick,-35,-62,-50,-24,-43,-23,10523
725,Lampent,-25,-52,-45,6,-38,12,6978
726,Chandelure,-25,-37,-15,56,-8,37,6788
727,Axew,-39,-5,-45,-59,-58,14,10612
728,Fraxure,-19,25,-35,-49,-48,24,7492
729,Haxorus,-9,55,-15,-29,-28,54,7872
730,Cubchoo,-30,-22,-65,-29,-58,-3,9823
731,Beartic,10,38,-25,-19,-18,7,2903
732,Cryogonal,-5,-42,-55,6,37,62,10063
733,Shelmet,-35,-52,-20,-49,-33,-18,8143
734,Accelgor,-5,-22,-65,11,-38,102,16703
735,Stunfisk,24,-26,-21,-8,1,-11,1879
736,Stunfisk (Galarian Stunfisk),24,-11,-6,-23,-14,-11,1579
737,Mienfoo,-40,-7,-55,-34,-48,22,8618
738,Mienshao,-20,33,-45,6,-38,62,8838
739,Druddigon,-8,28,-15,-29,-8,5,2003
740,Golett,-26,-18,-55,-54,-48,-8,9309
741,Golurk,4,32,-25,-34,-18,12,3289
742,Pawniard,-40,-7,-35,-49,-58,17,8928
743,Bisharp,-20,33,-5,-29,-28,27,3868
744,Bouffalant,10,18,-10,-49,-3,12,3078
745,Rufflet,-15,-9,-55,-52,-48,17,8628
746,Braviary,15,31,-30,-32,-23,37,5008
747,Braviary (Hisuian Braviary),25,-9,-35,23,-28,22,3728
748,Vullaby,-15,-37,-30,-44,-33,17,5808
749,Mandibuzz,25,-27,0,-34,-3,37,3888
750,Heatmor,0,5,-39,16,-32,22,3310
751,Durant,-27,17,7,-41,-50,66,9604
752,Deino,-33,-27,-55,-44,-48,-5,9108
753,Zweilous,-13,-7,-35,-24,-28,15,3028
754,Hydreigon,7,13,-15,36,-8,55,4828
755,Larvesta,-30,-7,-50,-39,-43,17,7108
756,Volcarona,0,-32,-40,46,7,57,8038
757,Cobalion,6,-2,24,1,-26,65,5518
758,Terrakion,6,37,-15,-17,-8,65,6208
759,Virizion,6,-2,-33,1,31,65,6316
760,Tornadus (Incarnate Forme),-6,23,-35,36,-18,68,8034
761,Tornadus (Therian Forme),-6,8,-25,21,-8,78,7314
762,Thundurus (Incarnate Forme),-6,23,-35,36,-18,68,8034
763,Thundurus (Therian Forme),-6,13,-35,56,-18,58,8254
764,Reshiram,15,28,-5,61,22,47,7448
765,Zekrom,15,58,15,31,2,47,6988
766,Landorus (Incarnate Forme),4,33,-15,26,-18,58,5694
767,Landorus (Therian Forme),4,53,-15,16,-18,48,5934
768,Kyurem,40,38,-15,41,-8,52,7718
769,Kyurem (Black Kyurem),40,78,-5,31,-8,52,11438
770,Kyurem (White Kyurem),40,28,-15,81,2,52,11878
771,Keldeo,6,-20,-15,40,-8,65,6550
772,Meloetta (Aria Forme),15,-15,-28,39,30,47,5864
773,Meloetta (Pirouette Forme),15,36,-15,-12,-21,85,9556
774,Genesect,-14,28,-10,31,-3,56,5186
775,Chespin,-29,-31,-40,-41,-53,-5,7917
776,Quilladin,-24,-14,-10,-33,-40,14,3757
777,Chesnaught,3,15,17,-15,-23,21,1718
778,Fennekin,-45,-47,-65,-27,-38,17,10921
779,Braixen,-26,-33,-47,1,-28,30,5659
780,Delphox,-10,-23,-33,25,2,61,6068
781,Froakie,-44,-36,-65,-27,-54,28,11886
782,Frogadier,-31,-29,-53,-6,-42,54,9327
783,Greninja,-13,3,-38,14,-27,79,8788
784,Greninja (Ash-Greninja),-13,53,-38,64,-27,89,17168
785,Bunnelby,-47,-56,-67,-57,-62,14,17123
786,Diggersby,0,-36,-28,-39,-21,35,5267
787,Fletchling,-40,-42,-62,-49,-60,19,13570
788,Fletchinder,-23,-19,-50,-33,-46,41,8276
789,Talonflame,-7,-11,-34,-15,-29,83,9281
790,Scatterbug,-47,-57,-65,-62,-73,-8,18920
791,Spewpa,-40,-70,-45,-62,-68,-14,17189
792,Vivillon,-5,-40,-55,1,-48,46,9071
793,Litleo,-23,-42,-47,-16,-44,29,7535
794,Pyroar,1,-24,-33,20,-32,63,7059
795,Flabébé,-41,-54,-66,-28,-19,-1,10099
796,Floette,-31,-47,-58,-14,0,9,6811
797,Florges,-7,-27,-37,23,56,32,6836
798,Skiddo,-19,-27,-57,-27,-41,9,6830
799,Gogoat,38,8,-43,8,-17,25,4335
800,Pancham,-18,-10,-43,-43,-50,0,6622
801,Pangoro,10,32,-27,-20,-27,15,3207
802,Furfrou,-10,-12,-45,-24,-8,59,6390
803,Espurr,-23,-44,-51,-26,-38,25,7811
804,Meowstic,-11,-44,-29,-6,-17,61,6944
805,Honedge,-40,-12,-5,-54,-61,-15,8631
806,Doublade,-26,18,45,-44,-49,-8,7426
807,Aegislash (Shield Forme),-25,-42,35,-39,42,17,7188
808,Aegislash (Blade Forme),-25,48,-55,51,-48,17,11148
809,Spritzee,-7,-40,-45,-26,-33,-20,5839
810,Aromatisse,16,-20,-33,10,-9,-14,2122
811,Swirlix,-23,-44,-39,-30,-41,6,6603
812,Slurpuff,-3,-12,-19,-4,-23,29,1900
813,Inkay,-32,-38,-52,-52,-52,2,10584
814,Malamar,1,0,-17,-21,-23,30,2160
815,Binacle,-43,-40,-38,-50,-42,7,9206
816,Barbaracle,-13,13,10,-35,-12,25,2432
817,Skrelp,-35,-32,-45,-29,-38,-13,6728
818,Dragalge,-20,-17,-15,8,25,1,1604
819,Clauncher,-35,-39,-43,-31,-35,1,6782
820,Clawitzer,-14,-19,-17,31,-9,16,2144
821,Helioptile,-41,-54,-72,-28,-55,27,14319
822,Heliolisk,-23,-37,-53,20,-4,66,9479
823,Tyrunt,-27,-3,-28,-44,-53,5,6292
824,Tyrantrum,-3,29,14,-20,-39,28,3751
825,Amaura,-8,-33,-55,-22,-35,3,5896
826,Aurorus,38,-15,-33,10,-6,15,3119
827,Sylveon,10,-27,-40,21,32,17,4183
828,Hawlucha,-7,0,-30,-15,-35,75,8024
829,Dedenne,-18,-34,-48,-8,-31,58,8173
830,Carbink,-35,-42,45,-39,52,7,9288
831,Goomy,-40,-42,-70,-34,-23,-3,9958
832,Sliggoo,-17,-17,-52,-6,15,17,3832
833,Sliggoo (Hisuian Sliggoo),-27,-17,-22,-6,15,-3,1772
834,Goodra,5,8,-35,21,52,37,5828
835,Goodra (Hisuian Goodra),-5,8,-5,21,52,17,3548
836,Klefki,-28,-12,-14,-9,-11,32,2350
837,Phantump,-42,-22,-57,-39,-38,-5,8487
838,Trevenant,0,18,-29,-24,-16,13,2166
839,Pumpkaboo (Small Size),-41,-26,-35,-45,-43,13,7625
840,Pumpkaboo (Average Size),-36,-26,-35,-45,-43,8,7135
841,Pumpkaboo (Large Size),-31,-26,-35,-45,-43,3,6745
842,Pumpkaboo (Super Size),-26,-26,-35,-45,-43,-2,6455
843,Gourgeist (Small Size),-30,-7,17,-31,-23,56,5864
844,Gourgeist (Average Size),-20,-2,17,-31,-23,41,3864
845,Gourgeist (Large Size),-10,3,17,-31,-23,26,2564
846,Gourgeist (Super Size),0,8,17,-31,-23,11,1964
847,Bergmite,-30,-23,-20,-57,-63,-15,9272
848,Avalugg,10,25,79,-45,-52,-15,11920
849,Avalugg (Hisuian Avalugg),10,35,79,-55,-62,-5,14460
850,Noibat,-45,-62,-70,-44,-58,12,16213
851,Noivern,0,-22,-25,8,-18,80,7897
852,Xerneas,41,39,-10,42,0,56,8202
853,Yveltal,41,39,-10,42,0,56,8202
854,Zygarde (50% Forme),23,8,16,-8,-3,52,3626
855,Zygarde (10% Forme),-31,8,-34,-28,-13,72,8318
856,Zygarde (Complete Forme),131,8,16,2,-3,42,19258
857,Diancie,-35,8,45,11,52,7,6188
858,Diancie (Mega Diancie),-35,68,5,71,12,67,15548
859,Hoopa (Hoopa Confined),-5,18,-45,61,32,27,7848
860,Hoopa (Hoopa Unbound),-5,68,-45,81,32,37,15628
861,Volcanion,-5,18,15,41,-8,27,3048
862,Rowlet,-17,-37,-50,-39,-48,-1,7984
863,Dartrix,-7,-17,-30,-19,-28,9,2464
864,Decidueye,-7,15,-30,11,2,27,2028
865,Decidueye (Hisuian Decidueye),3,20,-25,6,-3,17,1368
866,Litten,-40,-27,-65,-29,-58,27,11488
867,Torracat,-20,-7,-55,-9,-48,47,8068
868,Incineroar,10,23,-15,-9,-8,17,1288
869,Popplio,-35,-38,-51,-23,-42,-3,7572
870,Brionne,-25,-23,-36,2,-17,7,2792
871,Primarina,-5,-18,-31,37,18,17,3292
872,Pikipek,-50,-17,-75,-59,-68,22,17003
873,Trumbeak,-30,-7,-55,-49,-48,32,9703
874,Toucannon,-5,28,-30,-14,-23,17,2723
875,Yungoos,-37,-22,-75,-59,-68,2,15587
876,Gumshoos,3,18,-45,-34,-38,2,4962
877,Grubbin,-38,-30,-60,-34,-53,3,9918
878,Charjabug,-28,-10,-10,-34,-23,-7,2718
879,Vikavolt,-8,-22,-15,56,-23,0,4438
880,Crabrawler,-38,-10,-48,-47,-51,20,9058
881,Crabominable,12,40,-28,-27,-31,0,4218
882,Oricorio,-10,-22,-35,9,-28,50,5174
883,Cutiefly,-45,-47,-65,-34,-58,41,14660
884,Ribombee,-25,-37,-45,6,-28,81,11400
885,Rockruff,-40,-27,-65,-59,-58,17,13688
886,Lycanroc (Midday Form),-10,23,-40,-34,-33,69,9235
887,Lycanroc (Midnight Form),0,23,-30,-34,-23,39,4635
888,Lycanroc (Dusk Form),-10,25,-40,-34,-33,67,9059
889,Wishiwashi (Solo Form),-40,-72,-85,-64,-73,-3,23443
890,Wishiwashi (School Form),-40,48,25,51,37,-13,8668
891,Mareanie,-35,-39,-43,-46,-46,2,8831
892,Toxapex,-35,-29,47,-36,44,-8,7571
893,Mudbray,-15,8,-35,-44,-43,2,5303
894,Mudsdale,15,33,-5,-34,-13,-8,2728
895,Dewpider,-47,-52,-53,-49,-26,-16,11055
896,Araquanid,-17,-22,-13,-39,34,-1,3620
897,Fomantis,-45,-37,-70,-39,-63,-8,13848
898,Lurantis,-15,13,-15,-9,-8,2,768
899,Morelull,-45,-57,-50,-24,-23,-28,9663
900,Shiinotic,-25,-47,-25,1,2,-13,3633
901,Salandit,-37,-48,-65,-18,-58,34,12742
902,Salazzle,-17,-28,-45,22,-38,74,10502
903,Stufful,-15,-17,-55,-44,-48,7,7828
904,Bewear,35,33,-25,-34,-38,17,5828
905,Bounsweet,-43,-62,-67,-59,-60,-11,17384
906,Steenee,-33,-52,-57,-49,-50,19,12304
907,Tsareena,-13,28,-7,-39,0,29,3364
908,Comfey,-34,-40,-15,-7,12,57,6423
909,Oranguru,5,-32,-25,1,12,17,2108
910,Passimian,15,28,-15,-49,-38,37,6448
911,Wimpod,-60,-57,-65,-69,-68,37,21828
912,Golisopod,-10,33,35,-29,-8,-3,3328
913,Sandygast,-30,-37,-25,-19,-53,-28,6848
914,Palossand,0,-17,5,11,-23,-8,1028
915,Pyukumuku,-30,-32,25,-59,32,-38,8498
916,Type: Null,10,3,-10,6,-3,16,510
917,Silvally,10,3,-10,6,-3,52,2958
918,Minior (Meteor Form),-25,-32,-5,-29,2,17,2808
919,Minior (Core),-25,8,-45,11,-38,77,10208
920,Komala,-20,23,-40,-14,-3,22,3218
921,Turtonator,-25,-14,30,2,-13,-7,1943
922,Togedemaru,-20,6,-42,-49,-25,53,8035
923,Mimikyu,-30,-2,-25,-39,7,53,5908
924,Bruxish,-17,13,-35,-19,-28,49,5229
925,Drampa,-7,-32,-20,46,-7,-7,3687
926,Dhelmise,-15,39,-5,-3,-8,-3,1853
927,Jangmo-o,-40,-37,-40,-44,-53,2,9318
928,Hakamo-o,-30,-17,-15,-24,-28,22,3258
929,Kommo-o,-10,18,20,11,7,42,2758
930,Tapu Koko,-15,23,-20,6,-23,87,9288
931,Tapu Lele,-15,-7,-30,41,17,52,5848
932,Tapu Bulu,-15,38,10,-4,-3,32,2818
933,Tapu Fini,-15,-17,10,6,32,42,3438
934,Cosmog,-42,-63,-74,-60,-67,-6,19334
935,Cosmoem,-42,-63,26,-60,33,-6,11134
936,Solgaleo,52,45,2,24,-9,54,8306
937,Lunala,52,21,-16,48,9,54,8702
938,Nihilego,24,-39,-58,38,33,60,11594
939,Buzzwole,22,47,34,-36,-45,36,8466
940,Pheromosa,-14,45,-68,48,-61,108,24534
941,Xurkitree,-2,-3,-34,84,-27,40,10554
942,Celesteela,12,9,-2,18,3,18,886
943,Kartana,-26,89,26,-30,-67,66,19018
944,Guzzlord,138,9,-52,8,-45,0,23918
945,Necrozma,12,15,-4,38,-9,36,3206
946,Necrozma (Dusk Mane Necrozma),12,65,22,24,11,34,6706
947,Necrozma (Dawn Wings Necrozma),12,21,4,68,29,34,7222
948,Necrozma (Ultra Necrozma),12,75,-8,78,-1,86,19314
949,Magearna,-5,3,10,41,17,22,2588
950,Marshadow,5,33,-25,1,-8,82,8528
951,Poipole,-18,-19,-38,-16,-31,30,4246
952,Naganadel,-12,-19,-32,38,-25,78,9682
953,Stakataka,-24,39,106,-36,3,-30,15538
954,Blacephalon,-32,35,-52,62,-19,64,13254
955,Zeraora,3,20,-30,13,-18,100,11802
956,Meltan,-39,-27,-40,-34,-63,-9,9056
957,Melmetal,50,51,38,-9,-33,-9,7796
958,Grookey,-35,-27,-55,-49,-58,22,11228
959,Thwackey,-15,-7,-35,-34,-38,37,5468
960,Rillaboom,15,33,-15,-29,-28,42,4928
961,Scorbunny,-35,-21,-65,-49,-58,26,12332
962,Raboot,-20,-6,-45,-34,-38,51,7662
963,Cinderace,-5,24,-30,-24,-23,76,8382
964,Sobble,-35,-52,-65,-19,-58,27,12608
965,Drizzile,-20,-32,-50,6,-43,47,8018
966,Inteleon,-15,-7,-40,36,-33,77,10188
967,Skwovet,-15,-37,-50,-54,-63,-18,11303
968,Greedent,35,3,-10,-34,-23,-23,3548
969,Rookidee,-47,-45,-70,-56,-63,14,16435
970,Corvisquire,-17,-25,-50,-46,-43,34,8535
971,Corviknight,13,-5,0,-36,-13,24,2235
972,Blipbug,-60,-72,-85,-64,-53,2,22918
973,Dottler,-35,-57,-25,-39,-8,-13,6853
974,Orbeetle,-25,-47,5,-9,22,47,5633
975,Nickit,-45,-64,-77,-42,-46,7,15979
976,Thievul,-15,-34,-47,-2,-6,47,5839
977,Gossifleur,-45,-52,-45,-49,-38,-33,11688
978,Eldegoss,-25,-42,-15,-9,22,17,3468
979,Wooloo,-43,-52,-50,-49,-53,5,12288
980,Dubwool,-13,-12,-5,-29,-8,45,3268
981,Chewtle,-35,-28,-55,-51,-60,1,11236
982,Drednaw,5,23,-15,-41,-30,31,4321
983,Yamper,-26,-47,-55,-49,-48,-17,10904
984,Boltund,-16,-2,-45,1,-38,78,9814
985,Rolycoly,-55,-52,-55,-49,-48,-13,13628
986,Carkol,-5,-32,-15,-29,-28,7,2948
987,Coalossal,25,-12,15,-9,-8,-13,1308
988,Applin,-45,-52,-25,-49,-58,-23,11648
989,Flapple,-15,18,-25,6,-38,27,3383
990,Appletun,25,-7,-25,11,-18,-13,1913
991,Silicobra,-33,-35,-30,-54,-48,3,8443
992,Sandaconda,-13,15,20,-24,-28,28,2938
993,Cramorant,-15,-7,-50,-4,-3,42,4563
994,Arrokuda,-44,-29,-65,-49,-68,23,14556
995,Barraskewda,-24,31,-45,-29,-48,93,15356
996,Toxel,-45,-54,-70,-35,-63,-3,15044
997,Toxtricity,-10,6,-35,25,-28,32,3794
998,Sizzlipede,-35,-27,-60,-39,-48,2,9383
999,Centiskorch,15,23,-40,1,-8,22,2903
1000,Clobbopus,-35,-24,-45,-39,-48,-11,7772
1001,Grapploct,-5,26,-15,-19,-18,-1,1612
1002,Sinistea,-45,-47,-60,-15,-44,7,10044
1003,Polteageist,-25,-27,-40,45,16,27,5964
1004,Hatenna,-43,-62,-60,-33,-45,-4,12423
1005,Hattrem,-28,-52,-40,-3,-25,6,5758
1006,Hatterene,-28,-2,-10,47,5,-14,3318
1007,Impidimp,-40,-47,-75,-34,-58,7,14003
1008,Morgrem,-20,-32,-60,-14,-43,27,7798
1009,Grimmsnarl,10,28,-40,6,-23,17,3338
1010,Obstagoon,8,-2,-4,-29,-17,52,3918
1011,Perrserker,-15,18,-5,-39,-38,7,3588
1012,Cursola,-25,3,-55,56,32,-13,7988
1013,Sirfetch'd,-23,43,-10,-21,-16,22,3659
1014,Mr. Rime,-5,-7,-30,21,2,27,2148
1015,Runerigus,-27,3,40,-39,7,-13,4077
1016,Milcery,-40,-52,-65,-39,-37,-9,11500
1017,Alcremie,-20,-32,-30,21,23,21,3735
1018,Falinks,-20,8,-5,-19,-38,32,3318
1019,Pincurchin,-37,9,-10,2,-13,-28,2507
1020,Snom,-55,-67,-70,-44,-68,-23,19503
1021,Frosmoth,-15,-27,-45,36,-8,22,4823
1022,Stonjourner,15,33,30,-69,-78,27,13788
1023,Eiscue (Ice Face),-10,-12,5,-24,-8,7,958
1024,Eiscue (Noice Face),-10,-12,-35,-24,-48,87,11918
1025,Indeedee (Male),-25,-27,-50,16,-3,52,6823
1026,Indeedee (Female),-15,-37,-40,6,7,42,5043
1027,Morpeko,-27,3,-47,-19,-40,54,7824
1028,Cufant,-13,-12,-56,-49,-49,-3,8260
1029,Copperajah,37,38,-36,-9,-29,-13,5200
1030,Dracozolt,5,8,-15,-9,-28,32,2203
1031,Arctozolt,5,8,-15,1,-18,12,783
1032,Dracovish,5,-2,-5,-19,-18,32,1763
1033,Arctovish,5,-2,-5,-9,-8,12,343
1034,Duraludon,-15,3,10,31,-48,42,5363
1035,Dreepy,-57,-32,-75,-49,-68,39,18444
1036,Drakloak,-17,-12,-55,-29,-48,59,10084
1037,Dragapult,3,28,-30,11,-23,99,12144
1038,Zacian (Hero of Many Battles),7,28,10,-9,17,95,10328
1039,Zacian (Crowned Sword),7,58,10,-9,17,105,14908
1040,Zamazenta (Hero of Many Battles),7,28,10,-9,17,95,10328
1041,Zamazenta (Crowned Shield),7,28,35,-9,42,85,11128
1042,Eternatus,55,-7,-10,56,-3,87,13888
1043,Eternatus (Eternamax Eternatus),170,23,145,36,152,87,82423
1044,Kubfu,-25,-2,-45,-36,-48,29,7095
1045,Urshifu,15,38,-5,-26,-38,54,6730
1046,Zarude,20,28,0,-19,-3,62,5398
1047,Regieleki,-5,8,-55,11,-48,157,30188
1048,Regidrago,115,8,-55,11,-48,37,20108
1049,Glastrier,15,53,25,-24,12,-13,4548
1050,Spectrier,15,-27,-45,56,-18,87,14008
1051,Calyrex,15,-12,-25,-9,-18,37,2768
1052,Calyrex (Ice Rider Calyrex),15,73,45,-4,32,7,8668
1053,Calyrex (Shadow Rider Calyrex),15,-7,-25,76,2,107,18128
1054,Wyrdeer,18,13,-33,16,-23,22,2851
1055,Kleavor,-15,43,-10,-44,-28,42,6658
1056,Ursaluna,45,48,0,-44,-18,7,6638
1057,Basculegion (Male),35,20,-40,-9,-23,35,5060
1058,Basculegion (Female),35,0,-40,11,-23,35,4700
1059,Sneasler,-5,38,-45,-49,-18,77,12148
1060,Overqwil,0,23,-10,-24,-33,42,4058
1061,Enamorus (Incarnate Forme),-11,23,-35,46,-18,63,8284
1062,Enamorus (Therian Forme),-11,23,5,46,2,3,2804
1063,Sprigatito,-45,-31,-51,-44,-53,22,10816
1064,Floragato,-24,-12,-42,-29,-35,40,6150
1065,Meowscarada,-9,18,-35,-8,-28,80,8878
1066,Fuecoco,-18,-47,-46,-26,-58,-7,8738
1067,Crocalor,-4,-37,-27,1,-40,6,3751
1068,Skeledirge,19,-17,-5,21,-23,23,2174
1069,Quaxly,-30,-27,-60,-39,-53,7,9608
1070,Quaxwell,-15,-7,-40,-24,-38,22,4378
1071,Quaquaval,0,28,-25,-4,-23,42,3718
1072,Lechonk,-31,-47,-65,-54,-53,-8,13184
1073,Oinkologne (Male),25,8,-30,-30,-18,22,3297
1074,Oinkologne (Female),30,-2,-35,-30,-8,22,3577
1075,Tarountula,-50,-51,-60,-60,-58,-23,16194
1076,Spidops,-25,-13,-13,-37,-12,-8,2540
1077,Nymble,-52,-46,-65,-68,-73,2,19002
1078,Lokix,-14,10,-27,-37,-43,49,6644
1079,Pawmi,-40,-42,-85,-49,-73,17,18608
1080,Pawmo,-25,-17,-65,-39,-58,42,11788
1081,Pawmot,-15,23,-35,-19,-38,62,7628
1082,Tandemaus,-35,-42,-60,-49,-53,32,12823
1083,Maushold,-11,-17,-35,-24,-23,68,7364
1084,Fidough,-48,-37,-35,-59,-43,22,10712
1085,Dachsbun,-28,-12,10,-39,-18,52,5577
1086,Smoliv,-44,-57,-60,-31,-47,-13,12124
1087,Dolliv,-33,-39,-45,-11,-20,-10,5256
1088,Arboliva,-7,-23,-15,36,11,-4,2236
1089,Squawkabilly,-3,4,-54,-44,-47,49,9487
1090,Nacli,-30,-37,-30,-54,-63,-18,10378
1091,Naclstack,-25,-32,-5,-54,-33,-8,5743
1092,Garganacl,15,8,25,-44,-8,-8,2978
1093,Charcadet,-45,-42,-65,-39,-58,-8,12963
1094,Armarouge,0,-32,-5,36,-18,32,3693
1095,Ceruledge,-10,33,-25,-29,2,42,4423
1096,Tadbulb,-24,-61,-64,-30,-63,2,13266
1097,Bellibolt,24,-28,-14,14,-15,2,1981
1098,Wattrel,-45,-52,-70,-34,-58,27,14878
1099,Kilowattrel,-15,-22,-45,16,-38,82,11158
1100,Maschiff,-25,-14,-45,-49,-47,8,7520
1101,Mabosstiff,-5,28,-15,-29,-28,42,4423
1102,Shroodle,-45,-27,-70,-49,-63,32,15048
1103,Grafaiai,-22,3,-40,-9,-26,67,7339
1104,Bramblin,-45,-27,-75,-44,-63,17,14573
1105,Brambleghast,-30,23,-35,-9,-28,47,5728
1106,Toedscool,-45,-52,-70,-39,2,27,11883
1107,Toedscruel,-5,-22,-40,-9,22,57,5923
1108,Klawf,-15,8,10,-54,-43,32,6178
1109,Capsakid,-35,-30,-65,-27,-58,7,10492
1110,Scovillain,-20,16,-40,19,-33,32,4730
1111,Rellor,-44,-42,-45,-58,-40,-13,10858
1112,Rabsca,-10,-42,-20,26,2,2,2948
1113,Flittle,-55,-57,-75,-34,-68,32,18703
1114,Espathra,10,-32,-45,12,-38,62,8581
1115,Tinkatink,-35,-47,-60,-54,-34,15,11331
1116,Tinkatuff,-20,-37,-50,-44,-16,35,7686
1117,Tinkaton,0,-17,-28,-19,7,51,4084
1118,Wiglett,-75,-37,-80,-54,-73,52,24343
1119,Wugtrio,-50,8,-55,-39,-28,77,13823
1120,Bombirdier,-15,11,-20,-29,-13,39,3277
1121,Finizen,-15,-47,-65,-44,-58,32,12983
1122,Palafin,15,-22,-33,-36,-36,57,7639
1123,Palafin,15,68,-8,17,-11,57,8572
1124,Varoom,-40,-22,-42,-59,-53,4,10154
1125,Revavroom,-5,27,-15,-35,-31,47,5374
1126,Cyclizar,-15,3,-40,-4,-33,78,9023
1127,Orthworm,-15,-7,40,-29,-43,22,5048
1128,Glimmet,-37,-57,-63,16,-38,17,10576
1129,Glimmora,-2,-37,-15,41,-17,43,5417
1130,Greavard,-35,-31,-45,-59,-43,-9,9622
1131,Houndstone,-13,9,-5,-39,-1,25,2422
1132,Flamigo,-3,23,-31,-14,-34,47,5060
1133,Cetoddle,23,-24,-60,-59,-58,0,11550
1134,Cetitan,85,21,-40,-44,-43,30,13951
1135,Veluza,5,10,-32,-11,-33,27,3088
1136,Dondozo,65,8,10,-24,-33,-8,6118
1137,Tatsugiri,-17,-42,-45,31,-3,39,6569
1138,Annihilape,25,23,-25,-39,-8,47,5573
1139,Clodsire,45,-17,-45,-44,2,-23,6808
1140,Farigiraf,35,-2,-35,21,-28,17,3968
1141,Dudunsparce,40,8,-25,-4,-23,12,2978
1142,Kingambit,15,43,15,-29,-13,7,3358
1143,Great Tusk,30,39,26,-36,-45,44,8354
1144,Scream Tail,30,-27,-6,-24,17,68,7154
1145,Brute Bonnet,26,35,-6,-10,1,12,2182
1146,Flutter Mane,-30,-37,-50,46,37,92,16718
1147,Slither Wing,0,43,-26,-4,7,38,4034
1148,Sandy Shocks,0,-11,-8,32,-13,58,4742
1149,Iron Treads,5,20,15,-17,-28,63,5692
1150,Iron Bundle,-29,-12,9,35,-38,93,12384
1151,Iron Hands,69,48,3,-39,-30,7,9544
1152,Iron Jugulis,9,-12,-19,33,-18,65,6224
1153,Iron Moth,-5,-22,-45,51,12,67,9768
1154,Iron Thorns,15,42,5,-19,-14,29,3412
1155,Frigibax,-20,-17,-60,-54,-53,12,10158
1156,Arctibax,5,3,-39,-44,-33,19,4941
1157,Baxcalibur,30,53,-13,-14,-12,44,6154
1158,Gimmighoul (Chest Form),-40,-62,-35,-14,-28,-33,8738
1159,Gimmighoul (Roaming Form),-40,-62,-80,-14,-53,37,16218
1160,Gholdengo,2,-32,-10,44,-7,41,4794
1161,Wo-Chien,0,-7,-5,6,37,27,2208
1162,Chien-Pao,-5,28,-25,1,-33,92,10988
1163,Ting-Lu,70,18,20,-34,-18,2,7108
1164,Chi-Yu,-30,-12,-25,46,22,57,7518
1165,Roaring Moon,20,47,-34,-34,3,76,10706
1166,Iron Valiant,-11,38,-15,31,-38,73,9524
1167,Koraidon,15,43,10,-4,2,92,10658
1168,Miraidon,15,-7,-5,46,17,92,11168
