Levin Lee vs. Pokemon SSE,pokemon,D_HP,D_ATK,D_DEF,D_SPA,D_SPD,D_SPE,SSE
0,Bulbasaur,-31,-71,-65,-23,-43,5,12630
1,Ivysaur,-16,-58,-51,-8,-28,20,7469
2,Venusaur,4,-38,-31,12,-8,40,4229
3,Venusaur (Mega Venusaur),4,-20,9,34,12,40,3397
4,Charmander,-37,-68,-71,-28,-58,25,15807
5,Charmeleon,-18,-56,-56,-8,-43,40,10109
6,Charizard,2,-36,-36,21,-23,60,7166
7,Charizard (Mega Charizard X),2,10,-3,42,-23,60,6006
8,Charizard (Mega Charizard Y),2,-16,-36,71,7,60,10246
9,Squirtle,-32,-72,-49,-38,-44,3,11998
10,Wartortle,-17,-57,-34,-23,-28,18,6331
11,Blastoise,3,-37,-14,-3,-3,38,3036
12,Blastoise (Mega Blastoise),3,-17,6,47,7,38,4036
13,Caterpie,-31,-90,-79,-68,-88,5,27695
14,Metapod,-26,-100,-59,-63,-83,-10,25115
15,Butterfree,-16,-75,-64,2,-28,30,11665
16,Weedle,-36,-85,-84,-68,-88,10,28045
17,Kakuna,-31,-95,-64,-63,-83,-5,24965
18,Beedrill,-11,-30,-74,-43,-28,35,10355
19,Beedrill (Mega Beedrill),-11,30,-74,-73,-28,105,23635
20,Pidgey,-36,-75,-74,-53,-73,16,20791
21,Pidgeotto,-13,-60,-59,-38,-58,31,13019
22,Pidgeot,7,-40,-39,-18,-38,61,8659
23,Pidgeot (Mega Pidgeot),7,-40,-34,47,-28,81,12359
24,Rattata,-46,-64,-79,-63,-73,32,22775
25,Rattata (Alolan Rattata),-46,-64,-79,-63,-73,32,22775
26,Raticate,-21,-39,-54,-38,-38,57,11015
27,Raticate (Alolan Raticate),-1,-49,-44,-48,-28,37,8795
28,Spearow,-36,-60,-84,-57,-77,30,22030
29,Fearow,-11,-30,-49,-27,-47,60,9960
30,Ekans,-41,-60,-70,-48,-54,15,15626
31,Arbok,-16,-25,-45,-23,-29,40,5876
32,Pikachu,-41,-65,-74,-38,-58,50,18690
33,Pikachu (Partner Pikachu),-31,-40,-64,-13,-48,80,15530
34,Raichu,-16,-30,-59,2,-28,70,10325
35,Raichu (Alolan Raichu),-16,-35,-64,7,-23,70,11055
36,Sandshrew,-26,-45,-29,-68,-78,0,14250
37,Sandshrew (Alolan Sandshrew),-26,-45,-24,-78,-73,0,14690
38,Sandslash,-1,-20,-4,-43,-53,25,5700
39,Sandslash (Alolan Sandslash),-1,-20,6,-63,-43,25,6880
40,Nidoran♀,-21,-73,-62,-48,-68,1,16543
41,Nidorina,-6,-58,-47,-33,-53,16,9763
42,Nidoqueen,14,-28,-27,-13,-23,36,3703
43,Nidoran♂,-30,-63,-74,-48,-68,10,17373
44,Nidorino,-15,-48,-57,-33,-53,25,10301
45,Nidoking,5,-18,-37,-3,-33,45,4841
46,Clefairy,-6,-75,-66,-28,-43,-5,12675
47,Clefable,19,-50,-41,7,-18,20,5315
48,Vulpix,-38,-79,-74,-38,-43,25,17079
49,Vulpix (Alolan Vulpix),-38,-79,-74,-38,-43,25,17079
50,Ninetales,-3,-44,-39,-7,-8,60,7179
51,Ninetales (Alolan Ninetales),-3,-53,-39,-7,-8,69,9213
52,Jigglypuff,39,-75,-94,-43,-83,-20,25120
53,Wigglytuff,64,-50,-69,-3,-58,5,14755
54,Zubat,-36,-75,-79,-58,-68,15,21375
55,Golbat,-1,-40,-44,-23,-33,50,7655
56,Oddish,-31,-70,-59,-13,-43,-10,11460
57,Gloom,-16,-55,-44,-3,-33,0,6315
58,Vileplume,-1,-40,-29,22,-18,10,3350
59,Paras,-41,-50,-59,-43,-53,-15,12545
60,Parasect,-16,-25,-34,-28,-28,-10,3705
61,Venonat,-16,-65,-64,-48,-53,5,13715
62,Venomoth,-6,-55,-54,2,-33,50,9570
63,Diglett,-66,-65,-89,-53,-63,55,26305
64,Diglett (Alolan Diglett),-66,-65,-84,-53,-63,50,24915
65,Dugtrio,-41,-20,-64,-38,-38,80,15465
66,Dugtrio (Alolan Dugtrio),-41,-20,-54,-38,-38,70,12785
67,Meowth,-36,-75,-79,-48,-68,50,22590
68,Meowth (Alolan Meowth),-36,-85,-79,-38,-68,50,23330
69,Meowth (Galarian Meowth),-26,-55,-59,-48,-68,0,14110
70,Persian,-11,-50,-54,-23,-43,75,13540
71,Persian (Alolan Persian),-11,-60,-54,-13,-43,75,14280
72,Psyduck,-26,-68,-66,-23,-58,15,13774
73,Golduck,4,-38,-36,7,-28,45,5614
74,Mankey,-36,-40,-79,-53,-63,30,16815
75,Primeape,-11,-15,-54,-28,-38,55,8515
76,Growlithe,-21,-50,-69,-18,-58,20,11790
77,Growlithe (Hisuian Growlithe),-16,-45,-69,-23,-58,15,11160
78,Arcanine,14,-10,-34,12,-28,55,5405
79,Arcanine (Hisuian Arcanine),19,-5,-34,7,-28,50,4875
80,Poliwag,-36,-70,-74,-48,-68,50,21100
81,Poliwhirl,-11,-55,-49,-38,-58,50,12855
82,Poliwrath,14,-25,-19,-18,-18,30,2730
83,Abra,-51,-100,-99,17,-53,50,28000
84,Kadabra,-36,-85,-84,32,-38,65,22270
85,Alakazam,-21,-70,-69,47,-13,80,18880
86,Alakazam (Mega Alakazam),-21,-70,-49,87,-3,110,27420
87,Machop,-6,-40,-64,-53,-73,-5,13895
88,Machoke,4,-20,-44,-38,-48,5,6125
89,Machamp,14,10,-34,-23,-23,15,2735
90,Bellsprout,-26,-45,-79,-18,-78,0,15350
91,Weepinbell,-11,-30,-64,-3,-63,15,9320
92,Victreebel,4,-15,-49,12,-38,30,5130
93,Tentacool,-36,-80,-79,-38,-8,30,16345
94,Tentacruel,4,-50,-49,-8,12,60,8725
95,Geodude,-36,-40,-14,-58,-78,-20,12940
96,Geodude (Alolan Geodude),-36,-40,-14,-58,-78,-20,12940
97,Graveler,-21,-25,1,-43,-63,-5,6910
98,Graveler (Alolan Graveler),-21,-25,1,-43,-63,-5,6910
99,Golem,4,0,16,-33,-43,5,3235
100,Golem (Alolan Golem),4,0,16,-33,-43,5,3235
101,Ponyta,-26,-35,-59,-23,-43,50,10260
102,Ponyta (Galarian Ponyta),-26,-35,-59,-23,-43,50,10260
103,Rapidash,-11,-20,-44,-8,-28,65,7530
104,Rapidash (Galarian Rapidash),-11,-20,-44,-8,-28,65,7530
105,Slowpoke,14,-55,-49,-48,-68,-25,13175
106,Slowpoke (Galarian Slowpoke),14,-55,-49,-48,-68,-25,13175
107,Slowbro,19,-45,-4,12,-28,-10,3430
108,Slowbro (Mega Slowbro),19,-45,66,42,-28,-10,9390
109,Slowbro (Galarian Slowbro),19,-20,-19,12,-38,-10,2810
110,Magnemite,-51,-85,-44,7,-53,5,14645
111,Magneton,-26,-60,-19,32,-38,30,8005
112,Farfetch'd,-24,-30,-59,-30,-46,20,8373
113,Farfetch'd (Galarian Farfetch'd),-24,-25,-59,-30,-46,15,7923
114,Doduo,-41,-35,-69,-53,-73,35,17030
115,Dodrio,-16,-10,-44,-28,-48,70,10280
116,Seel,-11,-75,-59,-43,-38,5,12545
117,Dewgong,14,-50,-34,-18,-13,30,5245
118,Grimer,4,-40,-64,-48,-58,-15,11605
119,Grimer (Alolan Grimer),4,-40,-64,-48,-58,-15,11605
120,Muk,29,-15,-39,-23,-8,10,3280
121,Muk (Alolan Muk),29,-15,-39,-23,-8,10,3280
122,Shellder,-46,-55,-14,-43,-83,0,14075
123,Cloyster,-26,-25,66,-3,-63,30,10535
124,Gastly,-46,-85,-84,12,-73,40,23470
125,Haunter,-31,-70,-69,27,-53,55,17185
126,Gengar,-16,-55,-54,42,-33,70,13950
127,Gengar (Mega Gengar),-16,-55,-34,82,-13,90,19430
128,Onix,-41,-75,46,-58,-63,30,17655
129,Drowzee,-16,-72,-69,-45,-18,2,12554
130,Hypno,9,-47,-44,-15,7,27,5229
131,Krabby,-46,-15,-24,-63,-83,10,13875
132,Kingler,-21,10,1,-38,-58,35,6575
133,Voltorb,-36,-90,-64,-33,-53,60,20990
134,Voltorb (Hisuian Voltorb),-36,-90,-64,-33,-53,60,20990
135,Electrode,-16,-70,-44,-8,-28,110,20040
136,Electrode (Hisuian Electrode),-16,-70,-44,-8,-28,110,20040
137,Exeggcute,-16,-80,-34,-28,-63,0,12565
138,Exeggutor,19,-25,-29,37,-33,15,4510
139,Exeggutor (Alolan Exeggutor),19,-15,-29,37,-33,5,3910
140,Cubone,-26,-70,-19,-48,-58,-5,11630
141,Marowak,-16,-40,-4,-38,-28,5,4125
142,Marowak (Alolan Marowak),-16,-40,-4,-38,-28,5,4125
143,Hitmonlee,-26,0,-61,-53,2,47,9419
144,Hitmonchan,-26,-15,-35,-53,2,36,6235
145,Lickitung,14,-65,-39,-28,-33,-10,7915
146,Koffing,-36,-55,-19,-28,-63,-5,9460
147,Weezing,-11,-30,6,-3,-38,20,2910
148,Weezing (Galarian Weezing),-11,-30,6,-3,-38,20,2910
149,Rhyhorn,4,-35,-19,-58,-78,-15,11275
150,Rhydon,29,10,6,-43,-63,0,6795
151,Chansey,174,-115,-109,-53,-3,10,58300
152,Tangela,-11,-65,1,12,-68,20,9515
153,Kangaskhan,29,-25,-34,-48,-28,50,8210
154,Kangaskhan (Mega Kangaskhan),29,5,-14,-28,-8,60,5510
155,Horsea,-46,-80,-44,-18,-83,20,18065
156,Seadra,-21,-55,-19,7,-63,45,9870
157,Goldeen,-31,-53,-54,-53,-58,23,13388
158,Seaking,4,-28,-49,-23,-28,28,5298
159,Staryu,-46,-75,-59,-18,-53,45,16380
160,Starmie,-16,-45,-29,12,-23,75,9420
161,Mr. Mime,-36,-75,-49,12,12,50,12110
162,Mr. Mime (Galarian Mr. Mime),-26,-55,-49,2,-18,60,10030
163,Scyther,-6,-10,-34,-33,-28,65,7390
164,Jynx,-11,-70,-79,27,-13,55,15185
165,Electabuzz,-11,-37,-57,7,-23,65,9542
166,Magmar,-11,-25,-57,12,-23,53,7477
167,Pinsir,-11,5,-14,-33,-38,45,4900
168,Pinsir (Mega Pinsir),-11,35,6,-23,-18,65,6460
169,Tauros,-1,-20,-19,-48,-38,70,9410
170,Tauros (Paldean Tauros (Combat Breed)),-1,-10,-9,-58,-38,60,8590
171,Tauros (Paldean Tauros (Blaze Breed)),-1,-10,-9,-58,-38,60,8590
172,Tauros (Paldean Tauros (Aqua Breed)),-1,-10,-9,-58,-38,60,8590
173,Magikarp,-56,-110,-59,-73,-88,40,33390
174,Gyarados,19,5,-35,-28,-8,41,4140
175,Gyarados (Mega Gyarados),19,35,-5,-18,22,41,4100
176,Lapras,54,-35,-34,-3,-13,20,5875
177,Ditto,-28,-72,-66,-40,-60,8,15588
178,Eevee,-21,-65,-64,-43,-43,15,12685
179,Eevee (Partner Eevee),-11,-45,-44,-23,-23,35,6365
180,Vaporeon,54,-55,-54,22,-13,25,10135
181,Jolteon,-11,-55,-54,22,-13,90,14815
182,Flareon,-11,10,-54,7,2,25,3815
183,Porygon,-11,-60,-44,-3,-33,0,6755
184,Omanyte,-41,-80,-14,2,-53,-5,11115
185,Omastar,-6,-60,11,27,-38,15,6155
186,Kabuto,-46,-40,-24,-33,-63,15,9575
187,Kabutops,-16,-5,-9,-23,-38,40,3935
188,Aerodactyl,4,-15,-49,-28,-33,90,12615
189,Aerodactyl (Mega Aerodactyl),4,15,-29,-18,-13,110,13675
190,Snorlax,84,-10,-49,-23,2,-10,10190
191,Articuno,14,-35,-14,7,17,45,3980
192,Articuno (Galarian Articuno),14,-35,-29,37,-8,55,6720
193,Zapdos,14,-30,-29,37,-18,60,7230
194,Zapdos (Galarian Zapdos),14,5,-24,-3,-18,60,4730
195,Moltres,14,-20,-24,37,-23,50,5570
196,Moltres (Galarian Moltres),14,-35,-24,12,17,50,4930
197,Dratini,-35,-56,-69,-38,-58,10,14030
198,Dragonair,-15,-36,-49,-18,-38,30,6590
199,Dragonite,15,14,-19,12,-8,40,2590
200,Mewtwo,30,-10,-24,66,-18,90,14356
201,Mewtwo (Mega Mewtwo X),30,70,-14,66,-8,90,18516
202,Mewtwo (Mega Mewtwo Y),30,30,-44,106,12,100,25116
203,Mew,24,-20,-14,12,-8,60,4980
204,Chikorita,-31,-71,-49,-39,-43,5,11798
205,Bayleef,-16,-58,-34,-25,-28,20,6585
206,Meganium,4,-38,-14,-5,-8,40,3345
207,Cyndaquil,-37,-68,-71,-28,-58,25,15807
208,Quilava,-18,-56,-56,-8,-43,40,10109
209,Typhlosion,2,-36,-36,21,-23,60,7166
210,Typhlosion (Hisuian Typhlosion),-3,-36,-36,31,-23,55,7116
211,Totodile,-26,-55,-50,-44,-60,3,11746
212,Croconaw,-11,-40,-34,-29,-45,18,6067
213,Feraligatr,9,-15,-14,-9,-25,38,2652
214,Sentret,-41,-74,-80,-53,-63,-20,20735
215,Furret,9,-44,-50,-43,-53,50,11675
216,Hoothoot,-16,-90,-84,-52,-52,10,20920
217,Noctowl,24,-70,-64,-2,-12,30,10620
218,Ledyba,-36,-100,-84,-48,-28,15,21665
219,Ledian,-21,-85,-64,-33,2,45,14880
220,Spinarak,-36,-60,-74,-48,-68,-10,17400
221,Ariados,-6,-30,-44,-28,-38,0,5100
222,Crobat,9,-30,-34,-18,-28,90,11345
223,Chinchou,-1,-82,-76,-32,-52,27,16958
224,Lanturn,49,-62,-56,-12,-32,27,11278
225,Pichu,-56,-80,-99,-53,-73,20,27875
226,Cleffa,-26,-95,-86,-43,-53,-25,22380
227,Igglybuff,14,-90,-99,-48,-88,-25,28770
228,Togepi,-41,-100,-49,-48,-43,-20,18635
229,Togetic,-21,-80,-29,-8,-3,0,7755
230,Natu,-36,-70,-69,-18,-63,30,16150
231,Xatu,-11,-45,-44,7,-38,55,8600
232,Mareep,-21,-80,-74,-23,-63,-5,16840
233,Flaaffy,-6,-65,-59,-8,-48,5,10135
234,Ampharos,14,-45,-29,27,-18,15,4340
235,Ampharos (Mega Ampharos),14,-25,-9,77,2,5,6860
236,Bellossom,-1,-40,-19,2,-8,10,2130
237,Marill,-6,-100,-64,-68,-58,0,22120
238,Azumarill,24,-70,-34,-28,-28,10,8300
239,Sudowoodo,-6,-20,1,-58,-43,-10,5750
240,Politoed,14,-45,-39,2,-8,30,4710
241,Hoppip,-41,-85,-74,-53,-53,10,20100
242,Skiploom,-21,-75,-64,-43,-43,40,15460
243,Jumpluff,-1,-65,-44,-33,-13,70,12320
244,Aipom,-21,-50,-59,-48,-53,45,13560
245,Sunkern,-46,-90,-84,-58,-78,-10,26820
246,Sunflora,-1,-45,-59,17,-23,-10,6425
247,Yanma,-11,-55,-69,-13,-63,55,15070
248,Wooper,-21,-75,-69,-63,-83,-25,22310
249,Wooper (Paldean Wooper),-21,-75,-69,-63,-83,-25,22310
250,Quagsire,19,-35,-29,-23,-43,-5,4830
251,Espeon,-11,-55,-54,42,-13,70,12895
252,Umbreon,19,-55,-4,-28,22,25,5295
253,Murkrow,-16,-35,-72,-3,-66,51,13631
254,Slowking,19,-45,-34,12,2,-10,3790
255,Slowking (Galarian Slowking),19,-55,-34,22,2,-10,5130
256,Misdreavus,-16,-60,-54,-3,-23,45,9335
257,Unown,-28,-48,-66,-16,-60,8,11364
258,Wobbuffet,114,-87,-56,-55,-50,-7,29275
259,Girafarig,-6,-40,-49,2,-43,45,7915
260,Pineco,-26,-55,-24,-53,-73,-25,13040
261,Forretress,-1,-30,26,-28,-48,0,4665
262,Dunsparce,24,-50,-44,-23,-43,5,7415
263,Gligar,-11,-45,-9,-53,-43,45,8910
264,Steelix,-1,-35,86,-33,-43,-10,11660
265,Steelix (Mega Steelix),-1,5,116,-33,-13,-10,14840
266,Snubbull,-16,-40,-64,-48,-68,-10,12980
267,Granbull,14,0,-39,-28,-48,5,4830
268,Qwilfish,-11,-25,-29,-33,-53,45,7510
269,Qwilfish (Hisuian Qwilfish),-11,-25,-29,-33,-53,45,7510
270,Scizor,-6,10,-14,-33,-28,25,2830
271,Scizor (Mega Scizor),-6,30,26,-23,-8,35,3430
272,Shuckle,-56,-110,116,-78,122,-35,50885
273,Heracross,4,5,-39,-48,-13,45,6060
274,Heracross (Mega Heracross),4,65,1,-48,-3,35,7780
275,Sneasel,-21,-25,-59,-53,-33,75,14070
276,Sneasel (Hisuian Sneasel),-21,-25,-59,-53,-33,75,14070
277,Teddiursa,-16,-40,-64,-38,-58,0,10760
278,Ursaring,14,10,-39,-13,-33,15,3300
279,Slugma,-36,-80,-74,-18,-68,-20,18520
280,Magcargo,-16,-70,6,2,-28,-10,6080
281,Swinub,-26,-70,-74,-58,-78,10,20600
282,Piloswine,24,-20,-34,-28,-48,10,5320
283,Corsola,-11,-65,-19,-23,-13,-5,5430
284,Corsola (Galarian Corsola),-16,-65,-14,-23,-8,-10,5370
285,Remoraid,-41,-55,-79,-23,-73,25,17430
286,Octillery,-1,-15,-39,17,-33,5,3150
287,Delibird,-31,-65,-69,-23,-63,35,15670
288,Mantine,9,-80,-44,-8,32,30,10405
289,Skarmory,-11,-40,26,-48,-38,30,7045
290,Houndour,-31,-60,-84,-8,-58,25,15670
291,Houndoom,-1,-30,-64,22,-28,55,9290
292,Houndoom (Mega Houndoom),-1,-30,-24,52,-18,75,10130
293,Kingdra,-1,-25,-19,7,-13,45,3230
294,Phanpy,14,-60,-54,-48,-68,0,13640
295,Donphan,14,0,6,-28,-48,10,3420
296,Porygon2,9,-40,-24,17,-13,20,3115
297,Stantler,-3,-25,-52,-3,-43,45,7221
298,Smeargle,-21,-100,-79,-68,-63,35,26500
299,Tyrogue,-41,-85,-79,-53,-73,-5,23310
300,Hitmontop,-26,-25,-19,-53,2,30,5375
301,Smoochum,-31,-90,-99,-3,-43,25,21345
302,Elekid,-31,-57,-77,-23,-53,55,16502
303,Magby,-31,-45,-77,-18,-53,43,13897
304,Miltank,19,-40,-9,-48,-38,60,9390
305,Blissey,179,-110,-104,-13,27,15,56080
306,Raikou,14,-35,-39,27,-8,75,9360
307,Entei,39,-5,-29,2,-33,60,7080
308,Suicune,24,-45,1,2,7,45,4680
309,Larvitar,-26,-56,-64,-43,-58,1,13122
310,Pupitar,-6,-36,-44,-23,-38,11,5362
311,Tyranitar,24,14,-4,7,-8,21,1342
312,Tyranitar (Mega Tyranitar),24,44,36,7,12,31,4962
313,Lugia,30,-30,16,2,46,70,9076
314,Ho-Oh,30,10,-24,22,46,50,6676
315,Celebi,24,-20,-14,12,-8,60,4980
316,Treecko,-36,-75,-79,-23,-53,30,17400
317,Grovyle,-26,-55,-69,-3,-43,55,13345
318,Sceptile,-6,-35,-49,17,-23,80,10880
319,Sceptile (Mega Sceptile),-6,-10,-39,57,-23,105,16460
320,Torchic,-31,-60,-74,-18,-58,5,13750
321,Combusken,-16,-35,-54,-3,-48,15,6935
322,Blaziken,4,0,-44,22,-38,40,5480
323,Blaziken (Mega Blaziken),4,40,-34,42,-28,60,8920
324,Mudkip,-26,-50,-64,-38,-58,0,12080
325,Marshtomp,-6,-35,-44,-28,-38,10,5525
326,Swampert,24,-10,-24,-3,-18,20,1985
327,Swampert (Mega Swampert),24,30,-4,7,2,30,2445
328,Poochyena,-41,-65,-79,-58,-78,-5,21620
329,Mightyena,-6,-30,-44,-28,-48,30,6860
330,Zigzagoon,-38,-90,-73,-58,-67,20,23126
331,Zigzagoon (Galarian Zigzagoon),-38,-90,-73,-58,-67,20,23126
332,Linoone,2,-50,-53,-38,-47,60,12566
333,Linoone (Galarian Linoone),2,-50,-53,-38,-47,60,12566
334,Wurmple,-31,-75,-79,-68,-78,-20,23935
335,Silcoon,-26,-85,-59,-63,-83,-25,22865
336,Beautifly,-16,-50,-64,12,-58,25,10985
337,Cascoon,-26,-85,-59,-63,-83,-25,22865
338,Dustox,-16,-70,-44,-38,-18,25,9485
339,Lotad,-36,-90,-84,-48,-58,-10,22220
340,Lombre,-16,-70,-64,-28,-38,10,11580
341,Ludicolo,4,-50,-44,2,-8,30,5420
342,Seedot,-36,-80,-64,-58,-78,-10,21340
343,Nuzleaf,-6,-50,-74,-28,-68,20,13820
344,Shiftry,14,-20,-54,2,-48,40,7420
345,Taillow,-36,-65,-84,-58,-78,45,24050
346,Swellow,-16,-35,-54,-13,-58,85,15155
347,Wingull,-36,-90,-84,-33,-78,45,25650
348,Pelipper,-16,-70,-14,7,-38,25,7470
349,Ralts,-48,-95,-89,-43,-73,0,26428
350,Kirlia,-38,-85,-79,-23,-53,10,18348
351,Gardevoir,-8,-55,-49,37,7,40,8508
352,Gardevoir (Mega Gardevoir),-8,-35,-49,77,27,60,13948
353,Surskit,-36,-90,-82,-38,-56,25,21325
354,Masquerain,-6,-60,-52,12,-26,40,8760
355,Shroomish,-16,-80,-54,-48,-48,-5,14205
356,Breloom,-16,10,-34,-28,-48,30,5500
357,Slakoth,-16,-60,-54,-53,-73,-10,15010
358,Vigoroth,4,-40,-34,-33,-53,50,9170
359,Slaking,74,40,-14,7,-43,60,12770
360,Nincada,-45,-75,-24,-58,-78,0,17674
361,Ninjask,-15,-30,-69,-38,-58,120,25094
362,Shedinja,-75,-30,-69,-58,-78,0,20734
363,Whismur,-12,-69,-91,-37,-85,-12,21924
364,Loudred,8,-49,-71,-17,-65,8,12084
365,Exploud,28,-29,-51,3,-35,28,6244
366,Makuhita,-4,-60,-84,-68,-78,-15,21605
367,Hariyama,68,0,-54,-48,-48,10,12248
368,Azurill,-26,-100,-74,-68,-68,-20,25800
369,Nosepass,-46,-75,21,-43,-18,-10,10455
370,Skitty,-26,-75,-69,-53,-73,10,19300
371,Delcatty,-6,-55,-49,-33,-53,50,11860
372,Sableye,-26,-45,-39,-23,-43,10,6700
373,Sableye (Mega Sableye),-26,-35,11,-3,7,-20,2480
374,Mawile,-26,-35,-29,-33,-53,10,6740
375,Mawile (Mega Mawile),-26,-15,11,-33,-13,10,2380
376,Aron,-26,-50,-14,-48,-68,-10,10400
377,Lairon,-16,-30,26,-38,-58,0,6640
378,Aggron,-6,-10,66,-28,-48,10,7680
379,Aggron (Mega Aggron),-6,20,116,-28,-28,10,15560
380,Meditite,-46,-80,-59,-48,-53,20,17510
381,Medicham,-16,-60,-39,-28,-33,40,8850
382,Medicham (Mega Medicham),-16,-20,-29,-8,-23,60,5690
383,Electrike,-36,-75,-74,-23,-68,25,18175
384,Manectric,-6,-45,-54,17,-48,65,11795
385,Manectric (Mega Manectric),-6,-45,-34,47,-28,95,15235
386,Plusle,-16,-70,-74,-3,-33,55,14755
387,Minun,-16,-80,-64,-13,-23,55,14475
388,Volbeat,-11,-47,-39,-41,-23,45,8086
389,Illumise,-11,-73,-39,-15,-23,45,9750
390,Roselia,-26,-60,-69,12,-28,25,10590
391,Gulpin,-6,-77,-61,-45,-55,0,14736
392,Swalot,24,-47,-31,-15,-25,15,4821
393,Carvanha,-31,-30,-94,-23,-88,25,19595
394,Sharpedo,-6,0,-74,7,-68,55,13210
395,Sharpedo (Mega Sharpedo),-6,20,-44,22,-43,65,8930
396,Wailmer,54,-50,-79,-18,-73,20,17710
397,Wailord,94,-30,-69,2,-63,20,18870
398,Numel,-16,-60,-74,-23,-63,-5,13855
399,Camerupt,-6,-20,-44,17,-33,0,3750
400,Camerupt (Mega Camerupt),-6,0,-14,57,-3,-20,3890
401,Torkoal,-6,-35,26,-3,-38,-20,3790
402,Spoink,-16,-95,-79,-18,-28,20,17030
403,Grumpig,4,-75,-49,2,2,40,9650
404,Spinda,-16,-60,-54,-28,-48,20,10260
405,Trapinch,-31,-20,-69,-43,-63,-30,12840
406,Vibrava,-26,-50,-64,-38,-58,30,12980
407,Flygon,4,-20,-34,-8,-28,60,6020
408,Cacnea,-26,-35,-74,-3,-68,-5,12035
409,Cacturne,-6,-5,-54,27,-48,15,6235
410,Swablu,-31,-80,-54,-48,-33,10,13770
411,Altaria,-1,-50,-24,-18,-3,40,5010
412,Altaria (Mega Altaria),-1,-10,-4,22,-3,40,2210
413,Zangoose,-3,-5,-54,-28,-48,50,8538
414,Seviper,-3,-20,-54,12,-48,25,6398
415,Lunatone,14,-65,-49,7,-23,30,8300
416,Solrock,14,-25,-29,-33,-43,30,5500
417,Barboach,-26,-72,-71,-42,-67,20,17554
418,Whiscash,34,-42,-41,-12,-37,20,6514
419,Corphish,-33,-40,-49,-38,-73,-5,11888
420,Crawdaunt,-13,0,-29,2,-53,15,4048
421,Baltoy,-36,-80,-59,-48,-38,15,15150
422,Claydol,-16,-50,-9,-18,12,35,4530
423,Lileep,-10,-79,-37,-27,-21,-17,9169
424,Cradily,10,-39,-17,-7,-1,3,1969
425,Anorith,-31,-25,-64,-48,-58,35,12575
426,Armaldo,-1,5,-14,-18,-28,5,1355
427,Feebas,-56,-105,-94,-78,-53,40,33490
428,Milotic,19,-60,-35,12,17,41,7300
429,Castform,-6,-50,-44,-18,-38,30,7140
430,Kecleon,-16,-30,-44,-28,12,0,4020
431,Shuppet,-32,-45,-79,-25,-75,5,15565
432,Banette,-12,-5,-49,-5,-45,25,5245
433,Banette (Mega Banette),-12,45,-39,5,-25,35,5565
434,Duskull,-56,-80,-24,-58,-18,-15,14025
435,Dusclops,-36,-50,16,-28,22,-15,5545
436,Tropius,23,-52,-31,-16,-21,11,5012
437,Chimecho,-1,-70,-34,7,-18,25,7055
438,Absol,-11,10,-54,-13,-48,35,6835
439,Absol (Mega Absol),-11,30,-54,27,-48,75,12595
440,Wynaut,19,-97,-66,-65,-60,-17,22240
441,Snorunt,-26,-70,-64,-38,-58,10,14580
442,Glalie,4,-40,-34,-8,-28,40,5220
443,Glalie (Mega Glalie),4,0,-34,32,-28,60,6580
444,Spheal,-6,-80,-64,-33,-58,-15,15210
445,Sealeo,14,-60,-44,-13,-38,5,7370
446,Walrein,34,-40,-24,7,-18,25,4330
447,Clamperl,-41,-56,-29,-14,-53,-8,8727
448,Huntail,-21,-16,-9,6,-33,12,2047
449,Gorebyss,-21,-36,-9,26,-33,12,3727
450,Relicanth,24,-30,16,-43,-43,15,5655
451,Luvdisc,-33,-90,-59,-48,-43,57,20072
452,Bagon,-31,-45,-54,-48,-78,10,14390
453,Shelgon,-11,-25,-14,-28,-58,10,5190
454,Salamence,19,15,-34,22,-28,60,6610
455,Salamence (Mega Salamence),19,25,16,32,-18,80,8990
456,Beldum,-36,-65,-34,-53,-48,-10,11890
457,Metang,-16,-45,-14,-33,-28,10,4450
458,Metagross,4,15,16,7,-18,30,1770
459,Metagross (Mega Metagross),4,25,36,17,2,70,7130
460,Regirock,4,-20,86,-38,-8,10,9420
461,Regice,4,-70,-14,12,92,10,13820
462,Registeel,4,-45,36,-13,42,10,5370
463,Latias,4,-40,-24,22,22,70,8060
464,Latias (Mega Latias),4,-20,6,52,42,70,9820
465,Latios,4,-30,-34,42,2,70,8740
466,Latios (Mega Latios),4,10,-14,72,12,70,10540
467,Kyogre,24,-20,-24,62,32,50,8920
468,Kyogre (Primal Kyogre),24,30,-24,92,52,50,15720
469,Groudon,24,30,26,12,-18,50,5120
470,Groudon (Primal Groudon),24,60,46,62,-18,50,12960
471,Rayquaza,29,30,-24,62,-18,55,9510
472,Rayquaza (Mega Rayquaza),29,60,-14,92,-8,75,18790
473,Jirachi,24,-20,-14,12,-8,60,4980
474,Deoxys (Normal Forme),-26,30,-64,62,-58,110,24980
475,Deoxys (Attack Forme),-26,60,-94,92,-88,110,41420
476,Deoxys (Defense Forme),-26,-50,46,-18,52,50,10820
477,Deoxys (Speed Forme),-26,-25,-24,7,-18,140,21850
478,Turtwig,-21,-52,-50,-43,-53,-9,10384
479,Grotle,-1,-31,-29,-33,-43,-4,4757
480,Torterra,19,-11,-9,-13,-23,16,1517
481,Chimchar,-32,-62,-70,-30,-64,21,15205
482,Monferno,-12,-42,-62,-10,-56,41,10669
483,Infernape,0,-16,-43,16,-37,68,8354
484,Piplup,-23,-69,-61,-27,-52,0,12444
485,Prinplup,-12,-54,-46,-7,-32,10,6349
486,Empoleon,8,-34,-26,23,-7,20,2874
487,Starly,-36,-65,-84,-58,-78,20,22425
488,Staravia,-21,-45,-64,-48,-68,40,15090
489,Staraptor,9,0,-44,-38,-48,60,9365
490,Bidoof,-17,-75,-74,-53,-68,-9,18904
491,Bibarel,3,-35,-54,-33,-48,31,8504
492,Kricketot,-39,-95,-73,-63,-67,-15,24558
493,Kricketune,1,-35,-63,-33,-57,25,10158
494,Shinx,-31,-55,-80,-48,-74,5,18191
495,Luxio,-16,-35,-65,-28,-59,20,10371
496,Luxray,4,0,-35,7,-29,30,3031
497,Budew,-36,-90,-79,-38,-38,15,18750
498,Roserade,-16,-50,-49,37,-3,50,9035
499,Cranidos,-9,5,-74,-58,-78,18,15354
500,Rampardos,21,45,-54,-23,-58,18,9599
501,Shieldon,-46,-78,4,-46,-20,-10,10832
502,Bastiodon,-16,-68,54,-41,30,-10,10477
503,Burmy,-36,-91,-69,-59,-63,-4,21804
504,Wormadam (Plant Cloak),-16,-61,-29,-9,-3,-4,4924
505,Wormadam (Sandy Cloak),-16,-41,-9,-29,-23,-4,3404
506,Wormadam (Trash Cloak),-16,-51,-19,-19,-13,-4,3764
507,Mothim,-6,-26,-64,6,-58,26,8884
508,Combee,-46,-90,-72,-58,-66,30,24020
509,Vespiquen,-6,-40,-12,-8,-6,0,1880
510,Pachirisu,-16,-75,-44,-43,-18,55,13015
511,Buizel,-21,-55,-79,-28,-78,45,18600
512,Floatzel,9,-15,-59,-3,-58,75,12785
513,Cherubi,-31,-85,-69,-26,-55,-5,16673
514,Cherrim,-6,-60,-44,-1,-30,45,8498
515,Shellos,0,-72,-66,-31,-46,-6,12653
516,Gastrodon,35,-37,-46,4,-26,-1,5403
517,Ambipom,-1,-20,-48,-28,-42,75,10878
518,Drifloon,14,-70,-80,-28,-64,30,17276
519,Drifblim,74,-40,-70,2,-54,40,16496
520,Buneary,-21,-54,-70,-44,-52,45,14922
521,Lopunny,-11,-44,-30,-34,-12,65,8482
522,Lopunny (Mega Lopunny),-11,16,-20,-34,-12,95,11102
523,Mismagius,-16,-60,-54,17,-3,65,11295
524,Honchkrow,24,5,-62,17,-56,31,8831
525,Glameow,-27,-65,-72,-46,-71,45,19320
526,Purugly,-5,-38,-50,-24,-49,72,12130
527,Chingling,-31,-90,-64,-23,-58,5,17075
528,Stunky,-13,-57,-67,-47,-67,34,15761
529,Skuntank,27,-27,-47,-17,-47,44,8101
530,Bronzor,-19,-96,-28,-64,-22,-17,15230
531,Bronzong,-9,-31,2,-9,8,-7,1240
532,Bonsly,-26,-40,-19,-78,-63,-30,13590
533,Mime Jr.,-56,-95,-69,-18,-18,20,17970
534,Happiny,24,-115,-109,-73,-43,-10,32960
535,Chatot,0,-55,-69,4,-66,51,14759
536,Spiritomb,-26,-28,-6,4,0,-5,1537
537,Gible,-18,-50,-69,-48,-63,2,13862
538,Gabite,-8,-30,-49,-38,-53,42,9382
539,Garchomp,32,10,-19,-8,-23,62,5922
540,Garchomp (Mega Garchomp),32,50,1,32,-13,52,7422
541,Munchlax,59,-35,-74,-48,-23,-35,14240
542,Riolu,-36,-50,-74,-53,-68,20,17105
543,Lucario,-6,-10,-44,27,-38,50,6745
544,Lucario (Mega Lucario),-6,25,-26,52,-38,72,10669
545,Hippopotas,-8,-48,-36,-50,-66,-8,10584
546,Hippowdon,32,-8,4,-20,-36,7,2849
547,Skorupi,-36,-70,-24,-58,-53,25,13570
548,Drapion,-6,-30,-4,-28,-33,55,5850
549,Croagunk,-28,-59,-74,-27,-68,10,15194
550,Toxicroak,7,-14,-49,-2,-43,45,6524
551,Carnivine,-2,-20,-42,2,-36,6,3504
552,Finneon,-27,-71,-58,-39,-47,26,13540
553,Lumineon,-7,-51,-38,-19,-22,51,7540
554,Mantyke,-31,-100,-64,-28,12,10,16085
555,Snover,-16,-58,-64,-26,-48,0,10696
556,Abomasnow,14,-28,-39,4,-23,20,3446
557,Abomasnow (Mega Abomasnow),14,12,-9,44,-3,-10,2466
558,Weavile,-6,0,-49,-43,-23,85,12040
559,Magnezone,-6,-50,1,42,-18,20,5025
560,Lickilicky,34,-35,-19,-8,-13,10,3075
561,Rhyperior,39,20,16,-33,-53,0,6075
562,Tangrowth,24,-20,11,22,-58,10,5045
563,Electivire,-1,3,-47,7,-23,55,5822
564,Magmortar,-1,-25,-47,37,-13,43,6222
565,Togekiss,9,-70,-19,32,7,40,8015
566,Yanmega,10,-44,-28,28,-52,55,9333
567,Leafeon,-11,-10,16,-28,-43,55,6135
568,Glaceon,-11,-60,-4,42,-13,25,6295
569,Gliscor,-1,-25,11,-43,-33,55,6710
570,Mamoswine,34,10,-34,-18,-48,40,6640
571,Porygon-Z,9,-40,-44,47,-33,50,9415
572,Gallade,-8,5,-49,-23,7,40,4668
573,Gallade (Mega Gallade),-8,45,-19,-23,7,70,7928
574,Probopass,-16,-65,31,-13,42,0,7375
575,Dusknoir,-31,-20,21,-23,27,5,3085
576,Froslass,-6,-40,-44,-8,-38,70,9980
577,Rotom,-26,-70,-37,7,-31,51,10556
578,Rotom (Heat Rotom),-26,-55,-7,17,-1,46,6156
579,Rotom (Wash Rotom),-26,-55,-7,17,-1,46,6156
580,Rotom (Frost Rotom),-26,-55,-7,17,-1,46,6156
581,Rotom (Fan Rotom),-26,-55,-7,17,-1,46,6156
582,Rotom (Mow Rotom),-26,-55,-7,17,-1,46,6156
583,Uxie,-1,-45,16,-13,22,55,5960
584,Mesprit,4,-15,-9,17,-3,40,2220
585,Azelf,-1,5,-44,37,-38,75,10400
586,Dialga,24,0,6,62,-8,50,7020
587,Dialga (Origin Forme),24,-20,6,62,12,50,7500
588,Palkia,14,0,-14,62,12,60,7980
589,Palkia (Origin Forme),14,-20,-14,62,12,80,11180
590,Heatran,15,-30,-8,42,-2,37,4326
591,Regigigas,34,40,-4,-8,2,60,6440
592,Giratina (Altered Forme),74,-20,6,12,12,50,8700
593,Giratina (Origin Forme),74,0,-14,32,-8,50,9260
594,Cresselia,44,-50,6,-13,22,45,7150
595,Phione,4,-40,-34,-8,-28,40,5220
596,Manaphy,24,-20,-14,12,-8,60,4980
597,Darkrai,-6,-30,-24,47,-18,85,11270
598,Shaymin (Land Forme),24,-20,-14,12,-8,60,4980
599,Shaymin (Sky Forme),24,-17,-39,32,-33,87,12068
600,Arceus,44,0,6,32,12,80,9540
601,Victini,24,-20,-14,12,-8,60,4980
602,Snivy,-31,-75,-59,-43,-53,23,15254
603,Servine,-16,-60,-39,-28,-33,43,9099
604,Serperior,-1,-45,-19,-13,-13,73,8054
605,Tepig,-11,-57,-69,-43,-63,5,13974
606,Pignite,14,-27,-59,-18,-53,15,7764
607,Emboar,34,3,-49,12,-43,25,6184
608,Oshawott,-21,-65,-69,-25,-63,5,14046
609,Dewott,-1,-45,-54,-5,-48,20,7671
610,Samurott,19,-20,-29,20,-38,30,4346
611,Samurott (Hisuian Samurott),14,-12,-34,12,-43,45,5514
612,Patrat,-31,-65,-75,-53,-69,2,18385
613,Watchog,-16,-35,-45,-28,-39,37,7180
614,Lillipup,-31,-60,-69,-63,-63,15,17485
615,Herdier,-11,-40,-49,-53,-43,20,9180
616,Stoutland,9,-10,-24,-43,-18,40,4530
617,Purrloin,-35,-70,-77,-38,-71,26,19215
618,Liepard,-12,-32,-64,0,-58,66,12984
619,Pansage,-26,-67,-66,-35,-60,24,14922
620,Simisage,-1,-22,-51,10,-45,61,8932
621,Pansear,-26,-67,-66,-35,-60,24,14922
622,Simisear,-1,-22,-51,10,-45,61,8932
623,Panpour,-26,-67,-66,-35,-60,24,14922
624,Simipour,-1,-22,-51,10,-45,61,8932
625,Munna,0,-95,-69,-21,-53,-16,17292
626,Musharna,40,-65,-29,19,-13,-11,7317
627,Pidove,-26,-65,-64,-52,-78,3,17794
628,Tranquill,-14,-43,-52,-38,-66,25,11174
629,Unfezant,4,-5,-34,-23,-53,53,7344
630,Blitzle,-31,-60,-82,-38,-76,36,19801
631,Zebstrika,-1,-20,-51,-8,-45,76,10867
632,Roggenrola,-21,-45,-29,-63,-83,-25,14790
633,Boldore,-6,-15,-9,-38,-68,-20,6810
634,Gigalith,9,15,16,-28,-28,-15,2355
635,Woobat,-11,-75,-71,-33,-65,32,17125
636,Swoobat,-9,-63,-59,-11,-53,74,15937
637,Drilbur,-16,-35,-74,-58,-63,28,15074
638,Excadrill,34,15,-54,-38,-43,48,9894
639,Audino,27,-60,-28,-28,-22,10,6481
640,Audino (Mega Audino),27,-60,12,-8,18,10,4961
641,Timburr,-1,-40,-59,-63,-73,-5,14405
642,Gurdurr,9,-15,-29,-48,-58,0,6815
643,Conkeldurr,29,20,-19,-33,-43,5,4565
644,Tympole,-26,-70,-74,-38,-68,24,17696
645,Palpitoad,-1,-55,-59,-23,-53,29,10686
646,Seismitoad,29,-25,-39,-3,-33,34,5241
647,Throh,44,-20,-29,-58,-23,5,7095
648,Sawk,-1,5,-39,-58,-33,45,8025
649,Sewaddle,-31,-67,-44,-48,-48,2,11998
650,Swadloon,-21,-57,-24,-38,-28,2,6498
651,Leavanny,-1,-17,-34,-18,-28,52,5258
652,Venipede,-46,-75,-55,-58,-69,17,19180
653,Whirlipede,-36,-65,-15,-48,-29,7,8940
654,Scolipede,-16,-20,-25,-33,-39,72,9075
655,Cottonee,-36,-93,-54,-51,-58,26,19502
656,Whimsicott,-16,-53,-29,-11,-33,76,10892
657,Petilil,-31,-85,-64,-18,-58,-10,16070
658,Lilligant,-6,-60,-39,22,-33,50,9230
659,Lilligant (Hisuian Lilligant),-6,-15,-39,-38,-33,65,8540
660,Basculin,-6,-28,-49,-8,-53,58,9458
661,Sandile,-26,-48,-79,-53,-73,25,17984
662,Krokorok,-16,-38,-69,-43,-63,34,13435
663,Krookodile,19,-3,-34,-23,-38,52,6203
664,Darumaka,-6,-30,-69,-73,-63,10,15095
665,Darumaka (Galarian Darumaka),-6,-30,-69,-73,-63,10,15095
666,Darmanitan (Standard Mode),29,20,-59,-58,-53,55,13920
667,Darmanitan (Zen Mode),29,-90,-9,52,-3,15,11960
668,Darmanitan (Galarian Standard Mode),29,20,-59,-58,-53,55,13920
669,Darmanitan (Galarian Zen Mode),29,40,-59,-58,-53,95,21120
670,Maractus,-1,-34,-47,18,-41,20,5771
671,Dwebble,-26,-55,-29,-53,-73,15,12905
672,Crustle,-6,-15,11,-23,-33,5,2025
673,Scraggy,-26,-45,-44,-53,-38,8,8954
674,Scrafty,-11,-30,1,-43,7,18,3244
675,Sigilyph,-4,-62,-34,15,-28,57,9274
676,Yamask,-38,-90,-29,-33,-43,-10,13423
677,Yamask (Galarian Yamask),-38,-65,-29,-58,-43,-10,11823
678,Cofagrigus,-18,-70,31,7,-3,-10,6343
679,Tirtouga,-22,-42,-11,-35,-63,-18,7887
680,Carracosta,-2,-12,19,-5,-43,-8,2447
681,Archen,-21,-8,-69,-14,-63,30,10331
682,Archeops,-1,20,-49,24,-43,70,10127
683,Trubbish,-26,-70,-52,-48,-46,25,13325
684,Garbodor,4,-25,-32,-28,-26,35,4350
685,Zorua,-36,-55,-74,-8,-68,25,15110
686,Zorua (Hisuian Zorua),-41,-60,-74,-3,-68,30,16290
687,Zoroark,-16,-15,-54,32,-48,65,10950
688,Zoroark (Hisuian Zoroark),-21,-20,-54,37,-48,70,12330
689,Minccino,-21,-70,-74,-48,-68,35,18970
690,Cinccino,-1,-25,-54,-23,-48,75,12000
691,Gothita,-31,-90,-64,-33,-43,5,16120
692,Gothorita,-16,-75,-44,-13,-23,15,8740
693,Gothitelle,-6,-65,-19,7,2,25,5300
694,Solosis,-31,-90,-74,17,-58,-20,18590
695,Duosion,-11,-80,-64,37,-48,-10,14390
696,Reuniclus,34,-55,-39,37,-23,-10,7700
697,Ducklett,-14,-76,-64,-44,-58,15,15593
698,Swanna,-1,-33,-51,-1,-45,58,9081
699,Vanillite,-40,-70,-64,-23,-48,4,13445
700,Vanillish,-25,-55,-49,-8,-33,19,7565
701,Vanilluxe,-5,-25,-29,22,-13,39,3665
702,Deerling,-16,-60,-64,-48,-58,35,14845
703,Sawsbuck,4,-20,-44,-28,-38,55,7605
704,Emolga,-21,-45,-54,-13,-48,63,11824
705,Karrablast,-26,-45,-69,-48,-63,20,14135
706,Escavalier,-6,15,-9,-28,-3,-20,1535
707,Foongus,-7,-65,-69,-33,-53,-25,13558
708,Amoonguss,38,-35,-44,-3,-28,-10,5498
709,Frillish,-21,-80,-64,-23,-23,0,11995
710,Jellicent,24,-60,-44,-3,-3,20,6530
711,Alomomola,89,-45,-34,-48,-63,25,18000
712,Joltik,-26,-73,-64,-31,-58,25,15051
713,Galvantula,-6,-43,-54,9,-48,68,11810
714,Ferroseed,-32,-70,-23,-64,-22,-30,11933
715,Ferrothorn,-2,-26,17,-34,8,-20,2589
716,Klink,-36,-65,-44,-43,-48,-10,11710
717,Klang,-16,-40,-19,-18,-23,10,3170
718,Klinklang,-16,-20,1,-18,-23,50,4010
719,Tynamo,-41,-65,-74,-43,-68,20,18255
720,Eelektrik,-11,-35,-44,-13,-38,0,4895
721,Eelektross,9,-5,-34,17,-28,10,2435
722,Elgyem,-21,-65,-59,-3,-53,-10,11065
723,Beheeyem,-1,-45,-39,37,-13,0,5085
724,Litwick,-26,-90,-59,-23,-53,-20,15995
725,Lampent,-16,-80,-54,7,-48,15,12150
726,Chandelure,-16,-65,-24,57,-18,40,10230
727,Axew,-30,-33,-54,-58,-68,17,13182
728,Fraxure,-10,-3,-44,-48,-58,27,8442
729,Haxorus,0,27,-24,-28,-38,57,6782
730,Cubchoo,-21,-50,-74,-28,-68,0,13825
731,Beartic,19,10,-34,-18,-28,10,2825
732,Cryogonal,4,-70,-64,7,27,65,14015
733,Shelmet,-26,-80,-29,-48,-43,-15,12295
734,Accelgor,4,-50,-74,12,-48,105,21465
735,Stunfisk,33,-54,-30,-7,-9,-8,5099
736,Stunfisk (Galarian Stunfisk),33,-39,-15,-22,-24,-8,3959
737,Mienfoo,-31,-35,-64,-33,-58,25,11360
738,Mienshao,-11,5,-54,7,-48,65,9640
739,Druddigon,1,0,-24,-28,-18,8,1749
740,Golett,-17,-46,-64,-53,-58,-5,12699
741,Golurk,13,4,-34,-33,-28,15,3439
742,Pawniard,-31,-35,-44,-48,-68,20,11450
743,Bisharp,-11,5,-14,-28,-38,30,3470
744,Bouffalant,19,-10,-19,-48,-13,15,3520
745,Rufflet,-6,-37,-64,-51,-58,20,11866
746,Braviary,24,3,-39,-31,-33,40,5756
747,Braviary (Hisuian Braviary),34,-37,-44,24,-38,25,7106
748,Vullaby,-6,-65,-39,-43,-43,20,9880
749,Mandibuzz,34,-55,-9,-33,-13,40,7120
750,Heatmor,9,-23,-48,17,-42,25,5592
751,Durant,-18,-11,-2,-40,-60,69,10410
752,Deino,-24,-55,-64,-43,-58,-2,12914
753,Zweilous,-4,-35,-44,-23,-38,18,5474
754,Hydreigon,16,-15,-24,37,-18,58,6114
755,Larvesta,-21,-35,-59,-38,-53,20,9800
756,Volcarona,9,-60,-49,47,-3,60,11900
757,Cobalion,15,-30,15,2,-36,68,7274
758,Terrakion,15,9,-24,-16,-18,68,6086
759,Virizion,15,-30,-42,2,21,68,7958
760,Tornadus (Incarnate Forme),3,-5,-44,37,-28,71,9164
761,Tornadus (Therian Forme),3,-20,-34,22,-18,81,8934
762,Thundurus (Incarnate Forme),3,-5,-44,37,-28,71,9164
763,Thundurus (Therian Forme),3,-15,-44,57,-28,61,9924
764,Reshiram,24,0,-14,62,12,50,7260
765,Zekrom,24,30,6,32,-8,50,5100
766,Landorus (Incarnate Forme),13,5,-24,27,-28,61,6004
767,Landorus (Therian Forme),13,25,-24,17,-28,51,5044
768,Kyurem,49,10,-24,42,-18,55,8190
769,Kyurem (Black Kyurem),49,50,-14,32,-18,55,9470
770,Kyurem (White Kyurem),49,0,-24,82,-8,55,12790
771,Keldeo,15,-48,-24,41,-18,68,9734
772,Meloetta (Aria Forme),24,-43,-37,40,20,50,8294
773,Meloetta (Pirouette Forme),24,8,-24,-11,-31,88,10042
774,Genesect,-5,0,-19,32,-13,59,5060
775,Chespin,-20,-59,-49,-40,-63,-2,11855
776,Quilladin,-15,-42,-19,-32,-50,17,6163
777,Chesnaught,12,-13,8,-14,-33,24,2238
778,Fennekin,-36,-75,-74,-26,-48,20,15777
779,Braixen,-17,-61,-56,2,-38,33,9683
780,Delphox,-1,-51,-42,26,-8,64,9202
781,Froakie,-35,-64,-74,-26,-64,31,16530
782,Frogadier,-22,-57,-62,-5,-52,57,13555
783,Greninja,-4,-25,-47,15,-37,82,11168
784,Greninja (Ash-Greninja),-4,25,-47,65,-37,92,16908
785,Bunnelby,-38,-84,-76,-56,-72,17,22885
786,Diggersby,9,-64,-37,-38,-31,38,9395
787,Fletchling,-31,-70,-71,-48,-70,22,18590
788,Fletchinder,-14,-47,-59,-32,-56,44,11982
789,Talonflame,2,-39,-43,-14,-39,86,12487
790,Scatterbug,-38,-85,-74,-61,-83,-5,24780
791,Spewpa,-31,-98,-54,-61,-78,-11,23407
792,Vivillon,4,-68,-64,2,-58,49,14505
793,Litleo,-14,-70,-56,-15,-54,32,12397
794,Pyroar,10,-52,-42,21,-42,66,11129
795,Flabébé,-32,-82,-75,-27,-29,2,14947
796,Floette,-22,-75,-67,-13,-10,12,11011
797,Florges,2,-55,-46,24,46,35,9062
798,Skiddo,-10,-55,-66,-26,-51,12,10902
799,Gogoat,47,-20,-52,9,-27,28,6907
800,Pancham,-9,-38,-52,-42,-60,3,9602
801,Pangoro,19,4,-36,-19,-37,18,3727
802,Furfrou,-1,-40,-54,-23,-18,62,9214
803,Espurr,-14,-72,-60,-25,-48,28,12693
804,Meowstic,-2,-72,-38,-5,-27,64,11482
805,Honedge,-31,-40,-14,-53,-71,-12,10751
806,Doublade,-17,-10,36,-43,-59,-5,7040
807,Aegislash (Shield Forme),-16,-70,26,-38,32,20,8700
808,Aegislash (Blade Forme),-16,20,-64,52,-58,20,11220
809,Spritzee,2,-68,-54,-25,-43,-17,10307
810,Aromatisse,25,-48,-42,11,-19,-11,5296
811,Swirlix,-14,-72,-48,-29,-51,9,11207
812,Slurpuff,6,-40,-28,-3,-33,32,4542
813,Inkay,-23,-66,-61,-51,-62,5,15076
814,Malamar,10,-28,-26,-20,-33,33,4138
815,Binacle,-34,-68,-47,-49,-52,10,13194
816,Barbaracle,-4,-15,1,-34,-22,28,2666
817,Skrelp,-26,-60,-54,-28,-48,-10,10380
818,Dragalge,-11,-45,-24,9,15,4,3044
819,Clauncher,-26,-67,-52,-30,-45,4,10810
820,Clawitzer,-5,-47,-26,32,-19,19,4656
821,Helioptile,-32,-82,-81,-27,-65,30,20163
822,Heliolisk,-14,-65,-62,21,-14,69,13663
823,Tyrunt,-18,-31,-37,-43,-63,8,8536
824,Tyrantrum,6,1,5,-19,-49,31,3785
825,Amaura,1,-61,-64,-21,-45,6,10320
826,Aurorus,47,-43,-42,11,-16,18,6523
827,Sylveon,19,-55,-49,22,22,20,7155
828,Hawlucha,2,-28,-39,-14,-45,78,10614
829,Dedenne,-9,-62,-57,-7,-41,61,12625
830,Carbink,-26,-70,36,-38,42,10,10180
831,Goomy,-31,-70,-79,-33,-33,0,14280
832,Sliggoo,-8,-45,-61,-5,5,20,6260
833,Sliggoo (Hisuian Sliggoo),-18,-45,-31,-5,5,0,3360
834,Goodra,14,-20,-44,22,42,40,6380
835,Goodra (Hisuian Goodra),4,-20,-14,22,42,20,3260
836,Klefki,-19,-40,-23,-8,-21,35,4220
837,Phantump,-33,-50,-66,-38,-48,-2,11697
838,Trevenant,9,-10,-38,-23,-26,16,3086
839,Pumpkaboo (Small Size),-32,-54,-44,-44,-53,16,10877
840,Pumpkaboo (Average Size),-27,-54,-44,-44,-53,11,10447
841,Pumpkaboo (Large Size),-22,-54,-44,-44,-53,6,10117
842,Pumpkaboo (Super Size),-17,-54,-44,-44,-53,1,9887
843,Gourgeist (Small Size),-21,-35,8,-30,-33,59,7200
844,Gourgeist (Average Size),-11,-30,8,-30,-33,44,5010
845,Gourgeist (Large Size),-1,-25,8,-30,-33,29,3520
846,Gourgeist (Super Size),9,-20,8,-30,-33,14,2730
847,Bergmite,-21,-51,-29,-56,-73,-12,12492
848,Avalugg,19,-3,70,-44,-62,-12,11194
849,Avalugg (Hisuian Avalugg),19,7,70,-54,-72,-2,13414
850,Noibat,-36,-90,-79,-43,-68,15,22335
851,Noivern,9,-50,-34,9,-28,83,11491
852,Xerneas,50,11,-19,43,-10,59,8412
853,Yveltal,50,11,-19,43,-10,59,8412
854,Zygarde (50% Forme),32,-20,7,-7,-13,55,4716
855,Zygarde (10% Forme),-22,-20,-43,-27,-23,75,9616
856,Zygarde (Complete Forme),140,-20,7,3,-13,45,22252
857,Diancie,-26,-20,36,12,42,10,4380
858,Diancie (Mega Diancie),-26,40,-4,72,2,70,12380
859,Hoopa (Hoopa Confined),4,-10,-54,62,22,30,8260
860,Hoopa (Hoopa Unbound),4,40,-54,82,22,40,13340
861,Volcanion,4,-10,6,42,-18,30,3140
862,Rowlet,-8,-65,-59,-38,-58,2,12582
863,Dartrix,2,-45,-39,-18,-38,12,5462
864,Decidueye,2,-13,-39,12,-8,30,2802
865,Decidueye (Hisuian Decidueye),12,-8,-34,7,-13,20,1982
866,Litten,-31,-55,-74,-28,-68,30,15770
867,Torracat,-11,-35,-64,-8,-58,50,11370
868,Incineroar,19,-5,-24,-8,-18,20,1750
869,Popplio,-26,-66,-60,-22,-52,0,11820
870,Brionne,-16,-51,-45,3,-27,10,5720
871,Primarina,4,-46,-40,38,8,20,5640
872,Pikipek,-41,-45,-84,-58,-78,25,20835
873,Trumbeak,-21,-35,-64,-48,-58,35,12655
874,Toucannon,4,0,-39,-13,-33,20,3195
875,Yungoos,-28,-50,-84,-58,-78,5,19813
876,Gumshoos,12,-10,-54,-33,-48,5,6578
877,Grubbin,-29,-58,-69,-33,-63,6,14060
878,Charjabug,-19,-38,-19,-33,-33,-4,4360
879,Vikavolt,1,-50,-24,57,-33,3,7424
880,Crabrawler,-29,-38,-57,-46,-61,23,11900
881,Crabominable,21,12,-37,-26,-41,3,4320
882,Oricorio,-1,-50,-44,10,-38,53,8790
883,Cutiefly,-36,-75,-74,-33,-68,44,20046
884,Ribombee,-16,-65,-54,7,-38,84,15946
885,Rockruff,-31,-55,-74,-58,-68,20,17850
886,Lycanroc (Midday Form),-1,-5,-49,-33,-43,72,10549
887,Lycanroc (Midnight Form),9,-5,-39,-33,-33,42,5569
888,Lycanroc (Dusk Form),-1,-3,-49,-33,-43,70,10249
889,Wishiwashi (Solo Form),-31,-100,-94,-63,-83,0,30655
890,Wishiwashi (School Form),-31,20,16,52,27,-10,5150
891,Mareanie,-26,-67,-52,-45,-56,5,13055
892,Toxapex,-26,-57,38,-35,34,-5,7775
893,Mudbray,-6,-20,-44,-43,-53,5,7055
894,Mudsdale,24,5,-14,-33,-23,-5,2440
895,Dewpider,-38,-80,-62,-48,-36,-13,15457
896,Araquanid,-8,-50,-22,-38,24,2,5072
897,Fomantis,-36,-65,-79,-38,-73,-5,18560
898,Lurantis,-6,-15,-24,-8,-18,5,1250
899,Morelull,-36,-85,-59,-23,-33,-25,14245
900,Shiinotic,-16,-75,-34,2,-8,-10,7205
901,Salandit,-28,-76,-74,-17,-68,37,18318
902,Salazzle,-8,-56,-54,23,-48,77,14878
903,Stufful,-6,-45,-64,-43,-58,10,11470
904,Bewear,44,5,-34,-33,-48,20,6910
905,Bounsweet,-34,-90,-76,-58,-70,-8,23360
906,Steenee,-24,-80,-66,-48,-60,22,17720
907,Tsareena,-4,0,-16,-38,-10,32,2840
908,Comfey,-25,-68,-24,-6,2,60,9465
909,Oranguru,14,-60,-34,2,2,20,5360
910,Passimian,24,0,-24,-48,-48,40,7360
911,Wimpod,-51,-85,-74,-68,-78,40,27610
912,Golisopod,-1,5,26,-28,-18,0,1810
913,Sandygast,-21,-65,-34,-18,-63,-25,10740
914,Palossand,9,-45,-4,12,-33,-5,3380
915,Pyukumuku,-21,-60,16,-58,22,-35,9370
916,Type: Null,19,-25,-19,7,-13,19,1926
917,Silvally,19,-25,-19,7,-13,55,4590
918,Minior (Meteor Form),-16,-60,-14,-28,-8,20,5300
919,Minior (Core),-16,-20,-54,12,-48,80,12420
920,Komala,-11,-5,-49,-13,-13,25,3510
921,Turtonator,-16,-42,21,3,-23,-4,3015
922,Togedemaru,-11,-22,-51,-48,-35,56,9871
923,Mimikyu,-21,-30,-34,-38,-3,56,7086
924,Bruxish,-8,-15,-44,-18,-38,52,6697
925,Drampa,2,-60,-29,47,-17,-4,6959
926,Dhelmise,-6,11,-14,-2,-18,0,681
927,Jangmo-o,-31,-65,-49,-43,-63,5,13430
928,Hakamo-o,-21,-45,-24,-23,-38,25,5640
929,Kommo-o,-1,-10,11,12,-3,45,2400
930,Tapu Koko,-6,-5,-29,7,-33,90,10140
931,Tapu Lele,-6,-35,-39,42,7,55,7620
932,Tapu Bulu,-6,10,1,-3,-13,35,1540
933,Tapu Fini,-6,-45,1,7,22,45,4620
934,Cosmog,-33,-91,-83,-59,-77,-3,25678
935,Cosmoem,-33,-91,17,-59,23,-3,13678
936,Solgaleo,61,17,-7,25,-19,57,8294
937,Lunala,61,-7,-25,49,-1,57,10046
938,Nihilego,33,-67,-67,39,23,63,16086
939,Buzzwole,31,19,25,-35,-55,39,7718
940,Pheromosa,-5,17,-77,49,-71,111,26006
941,Xurkitree,7,-31,-43,85,-37,43,13302
942,Celesteela,21,-19,-11,19,-7,21,1774
943,Kartana,-17,61,17,-29,-77,69,15830
944,Guzzlord,147,-19,-61,9,-55,3,28806
945,Necrozma,21,-13,-13,39,-19,39,4182
946,Necrozma (Dusk Mane Necrozma),21,37,13,25,1,37,3974
947,Necrozma (Dawn Wings Necrozma),21,-7,-5,69,19,37,7006
948,Necrozma (Ultra Necrozma),21,47,-17,79,-11,89,17222
949,Magearna,4,-25,1,42,7,25,3080
950,Marshadow,14,5,-34,2,-18,85,8930
951,Poipole,-9,-47,-47,-15,-41,33,7494
952,Naganadel,-3,-47,-41,39,-35,81,13206
953,Stakataka,-15,11,97,-35,-7,-27,11758
954,Blacephalon,-23,7,-61,63,-29,67,13598
955,Zeraora,12,-8,-39,14,-28,103,13318
956,Meltan,-30,-55,-49,-33,-73,-6,12780
957,Melmetal,59,23,29,-8,-43,-6,6800
958,Grookey,-26,-55,-64,-48,-68,25,15350
959,Thwackey,-6,-35,-44,-33,-48,40,8190
960,Rillaboom,24,5,-24,-28,-38,45,5430
961,Scorbunny,-26,-49,-74,-48,-68,29,16322
962,Raboot,-11,-34,-54,-33,-48,54,10502
963,Cinderace,4,-4,-39,-23,-33,79,9412
964,Sobble,-26,-80,-74,-18,-68,30,18400
965,Drizzile,-11,-60,-59,7,-53,50,12560
966,Inteleon,-6,-35,-49,37,-43,80,13280
967,Skwovet,-6,-65,-59,-53,-73,-15,16105
968,Greedent,44,-25,-19,-33,-33,-20,5500
969,Rookidee,-38,-73,-79,-55,-73,17,21657
970,Corvisquire,-8,-53,-59,-45,-53,37,12557
971,Corviknight,22,-33,-9,-35,-23,27,4137
972,Blipbug,-51,-100,-94,-63,-63,5,29400
973,Dottler,-26,-85,-34,-38,-18,-10,10925
974,Orbeetle,-16,-75,-4,-8,12,50,8605
975,Nickit,-36,-92,-86,-41,-56,10,22073
976,Thievul,-6,-62,-56,-1,-16,50,9773
977,Gossifleur,-36,-80,-54,-48,-48,-30,16120
978,Eldegoss,-16,-70,-24,-8,12,20,6340
979,Wooloo,-34,-80,-59,-48,-63,8,17374
980,Dubwool,-4,-40,-14,-28,-18,48,5224
981,Chewtle,-26,-56,-64,-50,-70,4,15324
982,Drednaw,14,-5,-24,-40,-40,34,5153
983,Yamper,-17,-75,-64,-48,-58,-14,15874
984,Boltund,-7,-30,-54,2,-48,81,12734
985,Rolycoly,-46,-80,-64,-48,-58,-10,18380
986,Carkol,4,-60,-24,-28,-38,10,6520
987,Coalossal,34,-40,6,-8,-18,-10,3280
988,Applin,-36,-80,-34,-48,-68,-20,16180
989,Flapple,-6,-10,-34,7,-48,30,4545
990,Appletun,34,-35,-34,12,-28,-10,4565
991,Silicobra,-24,-63,-39,-53,-58,6,12275
992,Sandaconda,-4,-13,11,-23,-38,31,3240
993,Cramorant,-6,-35,-59,-3,-13,45,6945
994,Arrokuda,-35,-57,-74,-48,-78,26,19014
995,Barraskewda,-15,3,-54,-28,-58,96,16514
996,Toxel,-36,-82,-79,-34,-73,0,20746
997,Toxtricity,-1,-22,-44,26,-38,35,5766
998,Sizzlipede,-26,-55,-69,-38,-58,5,13295
999,Centiskorch,24,-5,-49,2,-18,25,3955
1000,Clobbopus,-26,-52,-54,-38,-58,-8,11168
1001,Grapploct,4,-2,-24,-18,-28,2,1708
1002,Sinistea,-36,-75,-69,-14,-54,10,14894
1003,Polteageist,-16,-55,-49,46,6,30,8734
1004,Hatenna,-34,-90,-69,-32,-55,-1,18067
1005,Hattrem,-19,-80,-49,-2,-35,9,10472
1006,Hatterene,-19,-30,-19,48,-5,-11,4072
1007,Impidimp,-31,-75,-84,-33,-68,10,19455
1008,Morgrem,-11,-60,-69,-13,-53,30,12360
1009,Grimmsnarl,19,0,-49,7,-33,20,4300
1010,Obstagoon,17,-30,-13,-28,-27,55,5896
1011,Perrserker,-6,-10,-14,-38,-48,10,4180
1012,Cursola,-16,-25,-64,57,22,-10,8810
1013,Sirfetch'd,-14,15,-19,-20,-26,25,2483
1014,Mr. Rime,4,-35,-39,22,-8,30,4210
1015,Runerigus,-18,-25,31,-38,-3,-10,3463
1016,Milcery,-31,-80,-74,-38,-47,-6,16526
1017,Alcremie,-11,-60,-39,22,13,24,6471
1018,Falinks,-11,-20,-14,-18,-48,35,4570
1019,Pincurchin,-28,-19,-19,3,-23,-25,2669
1020,Snom,-46,-95,-79,-43,-78,-20,25715
1021,Frosmoth,-6,-55,-54,37,-18,25,8295
1022,Stonjourner,24,5,21,-68,-88,30,14310
1023,Eiscue (Ice Face),-1,-40,-4,-23,-18,10,2570
1024,Eiscue (Noice Face),-1,-40,-44,-23,-58,90,15530
1025,Indeedee (Male),-16,-55,-59,17,-13,55,10245
1026,Indeedee (Female),-6,-65,-49,7,-3,45,8745
1027,Morpeko,-18,-25,-56,-18,-50,57,10158
1028,Cufant,-4,-40,-65,-48,-59,0,11626
1029,Copperajah,46,10,-45,-8,-39,-10,5926
1030,Dracozolt,14,-20,-24,-8,-38,35,3905
1031,Arctozolt,14,-20,-24,2,-28,15,2185
1032,Dracovish,14,-30,-14,-18,-28,35,3625
1033,Arctovish,14,-30,-14,-8,-18,15,1905
1034,Duraludon,-6,-25,1,32,-58,45,7075
1035,Dreepy,-48,-60,-84,-48,-78,42,23112
1036,Drakloak,-8,-40,-64,-28,-58,62,13752
1037,Dragapult,12,0,-39,12,-33,102,13302
1038,Zacian (Hero of Many Battles),16,0,1,-8,7,98,9974
1039,Zacian (Crowned Sword),16,30,1,-8,7,108,12934
1040,Zamazenta (Hero of Many Battles),16,0,1,-8,7,98,9974
1041,Zamazenta (Crowned Shield),16,0,26,-8,32,88,9764
1042,Eternatus,64,-35,-19,57,-13,90,17200
1043,Eternatus (Eternamax Eternatus),179,-5,136,37,142,90,80195
1044,Kubfu,-16,-30,-54,-35,-58,32,9685
1045,Urshifu,24,10,-14,-25,-48,57,7050
1046,Zarude,29,0,-9,-18,-13,65,5640
1047,Regieleki,4,-20,-64,12,-58,160,33620
1048,Regidrago,124,-20,-64,12,-58,40,24980
1049,Glastrier,24,25,16,-23,2,-10,2090
1050,Spectrier,24,-55,-54,57,-28,90,18650
1051,Calyrex,24,-40,-34,-8,-28,40,5780
1052,Calyrex (Ice Rider Calyrex),24,45,36,-3,22,10,4490
1053,Calyrex (Shadow Rider Calyrex),24,-35,-34,77,-8,110,21050
1054,Wyrdeer,27,-15,-42,17,-33,25,4721
1055,Kleavor,-6,15,-19,-43,-38,45,5940
1056,Ursaluna,54,20,-9,-43,-28,10,6130
1057,Basculegion (Male),44,-8,-49,-8,-33,38,6998
1058,Basculegion (Female),44,-28,-49,12,-33,38,7798
1059,Sneasler,4,10,-54,-48,-28,80,12520
1060,Overqwil,9,-5,-19,-23,-43,45,4870
1061,Enamorus (Incarnate Forme),-2,-5,-44,47,-28,66,9314
1062,Enamorus (Therian Forme),-2,-5,-4,47,-8,6,2354
1063,Sprigatito,-36,-59,-60,-43,-63,25,14820
1064,Floragato,-15,-40,-51,-28,-45,43,9084
1065,Meowscarada,0,-10,-44,-7,-38,83,10418
1066,Fuecoco,-9,-75,-55,-25,-68,-4,13996
1067,Crocalor,5,-65,-36,2,-50,9,8131
1068,Skeledirge,28,-45,-14,22,-33,26,5254
1069,Quaxly,-21,-55,-69,-38,-63,10,13740
1070,Quaxwell,-6,-35,-49,-23,-48,25,7120
1071,Quaquaval,9,0,-34,-3,-33,45,4360
1072,Lechonk,-22,-75,-74,-53,-63,-5,18388
1073,Oinkologne (Male),34,-20,-39,-29,-28,25,5327
1074,Oinkologne (Female),39,-30,-44,-29,-18,25,6147
1075,Tarountula,-41,-79,-69,-59,-68,-20,21188
1076,Spidops,-16,-41,-22,-36,-22,-5,4226
1077,Nymble,-43,-74,-74,-67,-83,5,24204
1078,Lokix,-5,-18,-36,-36,-53,52,8454
1079,Pawmi,-31,-70,-94,-48,-83,20,24290
1080,Pawmo,-16,-45,-74,-38,-68,45,15850
1081,Pawmot,-6,-5,-44,-18,-48,65,8850
1082,Tandemaus,-26,-70,-69,-48,-63,35,17835
1083,Maushold,-2,-45,-44,-23,-33,71,10624
1084,Fidough,-39,-65,-44,-58,-53,25,14480
1085,Dachsbun,-19,-40,1,-38,-28,55,7215
1086,Smoliv,-35,-85,-69,-30,-57,-10,17460
1087,Dolliv,-24,-67,-54,-10,-30,-7,9030
1088,Arboliva,2,-51,-24,37,1,-1,4552
1089,Squawkabilly,6,-24,-63,-43,-57,52,12383
1090,Nacli,-21,-65,-39,-53,-73,-15,14550
1091,Naclstack,-16,-60,-14,-53,-43,-5,8735
1092,Garganacl,24,-20,16,-43,-18,-5,3430
1093,Charcadet,-36,-70,-74,-38,-68,-5,17765
1094,Armarouge,9,-60,-14,37,-28,35,7255
1095,Ceruledge,-1,5,-34,-28,-8,45,4055
1096,Tadbulb,-15,-89,-73,-29,-73,5,19670
1097,Bellibolt,33,-56,-23,15,-25,5,5629
1098,Wattrel,-36,-80,-79,-33,-68,30,20550
1099,Kilowattrel,-6,-50,-54,17,-48,85,15270
1100,Maschiff,-16,-42,-54,-48,-57,11,10610
1101,Mabosstiff,4,0,-24,-28,-38,45,4845
1102,Shroodle,-36,-55,-79,-48,-73,35,19420
1103,Grafaiai,-13,-25,-49,-8,-36,70,9455
1104,Bramblin,-36,-55,-84,-43,-73,20,18955
1105,Brambleghast,-21,-5,-44,-8,-38,50,6410
1106,Toedscool,-36,-80,-79,-38,-8,30,16345
1107,Toedscruel,4,-50,-49,-8,12,60,8725
1108,Klawf,-6,-20,1,-53,-53,35,7280
1109,Capsakid,-26,-58,-74,-26,-68,10,14916
1110,Scovillain,-11,-12,-49,20,-43,35,6140
1111,Rellor,-35,-70,-54,-57,-50,-10,14890
1112,Rabsca,-1,-70,-29,27,-8,5,6560
1113,Flittle,-46,-85,-84,-33,-78,35,24795
1114,Espathra,19,-60,-54,13,-48,65,13575
1115,Tinkatink,-26,-75,-69,-53,-44,18,16131
1116,Tinkatuff,-11,-65,-59,-43,-26,38,11796
1117,Tinkaton,9,-45,-37,-18,-3,54,6724
1118,Wiglett,-66,-65,-89,-53,-83,55,29225
1119,Wugtrio,-41,-20,-64,-38,-38,80,15465
1120,Bombirdier,-6,-17,-29,-28,-23,42,4243
1121,Finizen,-6,-75,-74,-43,-68,35,18835
1122,Palafin,24,-50,-42,-35,-46,60,11781
1123,Palafin,24,40,-17,18,-21,60,6830
1124,Varoom,-31,-50,-51,-58,-63,7,13444
1125,Revavroom,4,-1,-24,-34,-41,50,5930
1126,Cyclizar,-6,-25,-49,-3,-43,81,11481
1127,Orthworm,-6,-35,31,-28,-53,25,6440
1128,Glimmet,-28,-85,-72,17,-48,20,16186
1129,Glimmora,7,-65,-24,42,-27,46,9459
1130,Greavard,-26,-59,-54,-58,-53,-6,13282
1131,Houndstone,-4,-19,-14,-38,-11,28,2922
1132,Flamigo,6,-5,-40,-13,-44,50,6266
1133,Cetoddle,32,-52,-69,-58,-68,3,16486
1134,Cetitan,94,-7,-49,-43,-53,33,17033
1135,Veluza,14,-18,-41,-10,-43,30,5050
1136,Dondozo,74,-20,1,-23,-43,-5,8280
1137,Tatsugiri,-8,-70,-54,32,-13,42,10837
1138,Annihilape,34,-5,-34,-38,-18,50,6605
1139,Clodsire,54,-45,-54,-43,-8,-20,10170
1140,Farigiraf,44,-30,-44,22,-38,20,7100
1141,Dudunsparce,49,-20,-34,-3,-33,15,5280
1142,Kingambit,24,15,6,-28,-23,10,2250
1143,Great Tusk,39,11,17,-35,-55,47,8390
1144,Scream Tail,39,-55,-15,-23,7,71,10390
1145,Brute Bonnet,35,7,-15,-9,-9,15,1886
1146,Flutter Mane,-21,-65,-59,47,27,95,20110
1147,Slither Wing,9,15,-35,-3,-3,41,3230
1148,Sandy Shocks,9,-39,-17,33,-23,61,7230
1149,Iron Treads,14,-8,6,-16,-38,66,6352
1150,Iron Bundle,-20,-40,0,36,-48,96,14816
1151,Iron Hands,78,20,-6,-38,-40,10,9664
1152,Iron Jugulis,18,-40,-28,34,-28,68,9272
1153,Iron Moth,4,-50,-54,52,2,70,13040
1154,Iron Thorns,24,14,-4,-18,-24,32,2712
1155,Frigibax,-11,-45,-69,-53,-63,15,13910
1156,Arctibax,14,-25,-48,-43,-43,22,7307
1157,Baxcalibur,39,25,-22,-13,-22,47,5492
1158,Gimmighoul (Chest Form),-31,-90,-44,-13,-38,-30,13510
1159,Gimmighoul (Roaming Form),-31,-90,-89,-13,-63,40,22720
1160,Gholdengo,11,-60,-19,45,-17,44,8332
1161,Wo-Chien,9,-35,-14,7,27,30,3180
1162,Chien-Pao,4,0,-34,2,-43,95,12050
1163,Ting-Lu,79,-10,11,-33,-28,5,8360
1164,Chi-Yu,-21,-40,-34,47,12,60,9150
1165,Roaring Moon,29,19,-43,-33,-7,79,10430
1166,Iron Valiant,-2,10,-24,32,-48,76,9784
1167,Koraidon,24,15,1,-3,-8,95,9900
1168,Miraidon,24,-35,-14,47,7,95,13280
