Aaron Carter vs. Pokemon SSE,pokemon,D_HP,D_ATK,D_DEF,D_SPA,D_SPD,D_SPE,SSE
0,Bulbasaur,-19,-46,-45,-4,-19,-5,4904
1,Ivysaur,-4,-33,-31,11,-4,10,2303
2,Venusaur,16,-13,-11,31,16,30,2663
3,Venusaur (Mega Venusaur),16,5,29,53,36,30,6127
4,Charmander,-25,-43,-51,-9,-34,15,6537
5,Charmeleon,-6,-31,-36,11,-19,30,3675
6,Charizard,14,-11,-16,40,1,50,4674
7,Charizard (Mega Charizard X),14,35,17,61,1,50,7932
8,Charizard (Mega Charizard Y),14,9,-16,90,31,50,12094
9,Squirtle,-20,-47,-29,-19,-20,-7,4260
10,Wartortle,-5,-32,-14,-4,-4,8,1341
11,Blastoise,15,-12,6,16,21,28,1886
12,Blastoise (Mega Blastoise),15,8,26,66,31,28,7066
13,Caterpie,-19,-65,-59,-49,-64,-5,14589
14,Metapod,-14,-75,-39,-44,-59,-20,13159
15,Butterfree,-4,-50,-44,21,-4,20,5309
16,Weedle,-24,-60,-64,-49,-64,0,14769
17,Kakuna,-19,-70,-44,-44,-59,-15,12839
18,Beedrill,1,-5,-54,-24,-4,25,4159
19,Beedrill (Mega Beedrill),1,55,-54,-54,-4,95,17899
20,Pidgey,-24,-50,-54,-34,-49,6,9585
21,Pidgeotto,-1,-35,-39,-19,-34,21,4705
22,Pidgeot,19,-15,-19,1,-14,51,3745
23,Pidgeot (Mega Pidgeot),19,-15,-14,66,-4,71,10195
24,Rattata,-34,-39,-59,-44,-49,22,10979
25,Rattata (Alolan Rattata),-34,-39,-59,-44,-49,22,10979
26,Raticate,-9,-14,-34,-19,-14,47,4199
27,Raticate (Alolan Raticate),11,-24,-24,-29,-4,27,2859
28,Spearow,-24,-35,-64,-38,-53,20,10550
29,Fearow,1,-5,-29,-8,-23,50,3960
30,Ekans,-29,-35,-50,-29,-30,5,6332
31,Arbok,-4,0,-25,-4,-5,30,1582
32,Pikachu,-29,-40,-54,-19,-34,40,8474
33,Pikachu (Partner Pikachu),-19,-15,-44,6,-24,70,8034
34,Raichu,-4,-5,-39,21,-4,60,5619
35,Raichu (Alolan Raichu),-4,-10,-44,26,1,60,6329
36,Sandshrew,-14,-20,-9,-49,-54,-10,6094
37,Sandshrew (Alolan Sandshrew),-14,-20,-4,-59,-49,-10,6594
38,Sandslash,11,5,16,-24,-29,15,2044
39,Sandslash (Alolan Sandslash),11,5,26,-44,-19,15,3344
40,Nidoran♀,-9,-48,-42,-29,-44,-9,7007
41,Nidorina,6,-33,-27,-14,-29,6,2927
42,Nidoqueen,26,-3,-7,6,1,26,1447
43,Nidoran♂,-18,-38,-54,-29,-44,0,7461
44,Nidorino,-3,-23,-37,-14,-29,15,3169
45,Nidoking,17,7,-17,16,-9,35,2189
46,Clefairy,6,-50,-46,-9,-19,-15,5319
47,Clefable,31,-25,-21,26,6,10,2839
48,Vulpix,-26,-54,-54,-19,-19,15,7455
49,Vulpix (Alolan Vulpix),-26,-54,-54,-19,-19,15,7455
50,Ninetales,9,-19,-19,12,16,50,3703
51,Ninetales (Alolan Ninetales),9,-28,-19,12,16,59,5107
52,Jigglypuff,51,-50,-74,-24,-59,-30,15534
53,Wigglytuff,76,-25,-49,16,-34,-5,10239
54,Zubat,-24,-50,-59,-39,-44,5,10039
55,Golbat,11,-15,-24,-4,-9,40,2619
56,Oddish,-19,-45,-39,6,-19,-20,4704
57,Gloom,-4,-30,-24,16,-9,-10,1929
58,Vileplume,11,-15,-9,41,6,0,2144
59,Paras,-29,-25,-39,-24,-29,-25,5029
60,Parasect,-4,0,-14,-9,-4,-20,709
61,Venonat,-4,-40,-44,-29,-29,-5,5259
62,Venomoth,6,-30,-34,21,-9,40,4214
63,Diglett,-54,-40,-69,-34,-39,45,13979
64,Diglett (Alolan Diglett),-54,-40,-64,-34,-39,40,12889
65,Dugtrio,-29,5,-44,-19,-14,70,8259
66,Dugtrio (Alolan Dugtrio),-29,5,-34,-19,-14,60,6179
67,Meowth,-24,-50,-59,-29,-44,40,10934
68,Meowth (Alolan Meowth),-24,-60,-59,-19,-44,40,11554
69,Meowth (Galarian Meowth),-14,-30,-39,-29,-44,-10,5494
70,Persian,1,-25,-34,-4,-19,65,6384
71,Persian (Alolan Persian),1,-35,-34,6,-19,65,7004
72,Psyduck,-14,-43,-46,-4,-34,5,5358
73,Golduck,16,-13,-16,26,-4,35,2598
74,Mankey,-24,-15,-59,-34,-39,20,7359
75,Primeape,1,10,-34,-9,-14,45,3559
76,Growlithe,-9,-25,-49,1,-34,10,4364
77,Growlithe (Hisuian Growlithe),-4,-20,-49,-4,-34,5,4014
78,Arcanine,26,15,-14,31,-4,45,4099
79,Arcanine (Hisuian Arcanine),31,20,-14,26,-4,40,3849
80,Poliwag,-24,-45,-54,-29,-44,40,9894
81,Poliwhirl,1,-30,-29,-19,-34,40,4859
82,Poliwrath,26,0,1,1,6,20,1114
83,Abra,-39,-75,-79,36,-29,40,17124
84,Kadabra,-24,-60,-64,51,-14,55,14094
85,Alakazam,-9,-45,-49,66,11,70,13884
86,Alakazam (Mega Alakazam),-9,-45,-29,106,21,100,24624
87,Machop,6,-15,-44,-34,-49,-15,5979
88,Machoke,16,5,-24,-19,-24,-5,1819
89,Machamp,26,35,-14,-4,1,5,2139
90,Bellsprout,-14,-20,-59,1,-54,-10,7094
91,Weepinbell,1,-5,-44,16,-39,5,3764
92,Victreebel,16,10,-29,31,-14,20,2754
93,Tentacool,-24,-55,-59,-19,16,20,8099
94,Tentacruel,16,-25,-29,11,36,50,5639
95,Geodude,-24,-15,6,-39,-54,-30,6174
96,Geodude (Alolan Geodude),-24,-15,6,-39,-54,-30,6174
97,Graveler,-9,0,21,-24,-39,-15,2844
98,Graveler (Alolan Graveler),-9,0,21,-24,-39,-15,2844
99,Golem,16,25,36,-14,-19,-5,2759
100,Golem (Alolan Golem),16,25,36,-14,-19,-5,2759
101,Ponyta,-14,-10,-39,-4,-19,40,3794
102,Ponyta (Galarian Ponyta),-14,-10,-39,-4,-19,40,3794
103,Rapidash,1,5,-24,11,-4,55,3764
104,Rapidash (Galarian Rapidash),1,5,-24,11,-4,55,3764
105,Slowpoke,26,-30,-29,-29,-44,-35,6419
106,Slowpoke (Galarian Slowpoke),26,-30,-29,-29,-44,-35,6419
107,Slowbro,31,-20,16,31,-4,-20,2994
108,Slowbro (Mega Slowbro),31,-20,86,61,-4,-20,12894
109,Slowbro (Galarian Slowbro),31,5,1,31,-14,-20,2544
110,Magnemite,-39,-60,-24,26,-29,-5,7239
111,Magneton,-14,-35,1,51,-14,20,4619
112,Farfetch'd,-12,-5,-39,-11,-22,10,2395
113,Farfetch'd (Galarian Farfetch'd),-12,0,-39,-11,-22,5,2295
114,Doduo,-29,-10,-49,-34,-49,25,7524
115,Dodrio,-4,15,-24,-9,-24,60,5074
116,Seel,1,-50,-39,-24,-14,-5,4819
117,Dewgong,26,-25,-14,1,11,20,2019
118,Grimer,16,-15,-44,-29,-34,-25,5039
119,Grimer (Alolan Grimer),16,-15,-44,-29,-34,-25,5039
120,Muk,41,10,-19,-4,16,0,2414
121,Muk (Alolan Muk),41,10,-19,-4,16,0,2414
122,Shellder,-34,-30,6,-24,-59,-10,6249
123,Cloyster,-14,0,86,16,-39,20,9769
124,Gastly,-34,-60,-64,31,-49,30,13114
125,Haunter,-19,-45,-49,46,-29,45,9769
126,Gengar,-4,-30,-34,61,-9,60,9474
127,Gengar (Mega Gengar),-4,-30,-14,101,11,80,17834
128,Onix,-29,-50,66,-39,-39,20,11139
129,Drowzee,-4,-47,-49,-26,6,-8,5402
130,Hypno,21,-22,-24,4,31,17,2767
131,Krabby,-34,10,-4,-44,-59,0,6689
132,Kingler,-9,35,21,-19,-34,25,3889
133,Voltorb,-24,-65,-44,-14,-29,50,10274
134,Voltorb (Hisuian Voltorb),-24,-65,-44,-14,-29,50,10274
135,Electrode,-4,-45,-24,11,-4,100,12754
136,Electrode (Hisuian Electrode),-4,-45,-24,11,-4,100,12754
137,Exeggcute,-4,-55,-14,-9,-39,-10,4939
138,Exeggutor,31,0,-9,56,-9,5,4284
139,Exeggutor (Alolan Exeggutor),31,10,-9,56,-9,-5,4384
140,Cubone,-14,-45,1,-29,-34,-15,4444
141,Marowak,-4,-15,16,-19,-4,-5,899
142,Marowak (Alolan Marowak),-4,-15,16,-19,-4,-5,899
143,Hitmonlee,-14,25,-41,-34,26,37,5703
144,Hitmonchan,-14,10,-15,-34,26,26,3029
145,Lickitung,26,-40,-19,-9,-9,-20,3199
146,Koffing,-24,-30,1,-9,-39,-15,3304
147,Weezing,1,-5,26,16,-14,10,1254
148,Weezing (Galarian Weezing),1,-5,26,16,-14,10,1254
149,Rhyhorn,16,-10,1,-39,-54,-25,5419
150,Rhydon,41,35,26,-24,-39,-10,5779
151,Chansey,186,-90,-89,-34,21,0,52214
152,Tangela,1,-40,21,31,-44,10,5039
153,Kangaskhan,41,0,-14,-29,-4,40,4334
154,Kangaskhan (Mega Kangaskhan),41,30,6,-9,16,50,5454
155,Horsea,-34,-55,-24,1,-59,10,8339
156,Seadra,-9,-30,1,26,-39,35,4404
157,Goldeen,-19,-28,-34,-34,-34,13,4782
158,Seaking,16,-3,-29,-4,-4,18,1462
159,Staryu,-34,-50,-39,1,-29,35,7244
160,Starmie,-4,-20,-9,31,1,65,5684
161,Mr. Mime,-24,-50,-29,31,36,40,7774
162,Mr. Mime (Galarian Mr. Mime),-14,-30,-29,21,6,50,4914
163,Scyther,6,15,-14,-14,-4,55,3694
164,Jynx,1,-45,-59,46,11,45,9769
165,Electabuzz,1,-12,-37,26,1,55,5216
166,Magmar,1,0,-37,31,1,43,4181
167,Pinsir,1,30,6,-14,-14,35,2554
168,Pinsir (Mega Pinsir),1,60,26,-4,6,55,7354
169,Tauros,11,5,1,-29,-14,60,4784
170,Tauros (Paldean Tauros (Combat Breed)),11,15,11,-39,-14,50,4684
171,Tauros (Paldean Tauros (Blaze Breed)),11,15,11,-39,-14,50,4684
172,Tauros (Paldean Tauros (Aqua Breed)),11,15,11,-39,-14,50,4684
173,Magikarp,-44,-85,-39,-54,-64,30,18594
174,Gyarados,31,30,-15,-9,16,31,3384
175,Gyarados (Mega Gyarados),31,60,15,1,46,31,7864
176,Lapras,66,-10,-14,16,11,10,5129
177,Ditto,-16,-47,-46,-21,-36,-2,6322
178,Eevee,-9,-40,-44,-24,-19,5,4579
179,Eevee (Partner Eevee),1,-20,-24,-4,1,25,1619
180,Vaporeon,66,-30,-34,41,11,15,8439
181,Jolteon,1,-30,-34,41,11,80,10259
182,Flareon,1,35,-34,26,26,15,3959
183,Porygon,1,-35,-24,16,-9,-10,2239
184,Omanyte,-29,-55,6,21,-29,-15,5409
185,Omastar,6,-35,31,46,-14,5,4559
186,Kabuto,-34,-15,-4,-14,-39,5,3139
187,Kabutops,-4,20,11,-4,-14,30,1649
188,Aerodactyl,16,10,-29,-9,-9,80,7759
189,Aerodactyl (Mega Aerodactyl),16,40,-9,1,11,100,12059
190,Snorlax,96,15,-29,-4,26,-20,11374
191,Articuno,26,-10,6,26,41,35,4394
192,Articuno (Galarian Articuno),26,-10,-9,56,16,45,6274
193,Zapdos,26,-5,-9,56,6,50,6454
194,Zapdos (Galarian Zapdos),26,30,-4,16,6,50,4384
195,Moltres,26,5,-4,56,1,40,5454
196,Moltres (Galarian Moltres),26,-10,-4,31,41,40,5034
197,Dratini,-23,-31,-49,-19,-34,0,5408
198,Dragonair,-3,-11,-29,1,-14,20,1568
199,Dragonite,27,39,1,31,16,30,4368
200,Mewtwo,42,15,-4,85,6,80,15666
201,Mewtwo (Mega Mewtwo X),42,95,6,85,16,80,24706
202,Mewtwo (Mega Mewtwo Y),42,55,-24,125,36,90,30386
203,Mew,36,5,6,31,16,50,5074
204,Chikorita,-19,-46,-29,-20,-19,-5,4104
205,Bayleef,-4,-33,-14,-6,-4,10,1453
206,Meganium,16,-13,6,14,16,30,1813
207,Cyndaquil,-25,-43,-51,-9,-34,15,6537
208,Quilava,-6,-31,-36,11,-19,30,3675
209,Typhlosion,14,-11,-16,40,1,50,4674
210,Typhlosion (Hisuian Typhlosion),9,-11,-16,50,1,45,4984
211,Totodile,-14,-30,-30,-25,-36,-7,3966
212,Croconaw,1,-15,-14,-10,-21,8,1027
213,Feraligatr,21,10,6,10,-1,28,1462
214,Sentret,-29,-49,-60,-34,-39,-30,10419
215,Furret,21,-19,-30,-24,-29,40,4719
216,Hoothoot,-4,-65,-64,-33,-28,0,10210
217,Noctowl,36,-45,-44,17,12,20,6090
218,Ledyba,-24,-75,-64,-29,-4,5,11179
219,Ledian,-9,-60,-44,-14,26,35,7714
220,Spinarak,-24,-35,-54,-29,-44,-20,7894
221,Ariados,6,-5,-24,-9,-14,-10,1014
222,Crobat,21,-5,-14,1,-4,80,7079
223,Chinchou,11,-57,-56,-13,-28,17,7748
224,Lanturn,61,-37,-36,7,-8,17,6788
225,Pichu,-44,-55,-79,-34,-49,10,14859
226,Cleffa,-14,-70,-66,-24,-29,-35,12094
227,Igglybuff,26,-65,-79,-29,-64,-35,17304
228,Togepi,-29,-75,-29,-29,-19,-30,9409
229,Togetic,-9,-55,-9,11,21,-10,3849
230,Natu,-24,-45,-49,1,-39,20,6924
231,Xatu,1,-20,-24,26,-14,45,3874
232,Mareep,-9,-55,-54,-4,-39,-15,7784
233,Flaaffy,6,-40,-39,11,-24,-5,3879
234,Ampharos,26,-20,-9,46,6,5,3334
235,Ampharos (Mega Ampharos),26,0,11,96,26,-5,10714
236,Bellossom,11,-15,1,21,16,0,1044
237,Marill,6,-75,-44,-49,-34,-10,11254
238,Azumarill,36,-45,-14,-9,-4,0,3614
239,Sudowoodo,6,5,21,-39,-19,-20,2784
240,Politoed,26,-20,-19,21,16,20,2534
241,Hoppip,-29,-60,-54,-34,-29,0,9354
242,Skiploom,-9,-50,-44,-24,-19,30,6354
243,Jumpluff,11,-40,-24,-14,11,60,6214
244,Aipom,-9,-25,-39,-29,-29,35,5134
245,Sunkern,-34,-65,-64,-39,-54,-20,14314
246,Sunflora,11,-20,-39,36,1,-20,3739
247,Yanma,1,-30,-49,6,-39,45,6884
248,Wooper,-9,-50,-49,-44,-59,-35,11624
249,Wooper (Paldean Wooper),-9,-50,-49,-44,-59,-35,11624
250,Quagsire,31,-10,-9,-4,-19,-15,1744
251,Espeon,1,-30,-34,61,11,60,9499
252,Umbreon,31,-30,16,-9,46,15,4539
253,Murkrow,-4,-10,-52,16,-42,41,6521
254,Slowking,31,-20,-14,31,26,-20,3594
255,Slowking (Galarian Slowking),31,-30,-14,41,26,-20,4814
256,Misdreavus,-4,-35,-34,16,1,35,3879
257,Unown,-16,-23,-46,3,-36,-2,4210
258,Wobbuffet,126,-62,-36,-36,-26,-17,23277
259,Girafarig,6,-15,-29,21,-19,35,3129
260,Pineco,-14,-30,-4,-34,-49,-35,5894
261,Forretress,11,-5,46,-9,-24,-10,3019
262,Dunsparce,36,-25,-24,-4,-19,-5,2899
263,Gligar,1,-20,11,-34,-19,35,3264
264,Steelix,11,-10,106,-14,-19,-20,12414
265,Steelix (Mega Steelix),11,30,136,-14,11,-20,20234
266,Snubbull,-4,-15,-44,-29,-44,-20,5354
267,Granbull,26,25,-19,-9,-24,-5,2344
268,Qwilfish,1,0,-9,-14,-29,35,2344
269,Qwilfish (Hisuian Qwilfish),1,0,-9,-14,-29,35,2344
270,Scizor,6,35,6,-14,-4,15,1734
271,Scizor (Mega Scizor),6,55,46,-4,16,25,6074
272,Shuckle,-44,-85,136,-59,146,-45,54479
273,Heracross,16,30,-19,-29,11,35,3704
274,Heracross (Mega Heracross),16,90,21,-29,21,25,10704
275,Sneasel,-9,0,-39,-34,-9,65,7064
276,Sneasel (Hisuian Sneasel),-9,0,-39,-34,-9,65,7064
277,Teddiursa,-4,-15,-44,-19,-34,-10,3794
278,Ursaring,26,35,-19,6,-9,5,2404
279,Slugma,-24,-55,-54,1,-44,-30,9354
280,Magcargo,-4,-45,26,21,-4,-20,3574
281,Swinub,-14,-45,-54,-39,-54,0,9574
282,Piloswine,36,5,-14,-9,-24,0,2174
283,Corsola,1,-40,1,-4,11,-15,1964
284,Corsola (Galarian Corsola),-4,-40,6,-4,16,-20,2324
285,Remoraid,-29,-30,-59,-4,-49,15,7864
286,Octillery,11,10,-19,36,-9,-5,1984
287,Delibird,-19,-40,-49,-4,-39,25,6524
288,Mantine,21,-55,-24,11,56,20,7699
289,Skarmory,1,-15,46,-29,-14,20,3779
290,Houndour,-19,-35,-64,11,-34,15,7184
291,Houndoom,11,-5,-44,41,-4,45,5804
292,Houndoom (Mega Houndoom),11,-5,-4,71,6,65,9464
293,Kingdra,11,0,1,26,11,35,2144
294,Phanpy,26,-35,-34,-29,-44,-10,5934
295,Donphan,26,25,26,-9,-24,0,2634
296,Porygon2,21,-15,-4,36,11,10,2199
297,Stantler,9,0,-32,16,-19,35,2947
298,Smeargle,-9,-75,-59,-49,-39,25,13734
299,Tyrogue,-29,-60,-59,-34,-49,-15,11704
300,Hitmontop,-14,0,1,-34,26,20,2429
301,Smoochum,-19,-65,-79,16,-19,15,11669
302,Elekid,-19,-32,-57,-4,-29,45,7516
303,Magby,-19,-20,-57,1,-29,33,5941
304,Miltank,31,-15,11,-29,-14,50,4844
305,Blissey,191,-85,-84,6,51,5,53424
306,Raikou,26,-10,-19,46,16,65,7734
307,Entei,51,20,-9,21,-9,50,6104
308,Suicune,36,-20,21,21,31,35,4764
309,Larvitar,-14,-31,-44,-24,-34,-9,4906
310,Pupitar,6,-11,-24,-4,-14,1,946
311,Tyranitar,36,39,16,26,16,11,4126
312,Tyranitar (Mega Tyranitar),36,69,56,26,36,21,11606
313,Lugia,42,-5,36,21,70,60,12026
314,Ho-Oh,42,35,-4,41,70,40,11186
315,Celebi,36,5,6,31,16,50,5074
316,Treecko,-24,-50,-59,-4,-29,20,7814
317,Grovyle,-14,-30,-49,16,-19,45,6139
318,Sceptile,6,-10,-29,36,1,70,7174
319,Sceptile (Mega Sceptile),6,15,-19,76,1,95,15424
320,Torchic,-19,-35,-54,1,-34,-5,5684
321,Combusken,-4,-10,-34,16,-24,5,2129
322,Blaziken,16,25,-24,41,-14,30,4234
323,Blaziken (Mega Blaziken),16,65,-14,61,-4,50,10914
324,Mudkip,-14,-25,-44,-19,-34,-10,4374
325,Marshtomp,6,-10,-24,-9,-14,0,989
326,Swampert,36,15,-4,16,6,10,1929
327,Swampert (Mega Swampert),36,55,16,26,26,20,6329
328,Poochyena,-29,-40,-59,-39,-54,-15,10584
329,Mightyena,6,-5,-24,-9,-24,20,1694
330,Zigzagoon,-26,-65,-53,-39,-43,10,11180
331,Zigzagoon (Galarian Zigzagoon),-26,-65,-53,-39,-43,10,11180
332,Linoone,14,-25,-33,-19,-23,50,5300
333,Linoone (Galarian Linoone),14,-25,-33,-19,-23,50,5300
334,Wurmple,-19,-50,-59,-49,-54,-30,12559
335,Silcoon,-14,-60,-39,-44,-59,-35,11959
336,Beautifly,-4,-25,-44,31,-34,15,4919
337,Cascoon,-14,-60,-39,-44,-59,-35,11959
338,Dustox,-4,-45,-24,-19,6,15,3239
339,Lotad,-24,-65,-64,-29,-34,-20,11294
340,Lombre,-4,-45,-44,-9,-14,0,4254
341,Ludicolo,16,-25,-24,21,16,20,2554
342,Seedot,-24,-55,-44,-39,-54,-20,10374
343,Nuzleaf,6,-25,-54,-9,-44,10,5694
344,Shiftry,26,5,-34,21,-24,30,3774
345,Taillow,-24,-40,-64,-39,-54,35,11934
346,Swellow,-4,-10,-34,6,-34,75,8089
347,Wingull,-24,-65,-64,-14,-54,35,13234
348,Pelipper,-4,-45,6,26,-14,15,3174
349,Ralts,-36,-70,-69,-24,-49,-10,14034
350,Kirlia,-26,-60,-59,-4,-29,0,8614
351,Gardevoir,4,-30,-29,56,31,30,6754
352,Gardevoir (Mega Gardevoir),4,-10,-29,96,51,50,15274
353,Surskit,-24,-65,-62,-19,-32,15,10255
354,Masquerain,6,-35,-32,31,-2,30,4150
355,Shroomish,-4,-55,-34,-29,-24,-15,5839
356,Breloom,-4,35,-14,-9,-24,20,2494
357,Slakoth,-4,-35,-34,-34,-49,-20,6354
358,Vigoroth,16,-15,-14,-14,-29,40,3314
359,Slaking,86,65,6,26,-19,50,15194
360,Nincada,-33,-50,-4,-39,-54,-10,8142
361,Ninjask,-3,-5,-49,-19,-34,110,16052
362,Shedinja,-63,-5,-49,-39,-54,-10,10932
363,Whismur,0,-44,-71,-18,-61,-22,11506
364,Loudred,20,-24,-51,2,-41,-2,5266
365,Exploud,40,-4,-31,22,-11,18,3506
366,Makuhita,8,-35,-64,-49,-54,-25,11327
367,Hariyama,80,25,-34,-29,-24,0,9598
368,Azurill,-14,-75,-54,-49,-44,-30,13974
369,Nosepass,-34,-50,41,-24,6,-20,6349
370,Skitty,-14,-50,-49,-34,-49,0,8654
371,Delcatty,6,-30,-29,-14,-29,40,4414
372,Sableye,-14,-20,-19,-4,-19,0,1334
373,Sableye (Mega Sableye),-14,-10,31,16,31,-30,3374
374,Mawile,-14,-10,-9,-14,-29,0,1414
375,Mawile (Mega Mawile),-14,10,31,-14,11,0,1574
376,Aron,-14,-25,6,-29,-44,-20,4034
377,Lairon,-4,-5,46,-19,-34,-10,3774
378,Aggron,6,15,86,-9,-24,0,8314
379,Aggron (Mega Aggron),6,45,136,-9,-4,0,20654
380,Meditite,-34,-55,-39,-29,-29,10,7484
381,Medicham,-4,-35,-19,-9,-9,30,2664
382,Medicham (Mega Medicham),-4,5,-9,11,1,50,2744
383,Electrike,-24,-50,-54,-4,-44,15,8169
384,Manectric,6,-20,-34,36,-24,55,6489
385,Manectric (Mega Manectric),6,-20,-14,66,-4,85,12229
386,Plusle,-4,-45,-54,16,-9,45,7319
387,Minun,-4,-55,-44,6,1,45,7039
388,Volbeat,1,-22,-19,-22,1,35,2556
389,Illumise,1,-48,-19,4,1,35,3908
390,Roselia,-14,-35,-49,31,-4,15,5024
391,Gulpin,6,-52,-41,-26,-31,-10,6158
392,Swalot,36,-22,-11,4,-1,5,1943
393,Carvanha,-19,-5,-74,-4,-64,15,10199
394,Sharpedo,6,25,-54,26,-44,45,8214
395,Sharpedo (Mega Sharpedo),6,45,-24,41,-19,55,7704
396,Wailmer,66,-25,-59,1,-49,10,10964
397,Wailord,106,-5,-49,21,-39,10,15724
398,Numel,-4,-35,-54,-4,-39,-15,5919
399,Camerupt,6,5,-24,36,-9,-10,2114
400,Camerupt (Mega Camerupt),6,25,6,76,21,-30,7814
401,Torkoal,6,-10,46,16,-14,-30,3604
402,Spoink,-4,-70,-59,1,-4,10,8514
403,Grumpig,16,-50,-29,21,26,30,5614
404,Spinda,-4,-35,-34,-9,-24,10,3154
405,Trapinch,-19,5,-49,-24,-39,-40,6484
406,Vibrava,-14,-25,-44,-19,-34,20,4674
407,Flygon,16,5,-14,11,-4,50,3114
408,Cacnea,-14,-10,-54,16,-44,-15,5629
409,Cacturne,6,20,-34,46,-24,5,4309
410,Swablu,-19,-55,-34,-29,-9,0,5464
411,Altaria,11,-25,-4,1,21,30,2104
412,Altaria (Mega Altaria),11,15,16,41,21,30,3624
413,Zangoose,9,20,-34,-9,-24,40,3894
414,Seviper,9,5,-34,31,-24,15,3024
415,Lunatone,26,-40,-29,26,1,20,4194
416,Solrock,26,0,-9,-14,-19,20,1714
417,Barboach,-14,-47,-51,-23,-43,10,7484
418,Whiscash,46,-17,-21,7,-13,10,3164
419,Corphish,-21,-15,-29,-19,-49,-15,4494
420,Crawdaunt,-1,25,-9,21,-29,5,2014
421,Baltoy,-24,-55,-39,-29,-14,5,6184
422,Claydol,-4,-25,11,1,36,25,2684
423,Lileep,2,-54,-17,-8,3,-27,4011
424,Cradily,22,-14,3,12,23,-7,1411
425,Anorith,-19,0,-44,-29,-34,25,4919
426,Armaldo,11,30,6,1,-4,-5,1099
427,Feebas,-44,-80,-74,-59,-29,30,19034
428,Milotic,31,-35,-15,31,41,31,6014
429,Castform,6,-25,-24,1,-14,20,1834
430,Kecleon,-4,-5,-24,-9,36,-10,2094
431,Shuppet,-20,-20,-59,-6,-51,-5,6943
432,Banette,0,20,-29,14,-21,15,2103
433,Banette (Mega Banette),0,70,-19,24,-1,25,6463
434,Duskull,-44,-55,-4,-39,6,-25,7159
435,Dusclops,-24,-25,36,-9,46,-25,5319
436,Tropius,35,-27,-11,3,3,1,2094
437,Chimecho,11,-45,-14,26,6,15,3279
438,Absol,1,35,-34,6,-24,25,3619
439,Absol (Mega Absol),1,55,-34,46,-24,65,11099
440,Wynaut,31,-72,-46,-46,-36,-27,12402
441,Snorunt,-14,-45,-44,-19,-34,0,5674
442,Glalie,16,-15,-14,11,-4,30,1714
443,Glalie (Mega Glalie),16,25,-14,51,-4,50,6194
444,Spheal,6,-55,-44,-14,-34,-25,6974
445,Sealeo,26,-35,-24,6,-14,-5,2734
446,Walrein,46,-15,-4,26,6,15,3294
447,Clamperl,-29,-31,-9,5,-29,-18,3073
448,Huntail,-9,9,11,25,-9,2,993
449,Gorebyss,-9,-11,11,45,-9,2,2433
450,Relicanth,36,-5,36,-24,-19,5,3579
451,Luvdisc,-21,-65,-39,-29,-19,47,9598
452,Bagon,-19,-20,-34,-29,-54,0,5674
453,Shelgon,1,0,6,-9,-34,0,1274
454,Salamence,31,40,-14,41,-4,50,6954
455,Salamence (Mega Salamence),31,50,36,51,6,70,12294
456,Beldum,-24,-40,-14,-34,-24,-20,4504
457,Metang,-4,-20,6,-14,-4,0,664
458,Metagross,16,40,36,26,6,20,4264
459,Metagross (Mega Metagross),16,50,56,36,26,60,11464
460,Regirock,16,5,106,-19,16,0,12134
461,Regice,16,-45,6,31,116,0,16734
462,Registeel,16,-20,56,6,66,0,8184
463,Latias,16,-15,-4,41,46,60,7894
464,Latias (Mega Latias),16,5,26,71,66,60,13954
465,Latios,16,-5,-14,61,26,60,8474
466,Latios (Mega Latios),16,35,6,91,36,60,14694
467,Kyogre,36,5,-4,81,56,40,12634
468,Kyogre (Primal Kyogre),36,55,-4,111,76,40,24034
469,Groudon,36,55,46,31,6,40,9034
470,Groudon (Primal Groudon),36,85,66,81,6,40,21074
471,Rayquaza,41,55,-4,81,6,45,13344
472,Rayquaza (Mega Rayquaza),41,85,6,111,16,65,25744
473,Jirachi,36,5,6,31,16,50,5074
474,Deoxys (Normal Forme),-14,55,-44,81,-34,100,22874
475,Deoxys (Attack Forme),-14,85,-74,111,-64,100,39314
476,Deoxys (Defense Forme),-14,-25,66,1,76,40,12554
477,Deoxys (Speed Forme),-14,0,-4,26,6,130,17824
478,Turtwig,-9,-27,-30,-24,-29,-19,3488
479,Grotle,11,-6,-9,-14,-19,-14,991
480,Torterra,31,14,11,6,1,6,1351
481,Chimchar,-20,-37,-50,-11,-40,11,6111
482,Monferno,0,-17,-42,9,-32,31,4119
483,Infernape,12,9,-23,35,-13,58,5512
484,Piplup,-11,-44,-41,-8,-28,-10,4686
485,Prinplup,0,-29,-26,12,-8,0,1725
486,Empoleon,20,-9,-6,42,17,10,2670
487,Starly,-24,-40,-64,-39,-54,10,10809
488,Staravia,-9,-20,-44,-29,-44,30,6094
489,Staraptor,21,25,-24,-19,-24,50,5079
490,Bidoof,-5,-50,-54,-34,-44,-19,8894
491,Bibarel,15,-10,-34,-14,-24,21,2694
492,Kricketot,-27,-70,-53,-44,-43,-25,12848
493,Kricketune,13,-10,-43,-14,-33,15,3628
494,Shinx,-19,-30,-60,-29,-50,-5,8227
495,Luxio,-4,-10,-45,-9,-35,10,3547
496,Luxray,16,25,-15,26,-5,20,2207
497,Budew,-24,-65,-59,-19,-14,5,8864
498,Roserade,-4,-25,-29,56,21,40,6659
499,Cranidos,3,30,-54,-39,-54,8,8326
500,Rampardos,33,70,-34,-4,-34,8,8381
501,Shieldon,-34,-53,24,-27,4,-20,5686
502,Bastiodon,-4,-43,74,-22,54,-20,11141
503,Burmy,-24,-66,-49,-40,-39,-14,10650
504,Wormadam (Plant Cloak),-4,-36,-9,10,21,-14,2130
505,Wormadam (Sandy Cloak),-4,-16,11,-10,1,-14,690
506,Wormadam (Trash Cloak),-4,-26,1,0,11,-14,1010
507,Mothim,6,-1,-44,25,-34,16,4010
508,Combee,-34,-65,-52,-39,-42,20,11770
509,Vespiquen,6,-15,8,11,18,-10,870
510,Pachirisu,-4,-50,-24,-24,6,45,5729
511,Buizel,-9,-30,-59,-9,-54,35,8684
512,Floatzel,21,10,-39,16,-34,65,7699
513,Cherubi,-19,-60,-49,-7,-31,-15,7597
514,Cherrim,6,-35,-24,18,-6,35,3422
515,Shellos,12,-47,-46,-12,-22,-16,5353
516,Gastrodon,47,-12,-26,23,-2,-11,3683
517,Ambipom,11,5,-28,-9,-18,65,5560
518,Drifloon,26,-45,-60,-9,-40,20,8382
519,Drifblim,86,-15,-50,21,-30,30,12362
520,Buneary,-9,-29,-50,-25,-28,35,6056
521,Lopunny,1,-19,-10,-15,12,55,3856
522,Lopunny (Mega Lopunny),1,41,0,-15,12,85,9276
523,Mismagius,-4,-35,-34,36,21,55,7159
524,Honchkrow,36,30,-42,36,-32,21,6721
525,Glameow,-15,-40,-52,-27,-47,35,8692
526,Purugly,7,-13,-30,-5,-25,62,5612
527,Chingling,-19,-65,-44,-4,-34,-5,7719
528,Stunky,-1,-32,-47,-28,-43,24,6443
529,Skuntank,39,-2,-27,2,-23,34,3943
530,Bronzor,-7,-71,-8,-45,2,-27,7912
531,Bronzong,3,-6,22,10,32,-17,1942
532,Bonsly,-14,-15,1,-59,-39,-40,7024
533,Mime Jr.,-44,-70,-49,1,6,10,9374
534,Happiny,36,-90,-89,-54,-19,-20,20994
535,Chatot,12,-30,-49,23,-42,41,7419
536,Spiritomb,-14,-3,14,23,24,-15,1731
537,Gible,-6,-25,-49,-29,-39,-8,5488
538,Gabite,4,-5,-29,-19,-29,32,3108
539,Garchomp,44,35,1,11,1,52,5988
540,Garchomp (Mega Garchomp),44,75,21,51,11,42,12488
541,Munchlax,71,-10,-54,-29,1,-45,10924
542,Riolu,-24,-25,-54,-34,-44,10,7309
543,Lucario,6,15,-24,46,-14,40,4749
544,Lucario (Mega Lucario),6,50,-6,71,-14,62,11653
545,Hippopotas,4,-23,-16,-31,-42,-18,3850
546,Hippowdon,44,17,24,-1,-12,-3,2955
547,Skorupi,-24,-45,-4,-39,-29,15,5204
548,Drapion,6,-5,16,-9,-9,45,2504
549,Croagunk,-16,-34,-54,-8,-44,0,6328
550,Toxicroak,19,11,-29,17,-19,35,3198
551,Carnivine,10,5,-22,21,-12,-4,1210
552,Finneon,-15,-46,-38,-20,-23,16,4970
553,Lumineon,5,-26,-18,0,2,41,2710
554,Mantyke,-19,-75,-44,-9,36,0,9299
555,Snover,-4,-33,-44,-7,-24,-10,3766
556,Abomasnow,26,-3,-19,23,1,10,1676
557,Abomasnow (Mega Abomasnow),26,37,11,63,21,-20,6976
558,Weavile,6,25,-29,-24,1,75,7704
559,Magnezone,6,-25,21,61,6,10,4959
560,Lickilicky,46,-10,1,11,11,0,2459
561,Rhyperior,51,45,36,-14,-29,-10,7059
562,Tangrowth,36,5,31,41,-34,0,5119
563,Electivire,11,28,-27,26,1,45,4336
564,Magmortar,11,0,-27,56,11,33,5196
565,Togekiss,21,-45,1,51,31,30,6929
566,Yanmega,22,-19,-8,47,-28,45,5927
567,Leafeon,1,15,36,-9,-19,45,3989
568,Glaceon,1,-35,16,61,11,15,5549
569,Gliscor,11,0,31,-24,-9,45,3764
570,Mamoswine,46,35,-14,1,-24,30,5014
571,Porygon-Z,21,-15,-24,66,-9,40,7279
572,Gallade,4,30,-29,-4,31,30,3634
573,Gallade (Mega Gallade),4,70,1,-4,31,60,9494
574,Probopass,-4,-40,51,6,66,-10,8709
575,Dusknoir,-19,5,41,-4,51,-5,4709
576,Froslass,6,-15,-24,11,-14,60,4754
577,Rotom,-14,-45,-17,26,-7,41,4916
578,Rotom (Heat Rotom),-14,-30,13,36,23,36,4386
579,Rotom (Wash Rotom),-14,-30,13,36,23,36,4386
580,Rotom (Frost Rotom),-14,-30,13,36,23,36,4386
581,Rotom (Fan Rotom),-14,-30,13,36,23,36,4386
582,Rotom (Mow Rotom),-14,-30,13,36,23,36,4386
583,Uxie,11,-20,36,6,46,45,5994
584,Mesprit,16,10,11,36,21,30,3114
585,Azelf,11,30,-24,56,-14,65,9154
586,Dialga,36,25,26,81,16,40,11014
587,Dialga (Origin Forme),36,5,26,81,36,40,11454
588,Palkia,26,25,6,81,36,50,11694
589,Palkia (Origin Forme),26,5,6,81,36,70,13494
590,Heatran,27,-5,12,61,22,27,5832
591,Regigigas,46,65,16,11,26,50,9894
592,Giratina (Altered Forme),86,5,26,31,36,40,11954
593,Giratina (Origin Forme),86,25,6,51,16,40,12514
594,Cresselia,56,-25,26,6,46,35,7814
595,Phione,16,-15,-14,11,-4,30,1714
596,Manaphy,36,5,6,31,16,50,5074
597,Darkrai,6,-5,-4,66,6,75,10094
598,Shaymin (Land Forme),36,5,6,31,16,50,5074
599,Shaymin (Sky Forme),36,8,-19,51,-9,77,10332
600,Arceus,56,25,26,51,36,70,13234
601,Victini,36,5,6,31,16,50,5074
602,Snivy,-19,-50,-39,-24,-29,13,5968
603,Servine,-4,-35,-19,-9,-9,33,2853
604,Serperior,11,-20,1,6,11,63,4648
605,Tepig,1,-32,-49,-24,-39,-5,5548
606,Pignite,26,-2,-39,1,-29,5,3068
607,Emboar,46,28,-29,31,-19,15,5288
608,Oshawott,-9,-40,-49,-6,-39,-5,5664
609,Dewott,11,-20,-34,14,-24,10,2549
610,Samurott,31,5,-9,39,-14,20,3184
611,Samurott (Hisuian Samurott),26,13,-14,31,-19,35,3588
612,Patrat,-19,-40,-55,-34,-45,-8,8231
613,Watchog,-4,-10,-25,-9,-15,27,1776
614,Lillipup,-19,-35,-49,-44,-39,5,7469
615,Herdier,1,-15,-29,-34,-19,10,2684
616,Stoutland,21,15,-4,-24,6,30,2194
617,Purrloin,-23,-45,-57,-19,-47,16,8629
618,Liepard,0,-7,-44,19,-34,56,6638
619,Pansage,-14,-42,-46,-16,-36,14,5824
620,Simisage,11,3,-31,29,-21,51,4974
621,Pansear,-14,-42,-46,-16,-36,14,5824
622,Simisear,11,3,-31,29,-21,51,4974
623,Panpour,-14,-42,-46,-16,-36,14,5824
624,Simipour,11,3,-31,29,-21,51,4974
625,Munna,12,-70,-49,-2,-29,-26,8966
626,Musharna,52,-40,-9,38,11,-21,6391
627,Pidove,-14,-40,-44,-33,-54,-7,7786
628,Tranquill,-2,-18,-32,-19,-42,15,3702
629,Unfezant,16,20,-14,-4,-29,43,3558
630,Blitzle,-19,-35,-62,-19,-52,26,9171
631,Zebstrika,11,5,-31,11,-21,66,6025
632,Roggenrola,-9,-20,-9,-44,-59,-35,7204
633,Boldore,6,10,11,-19,-44,-30,3454
634,Gigalith,21,40,36,-9,-4,-25,4059
635,Woobat,1,-50,-51,-14,-41,22,7463
636,Swoobat,3,-38,-39,8,-29,64,7975
637,Drilbur,-4,-10,-54,-39,-39,18,6398
638,Excadrill,46,40,-34,-19,-19,38,7038
639,Audino,39,-35,-8,-9,2,0,2895
640,Audino (Mega Audino),39,-35,32,11,42,0,5655
641,Timburr,11,-15,-39,-44,-49,-15,6429
642,Gurdurr,21,10,-9,-29,-34,-10,2719
643,Conkeldurr,41,45,1,-14,-19,-5,4289
644,Tympole,-14,-45,-54,-19,-44,14,7630
645,Palpitoad,11,-30,-39,-4,-29,19,3760
646,Seismitoad,41,0,-19,16,-9,24,2955
647,Throh,56,5,-9,-39,1,-5,4789
648,Sawk,11,30,-19,-39,-9,35,4209
649,Sewaddle,-19,-42,-24,-29,-24,-8,4182
650,Swadloon,-9,-32,-4,-19,-4,-8,1562
651,Leavanny,11,8,-14,1,-4,42,2162
652,Venipede,-34,-50,-35,-39,-45,7,8476
653,Whirlipede,-24,-40,5,-29,-5,-3,3076
654,Scolipede,-4,5,-5,-14,-15,62,4331
655,Cottonee,-24,-68,-34,-32,-34,16,8792
656,Whimsicott,-4,-28,-9,8,-9,66,5382
657,Petilil,-19,-60,-44,1,-34,-20,7454
658,Lilligant,6,-35,-19,41,-9,40,4984
659,Lilligant (Hisuian Lilligant),6,10,-19,-19,-9,55,3964
660,Basculin,6,-3,-29,11,-29,48,4152
661,Sandile,-14,-23,-59,-34,-49,15,7988
662,Krokorok,-4,-13,-49,-24,-39,24,5259
663,Krookodile,31,22,-14,-4,-14,42,3617
664,Darumaka,6,-5,-49,-54,-39,0,6899
665,Darumaka (Galarian Darumaka),6,-5,-49,-54,-39,0,6899
666,Darmanitan (Standard Mode),41,45,-39,-39,-29,45,9614
667,Darmanitan (Zen Mode),41,-65,11,71,21,5,11534
668,Darmanitan (Galarian Standard Mode),41,45,-39,-39,-29,45,9614
669,Darmanitan (Galarian Zen Mode),41,65,-39,-39,-29,85,17014
670,Maractus,11,-9,-27,37,-17,10,2689
671,Dwebble,-14,-30,-9,-34,-49,5,4759
672,Crustle,6,10,31,-4,-9,-5,1219
673,Scraggy,-14,-20,-24,-34,-14,-2,2528
674,Scrafty,1,-5,21,-24,31,8,2068
675,Sigilyph,8,-37,-14,34,-4,47,5010
676,Yamask,-26,-65,-9,-14,-19,-20,5939
677,Yamask (Galarian Yamask),-26,-40,-9,-39,-19,-20,4639
678,Cofagrigus,-6,-45,51,26,21,-20,6179
679,Tirtouga,-10,-17,9,-16,-39,-28,3031
680,Carracosta,10,13,39,14,-19,-18,2671
681,Archen,-9,17,-49,5,-39,20,4717
682,Archeops,11,45,-29,43,-19,60,8797
683,Trubbish,-14,-45,-32,-29,-22,15,4795
684,Garbodor,16,0,-12,-9,-2,25,1110
685,Zorua,-24,-30,-54,11,-44,15,6674
686,Zorua (Hisuian Zorua),-29,-35,-54,16,-44,20,7574
687,Zoroark,-4,10,-34,51,-24,55,7474
688,Zoroark (Hisuian Zoroark),-9,5,-34,56,-24,60,8574
689,Minccino,-9,-45,-54,-29,-44,25,8424
690,Cinccino,11,0,-34,-4,-24,65,6094
691,Gothita,-19,-65,-44,-14,-19,-5,7104
692,Gothorita,-4,-50,-24,6,1,5,3154
693,Gothitelle,6,-40,1,26,26,15,3214
694,Solosis,-19,-65,-54,36,-34,-30,10854
695,Duosion,1,-55,-44,56,-24,-20,9074
696,Reuniclus,46,-30,-19,56,1,-20,6914
697,Ducklett,-2,-51,-44,-25,-34,5,6347
698,Swanna,11,-8,-31,18,-21,48,4215
699,Vanillite,-28,-45,-44,-4,-24,-6,5373
700,Vanillish,-13,-30,-29,11,-9,9,2193
701,Vanilluxe,7,0,-9,41,11,29,2773
702,Deerling,-4,-35,-44,-29,-34,25,5799
703,Sawsbuck,16,5,-24,-9,-14,45,3159
704,Emolga,-9,-20,-34,6,-24,53,5058
705,Karrablast,-14,-20,-49,-29,-39,10,5459
706,Escavalier,6,40,11,-9,21,-30,3179
707,Foongus,5,-40,-49,-14,-29,-35,6288
708,Amoonguss,50,-10,-24,16,-4,-20,3848
709,Frillish,-9,-55,-44,-4,1,-10,5159
710,Jellicent,36,-35,-24,16,21,10,3894
711,Alomomola,101,-20,-14,-29,-39,15,13384
712,Joltik,-14,-48,-44,-12,-34,15,5961
713,Galvantula,6,-18,-34,28,-24,58,6240
714,Ferroseed,-20,-45,-3,-45,2,-40,6063
715,Ferrothorn,10,-1,37,-15,32,-30,3619
716,Klink,-24,-40,-24,-24,-24,-20,4304
717,Klang,-4,-15,1,1,1,0,244
718,Klinklang,-4,5,21,1,1,40,2084
719,Tynamo,-29,-40,-54,-24,-44,10,7969
720,Eelektrik,1,-10,-24,6,-14,-10,1009
721,Eelektross,21,20,-14,36,-4,0,2349
722,Elgyem,-9,-40,-39,16,-29,-20,4699
723,Beheeyem,11,-20,-19,56,11,-10,4239
724,Litwick,-14,-65,-39,-4,-29,-30,7699
725,Lampent,-4,-55,-34,26,-24,5,5474
726,Chandelure,-4,-40,-4,76,6,30,8344
727,Axew,-18,-8,-34,-39,-44,7,5050
728,Fraxure,2,22,-24,-29,-34,17,3350
729,Haxorus,12,52,-4,-9,-14,47,5350
730,Cubchoo,-9,-25,-54,-9,-44,-10,5739
731,Beartic,31,35,-14,1,-4,0,2399
732,Cryogonal,16,-45,-44,26,51,55,10519
733,Shelmet,-14,-55,-9,-29,-19,-25,5129
734,Accelgor,16,-25,-54,31,-24,95,14359
735,Stunfisk,45,-29,-10,12,15,-18,3659
736,Stunfisk (Galarian Stunfisk),45,-14,5,-3,0,-18,2579
737,Mienfoo,-19,-10,-44,-14,-34,15,3974
738,Mienshao,1,30,-34,26,-24,55,6334
739,Druddigon,13,25,-4,-9,6,-2,931
740,Golett,-5,-21,-44,-34,-34,-15,4939
741,Golurk,25,29,-14,-14,-4,5,1899
742,Pawniard,-19,-10,-24,-29,-44,10,3914
743,Bisharp,1,30,6,-9,-14,20,1614
744,Bouffalant,31,15,1,-29,11,5,2174
745,Rufflet,6,-12,-44,-32,-34,10,4396
746,Braviary,36,28,-19,-12,-9,30,3566
747,Braviary (Hisuian Braviary),46,-12,-24,43,-14,15,5106
748,Vullaby,6,-40,-19,-24,-19,10,3034
749,Mandibuzz,46,-30,11,-14,11,30,4354
750,Heatmor,21,2,-28,36,-18,15,3074
751,Durant,-6,14,18,-21,-36,59,5774
752,Deino,-12,-30,-44,-24,-34,-12,4856
753,Zweilous,8,-10,-24,-4,-14,8,1016
754,Hydreigon,28,10,-4,56,6,48,6376
755,Larvesta,-9,-10,-39,-19,-29,10,3004
756,Volcarona,21,-35,-29,66,21,50,9804
757,Cobalion,27,-5,35,21,-12,58,5928
758,Terrakion,27,34,-4,3,6,58,5310
759,Virizion,27,-5,-22,21,45,58,7068
760,Tornadus (Incarnate Forme),15,20,-24,56,-4,61,8074
761,Tornadus (Therian Forme),15,5,-14,41,6,71,7204
762,Thundurus (Incarnate Forme),15,20,-24,56,-4,61,8074
763,Thundurus (Therian Forme),15,10,-24,76,-4,51,9294
764,Reshiram,36,25,6,81,36,40,11414
765,Zekrom,36,55,26,51,16,40,9454
766,Landorus (Incarnate Forme),25,30,-4,46,-4,51,6274
767,Landorus (Therian Forme),25,50,-4,36,-4,41,6134
768,Kyurem,61,35,-4,61,6,45,10744
769,Kyurem (Black Kyurem),61,75,6,51,6,45,14044
770,Kyurem (White Kyurem),61,25,-4,101,16,45,16844
771,Keldeo,27,-23,-4,60,6,58,8274
772,Meloetta (Aria Forme),36,-18,-17,59,44,40,8926
773,Meloetta (Pirouette Forme),36,33,-4,8,-7,78,8598
774,Genesect,7,25,1,51,11,49,5798
775,Chespin,-8,-34,-29,-21,-39,-12,4167
776,Quilladin,-3,-17,1,-13,-26,7,1193
777,Chesnaught,24,12,28,5,-9,14,1806
778,Fennekin,-24,-50,-54,-7,-24,10,6717
779,Braixen,-5,-36,-36,21,-14,23,3783
780,Delphox,11,-26,-22,45,16,54,6478
781,Froakie,-23,-39,-54,-7,-40,21,7056
782,Frogadier,-10,-32,-42,14,-28,47,6077
783,Greninja,8,0,-27,34,-13,72,7302
784,Greninja (Ash-Greninja),8,50,-27,84,-13,82,17242
785,Bunnelby,-26,-59,-56,-37,-48,7,11015
786,Diggersby,21,-39,-17,-19,-7,28,3445
787,Fletchling,-19,-45,-51,-29,-46,12,8088
788,Fletchinder,-2,-22,-39,-13,-32,34,4358
789,Talonflame,14,-14,-23,5,-15,76,6947
790,Scatterbug,-26,-60,-54,-42,-59,-15,12662
791,Spewpa,-19,-73,-34,-42,-54,-21,11967
792,Vivillon,16,-43,-44,21,-34,39,7159
793,Litleo,-2,-45,-36,4,-30,22,4725
794,Pyroar,22,-27,-22,40,-18,56,6757
795,Flabébé,-20,-57,-55,-8,-5,-8,6827
796,Floette,-10,-50,-47,6,14,2,5045
797,Florges,14,-30,-26,43,70,25,9146
798,Skiddo,2,-30,-46,-7,-27,2,3802
799,Gogoat,59,5,-32,28,-3,18,5647
800,Pancham,3,-13,-32,-23,-36,-7,3076
801,Pangoro,31,29,-16,0,-13,8,2291
802,Furfrou,11,-15,-34,-4,6,52,4258
803,Espurr,-2,-47,-40,-6,-24,18,4749
804,Meowstic,10,-47,-18,14,-3,54,5754
805,Honedge,-19,-15,6,-34,-47,-22,4471
806,Doublade,-5,15,56,-24,-35,-15,5412
807,Aegislash (Shield Forme),-4,-45,46,-19,56,10,7754
808,Aegislash (Blade Forme),-4,45,-44,71,-34,10,10274
809,Spritzee,14,-43,-34,-6,-19,-27,4327
810,Aromatisse,37,-23,-22,30,5,-21,3748
811,Swirlix,-2,-47,-28,-10,-27,-1,3827
812,Slurpuff,18,-15,-8,16,-9,22,1434
813,Inkay,-11,-41,-41,-32,-38,-5,5976
814,Malamar,22,-3,-6,-1,-9,23,1140
815,Binacle,-22,-43,-27,-30,-28,0,4746
816,Barbaracle,8,10,21,-15,2,18,1158
817,Skrelp,-14,-35,-34,-9,-24,-20,3634
818,Dragalge,1,-20,-4,28,39,-6,2758
819,Clauncher,-14,-42,-32,-11,-21,-6,3582
820,Clawitzer,7,-22,-6,51,5,9,3276
821,Helioptile,-20,-57,-61,-8,-41,20,9515
822,Heliolisk,-2,-40,-42,40,10,59,8549
823,Tyrunt,-6,-6,-17,-24,-39,-2,2462
824,Tyrantrum,18,26,25,0,-25,21,2691
825,Amaura,13,-36,-44,-2,-21,-4,3862
826,Aurorus,59,-18,-22,30,8,8,5317
827,Sylveon,31,-30,-29,41,46,10,6599
828,Hawlucha,14,-3,-19,5,-21,68,5656
829,Dedenne,3,-37,-37,12,-17,51,5781
830,Carbink,-14,-45,56,-19,66,0,10074
831,Goomy,-19,-45,-59,-14,-9,-10,6244
832,Sliggoo,4,-20,-41,14,29,10,3234
833,Sliggoo (Hisuian Sliggoo),-6,-20,-11,14,29,-10,1694
834,Goodra,26,5,-24,41,66,30,8214
835,Goodra (Hisuian Goodra),16,5,6,41,66,10,6454
836,Klefki,-7,-15,-3,11,3,25,1038
837,Phantump,-21,-25,-46,-19,-24,-12,4263
838,Trevenant,21,15,-18,-4,-2,6,1046
839,Pumpkaboo (Small Size),-20,-29,-24,-25,-29,6,3319
840,Pumpkaboo (Average Size),-15,-29,-24,-25,-29,1,3109
841,Pumpkaboo (Large Size),-10,-29,-24,-25,-29,-4,2999
842,Pumpkaboo (Super Size),-5,-29,-24,-25,-29,-9,2989
843,Gourgeist (Small Size),-9,-10,28,-11,-9,49,3568
844,Gourgeist (Average Size),1,-5,28,-11,-9,34,2168
845,Gourgeist (Large Size),11,0,28,-11,-9,19,1468
846,Gourgeist (Super Size),21,5,28,-11,-9,4,1468
847,Bergmite,-9,-26,-9,-37,-49,-22,5092
848,Avalugg,31,22,90,-25,-38,-22,12098
849,Avalugg (Hisuian Avalugg),31,32,90,-35,-48,-12,13758
850,Noibat,-24,-65,-59,-24,-44,5,10819
851,Noivern,21,-25,-14,28,-4,73,7391
852,Xerneas,62,36,1,62,14,49,11582
853,Yveltal,62,36,1,62,14,49,11582
854,Zygarde (50% Forme),44,5,27,12,11,45,4980
855,Zygarde (10% Forme),-10,5,-23,-8,1,65,4944
856,Zygarde (Complete Forme),152,5,27,22,11,35,25688
857,Diancie,-14,5,56,31,66,0,8674
858,Diancie (Mega Diancie),-14,65,16,91,26,60,17234
859,Hoopa (Hoopa Confined),16,15,-34,81,46,20,10714
860,Hoopa (Hoopa Unbound),16,65,-34,101,46,30,18854
861,Volcanion,16,15,26,61,6,20,5314
862,Rowlet,4,-40,-39,-19,-34,-8,4718
863,Dartrix,14,-20,-19,1,-14,2,1158
864,Decidueye,14,12,-19,31,16,20,2318
865,Decidueye (Hisuian Decidueye),24,17,-14,26,11,10,1958
866,Litten,-19,-30,-54,-9,-44,20,6594
867,Torracat,1,-10,-44,11,-34,40,4914
868,Incineroar,31,20,-4,11,6,10,1634
869,Popplio,-14,-41,-40,-3,-28,-10,4370
870,Brionne,-4,-26,-25,22,-3,0,1810
871,Primarina,16,-21,-20,57,32,10,5470
872,Pikipek,-29,-20,-64,-39,-54,15,9999
873,Trumbeak,-9,-10,-44,-29,-34,25,4739
874,Toucannon,16,25,-19,6,-9,10,1459
875,Yungoos,-16,-25,-64,-39,-54,-5,9439
876,Gumshoos,24,15,-34,-14,-24,-5,2754
877,Grubbin,-17,-33,-49,-14,-39,-4,5512
878,Charjabug,-7,-13,1,-14,-9,-14,692
879,Vikavolt,13,-25,-4,76,-9,-7,6716
880,Crabrawler,-17,-13,-37,-27,-37,13,4094
881,Crabominable,33,37,-17,-7,-17,-7,3134
882,Oricorio,11,-25,-24,29,-14,43,4208
883,Cutiefly,-24,-50,-54,-14,-44,34,9280
884,Ribombee,-4,-40,-34,26,-14,74,9120
885,Rockruff,-19,-30,-54,-39,-44,10,7734
886,Lycanroc (Midday Form),11,20,-29,-14,-19,62,5763
887,Lycanroc (Midnight Form),21,20,-19,-14,-9,32,2503
888,Lycanroc (Dusk Form),11,22,-29,-14,-19,60,5603
889,Wishiwashi (Solo Form),-19,-75,-74,-44,-59,-10,16979
890,Wishiwashi (School Form),-19,45,36,71,51,-20,11724
891,Mareanie,-14,-42,-32,-26,-32,-5,4709
892,Toxapex,-14,-32,58,-16,58,-15,8429
893,Mudbray,6,5,-24,-24,-29,-5,2079
894,Mudsdale,36,30,6,-14,1,-15,2654
895,Dewpider,-26,-55,-42,-29,-12,-23,6979
896,Araquanid,4,-25,-2,-19,48,-8,3374
897,Fomantis,-24,-40,-59,-19,-49,-15,8644
898,Lurantis,6,10,-4,11,6,-5,334
899,Morelull,-24,-60,-39,-4,-9,-35,7019
900,Shiinotic,-4,-50,-14,21,16,-20,3809
901,Salandit,-16,-51,-54,2,-44,27,8442
902,Salazzle,4,-31,-34,42,-24,67,8962
903,Stufful,6,-20,-44,-24,-34,0,4104
904,Bewear,56,30,-14,-14,-24,10,5104
905,Bounsweet,-22,-65,-56,-39,-46,-18,11806
906,Steenee,-12,-55,-46,-29,-36,12,7566
907,Tsareena,8,25,4,-19,14,22,1746
908,Comfey,-13,-43,-4,13,26,50,5379
909,Oranguru,26,-35,-14,21,26,10,3314
910,Passimian,36,25,-4,-29,-24,30,4254
911,Wimpod,-39,-60,-54,-49,-54,30,14254
912,Golisopod,11,30,46,-9,6,-10,3354
913,Sandygast,-9,-40,-14,1,-39,-35,4624
914,Palossand,21,-20,16,31,-9,-15,2364
915,Pyukumuku,-9,-35,36,-39,46,-45,8264
916,Type: Null,31,0,1,26,11,9,1840
917,Silvally,31,0,1,26,11,45,3784
918,Minior (Meteor Form),-4,-35,6,-9,16,10,1714
919,Minior (Core),-4,5,-34,31,-24,70,7634
920,Komala,1,20,-29,6,11,15,1624
921,Turtonator,-4,-17,41,22,1,-14,2667
922,Togedemaru,1,3,-31,-29,-11,46,4049
923,Mimikyu,-9,-5,-14,-19,21,46,3220
924,Bruxish,4,10,-24,1,-14,42,2653
925,Drampa,14,-35,-9,66,7,-14,6103
926,Dhelmise,6,36,6,17,6,-10,1793
927,Jangmo-o,-19,-40,-29,-24,-39,-5,4924
928,Hakamo-o,-9,-20,-4,-4,-14,15,934
929,Kommo-o,11,15,31,31,21,35,3934
930,Tapu Koko,6,20,-9,26,-9,80,7674
931,Tapu Lele,6,-10,-19,61,31,45,7204
932,Tapu Bulu,6,35,21,16,11,25,2704
933,Tapu Fini,6,-20,21,26,46,35,4894
934,Cosmog,-21,-66,-63,-40,-53,-13,13344
935,Cosmoem,-21,-66,37,-40,47,-13,10144
936,Solgaleo,73,42,13,44,5,47,11432
937,Lunala,73,18,-5,68,23,47,13040
938,Nihilego,45,-42,-47,58,47,53,14380
939,Buzzwole,43,44,45,-16,-31,29,7868
940,Pheromosa,7,42,-57,68,-47,101,22096
941,Xurkitree,19,-6,-23,104,-13,33,13000
942,Celesteela,33,6,9,38,17,11,3060
943,Kartana,-5,86,37,-10,-53,59,15180
944,Guzzlord,159,6,-41,28,-31,-7,28792
945,Necrozma,33,12,7,58,5,29,5512
946,Necrozma (Dusk Mane Necrozma),33,62,33,44,25,27,9312
947,Necrozma (Dawn Wings Necrozma),33,18,15,88,43,27,11960
948,Necrozma (Ultra Necrozma),33,72,3,98,13,79,22296
949,Magearna,16,0,21,61,31,15,5604
950,Marshadow,26,30,-14,21,6,75,7874
951,Poipole,3,-22,-27,4,-17,23,2056
952,Naganadel,9,-22,-21,58,-11,71,9532
953,Stakataka,-3,36,117,-16,17,-37,16908
954,Blacephalon,-11,32,-41,82,-5,57,12824
955,Zeraora,24,17,-19,33,-4,93,10980
956,Meltan,-18,-30,-29,-14,-49,-16,4918
957,Melmetal,71,48,49,11,-19,-16,10484
958,Grookey,-14,-30,-44,-29,-44,15,6034
959,Thwackey,6,-10,-24,-14,-24,30,2384
960,Rillaboom,36,30,-4,-9,-14,35,3714
961,Scorbunny,-14,-24,-54,-29,-44,19,6826
962,Raboot,1,-9,-34,-14,-24,44,3946
963,Cinderace,16,21,-19,-4,-9,69,5916
964,Sobble,-14,-55,-54,1,-44,20,8474
965,Drizzile,1,-35,-39,26,-29,40,5864
966,Inteleon,6,-10,-29,56,-19,70,9374
967,Skwovet,6,-40,-39,-34,-49,-25,7339
968,Greedent,56,0,1,-14,-9,-30,4314
969,Rookidee,-26,-48,-59,-36,-49,7,10207
970,Corvisquire,4,-28,-39,-26,-29,27,4567
971,Corviknight,34,-8,11,-16,1,17,1887
972,Blipbug,-39,-75,-74,-44,-39,-5,16104
973,Dottler,-14,-60,-14,-19,6,-20,4789
974,Orbeetle,-4,-50,16,11,36,40,5789
975,Nickit,-24,-67,-66,-22,-32,0,10929
976,Thievul,6,-37,-36,18,8,40,4689
977,Gossifleur,-24,-55,-34,-29,-24,-40,7774
978,Eldegoss,-4,-45,-4,11,36,10,3574
979,Wooloo,-22,-55,-39,-29,-39,-2,7396
980,Dubwool,8,-15,6,-9,6,38,1886
981,Chewtle,-14,-31,-44,-31,-46,-6,6206
982,Drednaw,26,20,-4,-21,-16,24,2365
983,Yamper,-5,-50,-44,-29,-34,-24,7034
984,Boltund,5,-5,-34,21,-24,71,7264
985,Rolycoly,-34,-55,-44,-29,-34,-20,8514
986,Carkol,16,-35,-4,-9,-14,0,1774
987,Coalossal,46,-15,26,11,6,-20,3574
988,Applin,-24,-55,-14,-29,-44,-30,7474
989,Flapple,6,15,-14,26,-24,20,2109
990,Appletun,46,-10,-14,31,-4,-20,3789
991,Silicobra,-12,-38,-19,-34,-34,-4,4277
992,Sandaconda,8,12,31,-4,-14,21,1822
993,Cramorant,6,-10,-39,16,11,35,3259
994,Arrokuda,-23,-32,-54,-29,-54,16,8482
995,Barraskewda,-3,28,-34,-9,-34,86,10582
996,Toxel,-24,-57,-59,-15,-49,-10,10032
997,Toxtricity,11,3,-24,45,-14,25,3552
998,Sizzlipede,-14,-30,-49,-19,-34,-5,5039
999,Centiskorch,36,20,-29,21,6,15,3239
1000,Clobbopus,-14,-27,-34,-19,-34,-18,3922
1001,Grapploct,16,23,-4,1,-4,-8,882
1002,Sinistea,-24,-50,-49,5,-30,0,6402
1003,Polteageist,-4,-30,-29,65,30,20,7282
1004,Hatenna,-22,-65,-49,-13,-31,-11,8361
1005,Hattrem,-7,-55,-29,17,-11,-1,4326
1006,Hatterene,-7,-5,1,67,19,-21,5366
1007,Impidimp,-19,-50,-64,-14,-44,0,9089
1008,Morgrem,1,-35,-49,6,-29,20,4904
1009,Grimmsnarl,31,25,-29,26,-9,10,3284
1010,Obstagoon,29,-5,7,-9,-3,45,3030
1011,Perrserker,6,15,6,-19,-24,0,1234
1012,Cursola,-4,0,-44,76,46,-20,10244
1013,Sirfetch'd,-2,40,1,-1,-2,15,1835
1014,Mr. Rime,16,-10,-19,41,16,20,3054
1015,Runerigus,-6,0,51,-19,21,-20,3839
1016,Milcery,-19,-55,-54,-19,-23,-16,7448
1017,Alcremie,1,-35,-19,41,37,14,4833
1018,Falinks,1,5,6,1,-24,25,1264
1019,Pincurchin,-16,6,1,22,1,-35,2003
1020,Snom,-34,-70,-59,-24,-54,-30,13929
1021,Frosmoth,6,-30,-34,56,6,15,5489
1022,Stonjourner,36,30,41,-49,-64,20,10774
1023,Eiscue (Ice Face),11,-15,16,-4,6,0,654
1024,Eiscue (Noice Face),11,-15,-24,-4,-34,80,8494
1025,Indeedee (Male),-4,-30,-39,36,11,45,5879
1026,Indeedee (Female),6,-40,-29,26,21,35,4819
1027,Morpeko,-6,0,-36,1,-26,47,4218
1028,Cufant,8,-15,-45,-29,-35,-10,4480
1029,Copperajah,58,35,-25,11,-15,-20,5960
1030,Dracozolt,26,5,-4,11,-14,25,1659
1031,Arctozolt,26,5,-4,21,-4,5,1199
1032,Dracovish,26,-5,6,1,-4,25,1379
1033,Arctovish,26,-5,6,11,6,5,919
1034,Duraludon,6,0,21,51,-34,35,5459
1035,Dreepy,-36,-35,-64,-29,-54,32,11398
1036,Drakloak,4,-15,-44,-9,-34,52,6118
1037,Dragapult,24,25,-19,31,-9,92,11068
1038,Zacian (Hero of Many Battles),28,25,21,11,31,88,10676
1039,Zacian (Crowned Sword),28,55,21,11,31,98,14936
1040,Zamazenta (Hero of Many Battles),28,25,21,11,31,88,10676
1041,Zamazenta (Crowned Shield),28,25,46,11,56,78,12866
1042,Eternatus,76,-10,1,76,11,80,18174
1043,Eternatus (Eternamax Eternatus),191,20,156,56,166,80,98309
1044,Kubfu,-4,-5,-34,-16,-34,22,3093
1045,Urshifu,36,35,6,-6,-24,47,5378
1046,Zarude,41,25,11,1,11,55,5574
1047,Regieleki,16,5,-44,31,-34,150,26834
1048,Regidrago,136,5,-44,31,-34,30,23474
1049,Glastrier,36,50,36,-4,26,-20,6184
1050,Spectrier,36,-30,-34,76,-4,80,15544
1051,Calyrex,36,-15,-14,11,-4,30,2754
1052,Calyrex (Ice Rider Calyrex),36,70,56,16,46,0,11704
1053,Calyrex (Shadow Rider Calyrex),36,-10,-14,96,16,100,21064
1054,Wyrdeer,39,10,-22,36,-9,15,3707
1055,Kleavor,6,40,1,-24,-14,35,3634
1056,Ursaluna,66,45,11,-24,-4,0,7094
1057,Basculegion (Male),56,17,-29,11,-9,28,5252
1058,Basculegion (Female),56,-3,-29,31,-9,28,5812
1059,Sneasler,16,35,-34,-29,-4,70,8394
1060,Overqwil,21,20,1,-4,-19,35,2444
1061,Enamorus (Incarnate Forme),10,20,-24,66,-4,56,8584
1062,Enamorus (Therian Forme),10,20,16,66,16,-4,5384
1063,Sprigatito,-24,-34,-40,-24,-39,15,5654
1064,Floragato,-3,-15,-31,-9,-21,33,2806
1065,Meowscarada,12,15,-24,12,-14,73,6614
1066,Fuecoco,3,-50,-35,-6,-44,-14,5902
1067,Crocalor,17,-40,-16,21,-26,-1,3263
1068,Skeledirge,40,-20,6,41,-9,16,4054
1069,Quaxly,-9,-30,-49,-19,-39,0,5264
1070,Quaxwell,6,-10,-29,-4,-24,15,1794
1071,Quaquaval,21,25,-14,16,-9,35,2824
1072,Lechonk,-10,-50,-54,-34,-39,-15,8418
1073,Oinkologne (Male),46,5,-19,-10,-4,15,2843
1074,Oinkologne (Female),51,-5,-24,-10,6,15,3563
1075,Tarountula,-29,-54,-49,-40,-44,-30,10594
1076,Spidops,-4,-16,-2,-17,2,-15,794
1077,Nymble,-31,-49,-54,-48,-59,-5,12088
1078,Lokix,7,7,-16,-17,-29,42,3248
1079,Pawmi,-19,-45,-74,-29,-59,10,12284
1080,Pawmo,-4,-20,-54,-19,-44,35,6854
1081,Pawmot,6,20,-24,1,-24,55,4614
1082,Tandemaus,-14,-45,-49,-29,-39,25,7609
1083,Maushold,10,-20,-24,-4,-9,61,4894
1084,Fidough,-27,-40,-24,-39,-29,15,5492
1085,Dachsbun,-7,-15,21,-19,-4,45,3117
1086,Smoliv,-23,-60,-49,-11,-33,-20,8140
1087,Dolliv,-12,-42,-34,9,-6,-17,3470
1088,Arboliva,14,-26,-4,56,25,-11,4770
1089,Squawkabilly,18,1,-43,-24,-33,42,5603
1090,Nacli,-9,-40,-19,-34,-49,-25,6224
1091,Naclstack,-4,-35,6,-34,-19,-15,3019
1092,Garganacl,36,5,36,-24,6,-15,3454
1093,Charcadet,-24,-45,-54,-19,-44,-15,8039
1094,Armarouge,21,-35,6,56,-4,25,5479
1095,Ceruledge,11,30,-14,-9,16,35,2779
1096,Tadbulb,-3,-64,-53,-10,-49,-5,9440
1097,Bellibolt,45,-31,-3,34,-1,-5,4177
1098,Wattrel,-24,-55,-59,-14,-44,20,9614
1099,Kilowattrel,6,-25,-34,36,-24,75,9314
1100,Maschiff,-4,-17,-34,-29,-33,1,3392
1101,Mabosstiff,16,25,-4,-9,-14,35,2399
1102,Shroodle,-24,-30,-59,-29,-49,25,8824
1103,Grafaiai,-1,0,-29,11,-12,60,4707
1104,Bramblin,-24,-30,-64,-24,-49,10,8649
1105,Brambleghast,-9,20,-24,11,-14,40,2974
1106,Toedscool,-24,-55,-59,-19,16,20,8099
1107,Toedscruel,16,-25,-29,11,36,50,5639
1108,Klawf,6,5,21,-34,-29,25,3124
1109,Capsakid,-14,-33,-54,-7,-44,0,6186
1110,Scovillain,1,13,-29,39,-19,25,3518
1111,Rellor,-23,-45,-34,-38,-26,-20,6230
1112,Rabsca,11,-45,-9,46,16,-5,4624
1113,Flittle,-34,-60,-64,-14,-54,25,12589
1114,Espathra,31,-35,-34,32,-24,55,7967
1115,Tinkatink,-14,-50,-49,-34,-20,8,6717
1116,Tinkatuff,1,-40,-39,-24,-2,28,4486
1117,Tinkaton,21,-20,-17,1,21,44,3508
1118,Wiglett,-54,-40,-69,-34,-59,45,15939
1119,Wugtrio,-29,5,-44,-19,-14,70,8259
1120,Bombirdier,6,8,-9,-9,1,32,1287
1121,Finizen,6,-50,-54,-24,-44,25,8589
1122,Palafin,36,-25,-22,-16,-22,50,5645
1123,Palafin,36,65,3,37,3,50,9408
1124,Varoom,-19,-25,-31,-39,-39,-3,4998
1125,Revavroom,16,24,-4,-15,-17,40,2962
1126,Cyclizar,6,0,-29,16,-19,71,6535
1127,Orthworm,6,-10,51,-9,-29,15,3884
1128,Glimmet,-16,-60,-52,36,-24,10,8532
1129,Glimmora,19,-40,-4,61,-3,36,7003
1130,Greavard,-14,-34,-34,-39,-29,-16,5126
1131,Houndstone,8,6,6,-19,13,18,990
1132,Flamigo,18,20,-20,6,-20,40,3160
1133,Cetoddle,44,-27,-49,-39,-44,-7,8572
1134,Cetitan,106,18,-29,-24,-29,23,14347
1135,Veluza,26,7,-21,9,-19,20,2008
1136,Dondozo,86,5,21,-4,-19,-15,8464
1137,Tatsugiri,4,-45,-34,51,11,32,6943
1138,Annihilape,46,20,-14,-19,6,40,4709
1139,Clodsire,66,-20,-34,-24,16,-30,7644
1140,Farigiraf,56,-5,-24,41,-14,10,5714
1141,Dudunsparce,61,5,-14,16,-9,5,4304
1142,Kingambit,36,40,26,-9,1,0,3654
1143,Great Tusk,51,36,37,-16,-31,37,7852
1144,Scream Tail,51,-30,5,-4,31,61,8224
1145,Brute Bonnet,47,32,5,10,15,5,3608
1146,Flutter Mane,-9,-40,-39,66,51,85,17384
1147,Slither Wing,21,40,-15,16,21,31,3924
1148,Sandy Shocks,21,-14,3,52,1,51,5952
1149,Iron Treads,26,17,26,3,-14,56,4982
1150,Iron Bundle,-8,-15,20,55,-24,86,11686
1151,Iron Hands,90,45,14,-19,-16,0,10938
1152,Iron Jugulis,30,-15,-8,53,-4,58,7378
1153,Iron Moth,16,-25,-34,71,26,60,11354
1154,Iron Thorns,36,39,16,1,0,22,3558
1155,Frigibax,1,-20,-49,-34,-39,5,5504
1156,Arctibax,26,0,-28,-24,-19,12,2541
1157,Baxcalibur,51,50,-2,6,2,37,6514
1158,Gimmighoul (Chest Form),-19,-65,-24,6,-14,-40,6994
1159,Gimmighoul (Roaming Form),-19,-65,-69,6,-39,30,11804
1160,Gholdengo,23,-35,1,64,7,34,7056
1161,Wo-Chien,21,-10,6,26,51,20,4254
1162,Chien-Pao,16,25,-14,21,-19,85,9104
1163,Ting-Lu,91,15,31,-14,-4,-5,9704
1164,Chi-Yu,-9,-15,-14,66,36,50,8654
1165,Roaring Moon,41,44,-23,-14,17,69,9392
1166,Iron Valiant,10,35,-4,51,-24,66,8874
1167,Koraidon,36,40,21,16,16,85,11074
1168,Miraidon,36,-10,6,66,31,85,13974
