Carla Betancourt vs. Pokemon SSE,pokemon,D_HP,D_ATK,D_DEF,D_SPA,D_SPD,D_SPE,SSE
0,Bulbasaur,-55,-44,-45,-47,-55,-50,14720
1,Ivysaur,-40,-31,-31,-32,-40,-35,7371
2,Venusaur,-20,-11,-11,-12,-20,-15,1411
3,Venusaur (Mega Venusaur),-20,7,29,10,0,-15,1615
4,Charmander,-61,-41,-51,-52,-70,-30,16507
5,Charmeleon,-42,-29,-36,-32,-55,-15,8175
6,Charizard,-22,-9,-16,-3,-35,5,2080
7,Charizard (Mega Charizard X),-22,37,17,18,-35,5,3716
8,Charizard (Mega Charizard Y),-22,11,-16,47,-5,5,3120
9,Squirtle,-56,-45,-29,-62,-56,-52,15686
10,Wartortle,-41,-30,-14,-47,-40,-37,7955
11,Blastoise,-21,-10,6,-27,-15,-17,1820
12,Blastoise (Mega Blastoise),-21,10,26,23,-5,-17,2060
13,Caterpie,-55,-63,-59,-92,-100,-50,31439
14,Metapod,-50,-73,-39,-87,-95,-65,30169
15,Butterfree,-40,-48,-44,-22,-40,-25,8549
16,Weedle,-60,-58,-64,-92,-100,-45,31549
17,Kakuna,-55,-68,-44,-87,-95,-60,29779
18,Beedrill,-35,-3,-54,-67,-40,-20,10639
19,Beedrill (Mega Beedrill),-35,57,-54,-97,-40,50,20899
20,Pidgey,-60,-48,-54,-77,-85,-39,23495
21,Pidgeotto,-37,-33,-39,-62,-70,-24,13299
22,Pidgeot,-17,-13,-19,-42,-50,6,5119
23,Pidgeot (Mega Pidgeot),-17,-13,-14,23,-40,26,3459
24,Rattata,-70,-37,-59,-87,-85,-23,25073
25,Rattata (Alolan Rattata),-70,-37,-59,-87,-85,-23,25073
26,Raticate,-45,-12,-34,-62,-50,2,9673
27,Raticate (Alolan Raticate),-25,-22,-24,-72,-40,-18,8793
28,Spearow,-60,-33,-64,-81,-89,-25,23892
29,Fearow,-35,-3,-29,-51,-59,5,8182
30,Ekans,-65,-33,-50,-72,-66,-40,18954
31,Arbok,-40,2,-25,-47,-41,-15,6344
32,Pikachu,-65,-38,-54,-62,-70,-5,17354
33,Pikachu (Partner Pikachu),-55,-13,-44,-37,-60,25,10724
34,Raichu,-40,-3,-39,-22,-40,15,5439
35,Raichu (Alolan Raichu),-40,-8,-44,-17,-35,15,5339
36,Sandshrew,-50,-18,-9,-92,-90,-55,22494
37,Sandshrew (Alolan Sandshrew),-50,-18,-4,-102,-85,-55,23494
38,Sandslash,-25,7,16,-67,-65,-30,10544
39,Sandslash (Alolan Sandslash),-25,7,26,-87,-55,-30,12844
40,Nidoran♀,-45,-46,-42,-72,-80,-54,20405
41,Nidorina,-30,-31,-27,-57,-65,-39,11585
42,Nidoqueen,-10,-1,-7,-37,-35,-19,3105
43,Nidoran♂,-54,-36,-54,-72,-80,-45,20737
44,Nidorino,-39,-21,-37,-57,-65,-30,11705
45,Nidoking,-19,9,-17,-27,-45,-10,3585
46,Clefairy,-30,-48,-46,-52,-55,-60,14649
47,Clefable,-5,-23,-21,-17,-30,-35,3409
48,Vulpix,-62,-52,-54,-62,-55,-30,17233
49,Vulpix (Alolan Vulpix),-62,-52,-54,-62,-55,-30,17233
50,Ninetales,-27,-17,-19,-31,-20,5,2765
51,Ninetales (Alolan Ninetales),-27,-26,-19,-31,-20,14,3323
52,Jigglypuff,15,-48,-74,-67,-95,-75,27144
53,Wigglytuff,40,-23,-49,-27,-70,-50,12659
54,Zubat,-60,-48,-59,-82,-80,-40,24109
55,Golbat,-25,-13,-24,-47,-45,-5,5629
56,Oddish,-55,-43,-39,-37,-55,-65,15014
57,Gloom,-40,-28,-24,-27,-45,-55,8739
58,Vileplume,-25,-13,-9,-2,-30,-45,3804
59,Paras,-65,-23,-39,-67,-65,-70,19889
60,Parasect,-40,2,-14,-52,-40,-65,10329
61,Venonat,-40,-38,-44,-72,-65,-50,16889
62,Venomoth,-30,-28,-34,-22,-45,-5,5374
63,Diglett,-90,-38,-69,-77,-75,0,25859
64,Diglett (Alolan Diglett),-90,-38,-64,-77,-75,-5,25219
65,Dugtrio,-65,7,-44,-62,-50,25,13179
66,Dugtrio (Alolan Dugtrio),-65,7,-34,-62,-50,15,11999
67,Meowth,-60,-48,-59,-72,-80,-5,20994
68,Meowth (Alolan Meowth),-60,-58,-59,-62,-80,-5,20714
69,Meowth (Galarian Meowth),-50,-28,-39,-72,-80,-55,19414
70,Persian,-35,-23,-34,-47,-55,20,8544
71,Persian (Alolan Persian),-35,-33,-34,-37,-55,20,8264
72,Psyduck,-50,-41,-46,-47,-70,-40,15006
73,Golduck,-20,-11,-16,-17,-40,-10,2766
74,Mankey,-60,-13,-59,-77,-75,-25,19429
75,Primeape,-35,12,-34,-52,-50,0,7729
76,Growlithe,-45,-23,-49,-42,-70,-35,12844
77,Growlithe (Hisuian Growlithe),-40,-18,-49,-47,-70,-40,13034
78,Arcanine,-10,17,-14,-12,-40,0,2329
79,Arcanine (Hisuian Arcanine),-5,22,-14,-17,-40,-5,2619
80,Poliwag,-60,-43,-54,-72,-80,-5,19974
81,Poliwhirl,-35,-28,-29,-62,-70,-5,11619
82,Poliwrath,-10,2,1,-42,-30,-25,3394
83,Abra,-75,-73,-79,-7,-65,-5,21494
84,Kadabra,-60,-58,-64,8,-50,10,13724
85,Alakazam,-45,-43,-49,23,-25,25,8054
86,Alakazam (Mega Alakazam),-45,-43,-29,63,-15,55,11934
87,Machop,-30,-13,-44,-77,-85,-60,19759
88,Machoke,-20,7,-24,-62,-60,-50,10969
89,Machamp,-10,37,-14,-47,-35,-40,6699
90,Bellsprout,-50,-18,-59,-42,-90,-55,19194
91,Weepinbell,-35,-3,-44,-27,-75,-40,11124
92,Victreebel,-20,12,-29,-12,-50,-25,4654
93,Tentacool,-60,-53,-59,-62,-20,-25,14759
94,Tentacruel,-20,-23,-29,-32,0,5,2819
95,Geodude,-60,-13,6,-82,-90,-75,24254
96,Geodude (Alolan Geodude),-60,-13,6,-82,-90,-75,24254
97,Graveler,-45,2,21,-67,-75,-60,16184
98,Graveler (Alolan Graveler),-45,2,21,-67,-75,-60,16184
99,Golem,-20,27,36,-57,-55,-50,11199
100,Golem (Alolan Golem),-20,27,36,-57,-55,-50,11199
101,Ponyta,-50,-8,-39,-47,-55,-5,9344
102,Ponyta (Galarian Ponyta),-50,-8,-39,-47,-55,-5,9344
103,Rapidash,-35,7,-24,-32,-40,10,4574
104,Rapidash (Galarian Rapidash),-35,7,-24,-32,-40,10,4574
105,Slowpoke,-10,-28,-29,-72,-80,-80,19709
106,Slowpoke (Galarian Slowpoke),-10,-28,-29,-72,-80,-80,19709
107,Slowbro,-5,-18,16,-12,-40,-65,6574
108,Slowbro (Mega Slowbro),-5,-18,86,18,-40,-65,13894
109,Slowbro (Galarian Slowbro),-5,7,1,-12,-50,-65,6944
110,Magnemite,-75,-58,-24,-17,-65,-50,16579
111,Magneton,-50,-33,1,8,-50,-25,6779
112,Farfetch'd,-48,-3,-39,-54,-58,-35,11339
113,Farfetch'd (Galarian Farfetch'd),-48,2,-39,-54,-58,-40,11709
114,Doduo,-65,-8,-49,-77,-85,-20,20244
115,Dodrio,-40,17,-24,-52,-60,15,8994
116,Seel,-35,-48,-39,-67,-50,-50,14539
117,Dewgong,-10,-23,-14,-42,-25,-25,3839
118,Grimer,-20,-13,-44,-72,-70,-70,17489
119,Grimer (Alolan Grimer),-20,-13,-44,-72,-70,-70,17489
120,Muk,5,12,-19,-47,-20,-45,5164
121,Muk (Alolan Muk),5,12,-19,-47,-20,-45,5164
122,Shellder,-70,-28,6,-67,-95,-55,22259
123,Cloyster,-50,2,86,-27,-75,-25,16879
124,Gastly,-70,-58,-64,-12,-85,-15,19954
125,Haunter,-55,-43,-49,3,-65,0,11509
126,Gengar,-40,-28,-34,18,-45,15,6114
127,Gengar (Mega Gengar),-40,-28,-14,58,-25,35,7794
128,Onix,-65,-48,66,-82,-75,-25,23859
129,Drowzee,-40,-45,-49,-69,-30,-53,14496
130,Hypno,-15,-20,-24,-39,-5,-28,3531
131,Krabby,-70,12,-4,-87,-95,-45,23679
132,Kingler,-45,37,21,-62,-70,-20,12979
133,Voltorb,-60,-63,-44,-57,-65,5,17004
134,Voltorb (Hisuian Voltorb),-60,-63,-44,-57,-65,5,17004
135,Electrode,-40,-43,-24,-32,-40,55,9674
136,Electrode (Hisuian Electrode),-40,-43,-24,-32,-40,55,9674
137,Exeggcute,-40,-53,-14,-52,-75,-55,15959
138,Exeggutor,-5,2,-9,13,-45,-40,3904
139,Exeggutor (Alolan Exeggutor),-5,12,-9,13,-45,-50,4944
140,Cubone,-50,-43,1,-72,-70,-60,18034
141,Marowak,-40,-13,16,-62,-40,-50,9969
142,Marowak (Alolan Marowak),-40,-13,16,-62,-40,-50,9969
143,Hitmonlee,-50,27,-41,-77,-10,-8,11003
144,Hitmonchan,-50,12,-15,-77,-10,-19,9259
145,Lickitung,-10,-38,-19,-52,-45,-65,10859
146,Koffing,-60,-28,1,-52,-75,-60,16314
147,Weezing,-35,-3,26,-27,-50,-35,6364
148,Weezing (Galarian Weezing),-35,-3,26,-27,-50,-35,6364
149,Rhyhorn,-20,-8,1,-82,-90,-70,20189
150,Rhydon,5,37,26,-67,-75,-55,15209
151,Chansey,150,-88,-89,-77,-15,-45,46344
152,Tangela,-35,-38,21,-12,-80,-35,10879
153,Kangaskhan,5,2,-14,-72,-40,-5,7034
154,Kangaskhan (Mega Kangaskhan),5,32,6,-52,-20,5,4214
155,Horsea,-70,-53,-24,-42,-95,-35,20299
156,Seadra,-45,-28,1,-17,-75,-10,8824
157,Goldeen,-55,-26,-34,-77,-70,-32,16710
158,Seaking,-20,-1,-29,-47,-40,-27,5780
159,Staryu,-70,-48,-39,-42,-65,-10,14814
160,Starmie,-40,-18,-9,-12,-35,20,3774
161,Mr. Mime,-60,-48,-29,-12,0,-5,6914
162,Mr. Mime (Galarian Mr. Mime),-50,-28,-29,-22,-30,5,5534
163,Scyther,-30,17,-14,-57,-40,10,6334
164,Jynx,-35,-43,-59,3,-25,0,7189
165,Electabuzz,-35,-10,-37,-17,-35,10,4308
166,Magmar,-35,2,-37,-12,-35,-2,3971
167,Pinsir,-35,32,6,-57,-50,-10,8134
168,Pinsir (Mega Pinsir),-35,62,26,-47,-30,10,8954
169,Tauros,-25,7,1,-72,-50,15,8584
170,Tauros (Paldean Tauros (Combat Breed)),-25,17,11,-82,-50,5,10284
171,Tauros (Paldean Tauros (Blaze Breed)),-25,17,11,-82,-50,5,10284
172,Tauros (Paldean Tauros (Aqua Breed)),-25,17,11,-82,-50,5,10284
173,Magikarp,-80,-83,-39,-97,-100,-15,34444
174,Gyarados,-5,32,-15,-52,-20,-14,4574
175,Gyarados (Mega Gyarados),-5,62,15,-42,10,-14,6154
176,Lapras,30,-8,-14,-27,-25,-35,3739
177,Ditto,-52,-45,-46,-64,-72,-47,18334
178,Eevee,-45,-38,-44,-67,-55,-40,14519
179,Eevee (Partner Eevee),-35,-18,-24,-47,-35,-20,5959
180,Vaporeon,30,-28,-34,-2,-25,-30,4369
181,Jolteon,-35,-28,-34,-2,-25,35,5019
182,Flareon,-35,37,-34,-17,-10,-30,5039
183,Porygon,-35,-33,-24,-27,-45,-55,8669
184,Omanyte,-65,-53,6,-22,-65,-60,15379
185,Omastar,-30,-33,31,3,-50,-40,7059
186,Kabuto,-70,-13,-4,-57,-75,-40,15559
187,Kabutops,-40,22,11,-47,-50,-15,7139
188,Aerodactyl,-20,12,-29,-52,-45,35,7339
189,Aerodactyl (Mega Aerodactyl),-20,42,-9,-42,-25,55,7659
190,Snorlax,60,17,-29,-47,-10,-65,11264
191,Articuno,-10,-8,6,-17,5,-10,614
192,Articuno (Galarian Articuno),-10,-8,-9,13,-20,0,814
193,Zapdos,-10,-3,-9,13,-30,5,1284
194,Zapdos (Galarian Zapdos),-10,32,-4,-27,-30,5,2794
195,Moltres,-10,7,-4,13,-35,-5,1584
196,Moltres (Galarian Moltres),-10,-8,-4,-12,5,-5,374
197,Dratini,-59,-29,-49,-62,-70,-45,17492
198,Dragonair,-39,-9,-29,-42,-50,-25,7332
199,Dragonite,-9,41,1,-12,-20,-15,2532
200,Mewtwo,6,17,-4,42,-30,35,4230
201,Mewtwo (Mega Mewtwo X),6,97,6,42,-20,35,12870
202,Mewtwo (Mega Mewtwo Y),6,57,-24,82,0,45,12610
203,Mew,0,7,6,-12,-20,5,654
204,Chikorita,-55,-44,-29,-63,-55,-50,15296
205,Bayleef,-40,-31,-14,-49,-40,-35,7983
206,Meganium,-20,-11,6,-29,-20,-15,2023
207,Cyndaquil,-61,-41,-51,-52,-70,-30,16507
208,Quilava,-42,-29,-36,-32,-55,-15,8175
209,Typhlosion,-22,-9,-16,-3,-35,5,2080
210,Typhlosion (Hisuian Typhlosion),-27,-9,-16,7,-35,0,2340
211,Totodile,-50,-28,-30,-68,-72,-52,16696
212,Croconaw,-35,-13,-14,-53,-57,-37,9017
213,Feraligatr,-15,12,6,-33,-37,-17,3152
214,Sentret,-65,-47,-60,-77,-75,-75,27213
215,Furret,-15,-17,-30,-67,-65,-5,10153
216,Hoothoot,-40,-63,-64,-76,-64,-45,21562
217,Noctowl,0,-43,-44,-26,-24,-25,5662
218,Ledyba,-60,-73,-64,-72,-40,-40,21409
219,Ledian,-45,-58,-44,-57,-10,-10,10774
220,Spinarak,-60,-33,-54,-72,-80,-65,23414
221,Ariados,-30,-3,-24,-52,-50,-55,9714
222,Crobat,-15,-3,-14,-42,-40,35,5019
223,Chinchou,-25,-55,-56,-56,-64,-28,14802
224,Lanturn,25,-35,-36,-36,-44,-28,7162
225,Pichu,-80,-53,-79,-77,-85,-35,29829
226,Cleffa,-50,-68,-66,-67,-65,-80,26594
227,Igglybuff,-10,-63,-79,-72,-100,-80,31894
228,Togepi,-65,-73,-29,-72,-55,-75,24229
229,Togetic,-45,-53,-9,-32,-15,-55,9189
230,Natu,-60,-43,-49,-42,-75,-25,15864
231,Xatu,-35,-18,-24,-17,-50,0,4914
232,Mareep,-45,-53,-54,-47,-75,-60,19184
233,Flaaffy,-30,-38,-39,-32,-60,-50,10989
234,Ampharos,-10,-18,-9,3,-30,-40,3014
235,Ampharos (Mega Ampharos),-10,2,11,53,-10,-50,5634
236,Bellossom,-25,-13,1,-22,-20,-45,3704
237,Marill,-30,-73,-44,-92,-70,-55,24554
238,Azumarill,0,-43,-14,-52,-40,-45,8374
239,Sudowoodo,-30,7,21,-82,-55,-65,15364
240,Politoed,-10,-18,-19,-22,-20,-25,2294
241,Hoppip,-65,-58,-54,-77,-65,-45,22684
242,Skiploom,-45,-48,-44,-67,-55,-15,14004
243,Jumpluff,-25,-38,-24,-57,-25,15,6744
244,Aipom,-45,-23,-39,-72,-65,-10,13584
245,Sunkern,-70,-63,-64,-82,-90,-65,32014
246,Sunflora,-25,-18,-39,-7,-35,-65,7969
247,Yanma,-35,-28,-49,-37,-75,0,11404
248,Wooper,-45,-48,-49,-87,-95,-80,29724
249,Wooper (Paldean Wooper),-45,-48,-49,-87,-95,-80,29724
250,Quagsire,-5,-8,-9,-47,-55,-60,9004
251,Espeon,-35,-28,-34,18,-25,15,4339
252,Umbreon,-5,-28,16,-52,10,-30,4769
253,Murkrow,-40,-8,-52,-27,-78,-4,11197
254,Slowking,-5,-18,-14,-12,-10,-65,5014
255,Slowking (Galarian Slowking),-5,-28,-14,-2,-10,-65,5334
256,Misdreavus,-40,-33,-34,-27,-35,-10,5899
257,Unown,-52,-21,-46,-40,-72,-47,14254
258,Wobbuffet,90,-60,-36,-79,-62,-62,26925
259,Girafarig,-30,-13,-29,-22,-55,-10,5519
260,Pineco,-50,-28,-4,-77,-85,-80,22854
261,Forretress,-25,-3,46,-52,-60,-55,12079
262,Dunsparce,0,-23,-24,-47,-55,-50,8839
263,Gligar,-35,-18,11,-77,-55,-10,10724
264,Steelix,-25,-8,106,-57,-55,-65,22424
265,Steelix (Mega Steelix),-25,32,136,-57,-25,-65,28244
266,Snubbull,-40,-13,-44,-72,-80,-65,19514
267,Granbull,-10,27,-19,-52,-60,-50,9994
268,Qwilfish,-35,2,-9,-57,-65,-10,8884
269,Qwilfish (Hisuian Qwilfish),-35,2,-9,-57,-65,-10,8884
270,Scizor,-30,37,6,-57,-40,-30,8054
271,Scizor (Mega Scizor),-30,57,46,-47,-20,-20,9274
272,Shuckle,-80,-83,136,-102,110,-90,62389
273,Heracross,-20,32,-19,-72,-25,-10,7694
274,Heracross (Mega Heracross),-20,92,21,-72,-15,-20,15114
275,Sneasel,-45,2,-39,-77,-45,20,11904
276,Sneasel (Hisuian Sneasel),-45,2,-39,-77,-45,20,11904
277,Teddiursa,-40,-13,-44,-62,-70,-55,15474
278,Ursaring,-10,37,-19,-37,-45,-40,6824
279,Slugma,-60,-53,-54,-42,-80,-75,23114
280,Magcargo,-40,-43,26,-22,-40,-65,10434
281,Swinub,-50,-43,-54,-82,-90,-45,24114
282,Piloswine,0,7,-14,-52,-60,-45,8574
283,Corsola,-35,-38,1,-47,-25,-60,9104
284,Corsola (Galarian Corsola),-40,-38,6,-47,-20,-65,9914
285,Remoraid,-65,-28,-59,-47,-85,-30,18824
286,Octillery,-25,12,-19,-7,-45,-50,5704
287,Delibird,-55,-38,-49,-47,-75,-20,15104
288,Mantine,-15,-53,-24,-32,20,-25,5659
289,Skarmory,-35,-13,46,-72,-50,-25,11819
290,Houndour,-55,-33,-64,-32,-70,-30,15034
291,Houndoom,-25,-3,-44,-2,-40,0,4174
292,Houndoom (Mega Houndoom),-25,-3,-4,28,-30,20,2734
293,Kingdra,-25,2,1,-17,-25,-10,1644
294,Phanpy,-10,-33,-34,-72,-80,-55,16954
295,Donphan,-10,27,26,-52,-60,-45,9834
296,Porygon2,-15,-13,-4,-7,-25,-35,2309
297,Stantler,-27,2,-32,-27,-55,-10,5611
298,Smeargle,-45,-73,-59,-92,-75,-20,25324
299,Tyrogue,-65,-58,-59,-77,-85,-60,27824
300,Hitmontop,-50,2,1,-77,-10,-25,9159
301,Smoochum,-55,-63,-79,-27,-55,-30,17889
302,Elekid,-55,-30,-57,-47,-65,0,13608
303,Magby,-55,-18,-57,-42,-65,-12,12731
304,Miltank,-5,-13,11,-72,-50,5,8024
305,Blissey,155,-83,-84,-37,15,-40,41164
306,Raikou,-10,-8,-19,3,-20,20,1334
307,Entei,15,22,-9,-22,-45,5,3324
308,Suicune,0,-18,21,-22,-5,-10,1374
309,Larvitar,-50,-29,-44,-67,-70,-54,17582
310,Pupitar,-30,-9,-24,-47,-50,-44,8202
311,Tyranitar,0,41,16,-17,-20,-34,3782
312,Tyranitar (Mega Tyranitar),0,71,56,-17,0,-24,9042
313,Lugia,6,-3,36,-22,34,15,3206
314,Ho-Oh,6,37,-4,-2,34,-5,2606
315,Celebi,0,7,6,-12,-20,5,654
316,Treecko,-60,-48,-59,-47,-65,-25,16444
317,Grovyle,-50,-28,-49,-27,-55,0,9439
318,Sceptile,-30,-8,-29,-7,-35,25,3704
319,Sceptile (Mega Sceptile),-30,17,-19,33,-35,50,6364
320,Torchic,-55,-33,-54,-42,-70,-50,16194
321,Combusken,-40,-8,-34,-27,-60,-40,8749
322,Blaziken,-20,27,-24,-2,-50,-15,4434
323,Blaziken (Mega Blaziken),-20,67,-14,18,-40,5,7034
324,Mudkip,-50,-23,-44,-62,-70,-55,16734
325,Marshtomp,-30,-8,-24,-52,-50,-45,8769
326,Swampert,0,17,-4,-27,-30,-35,3159
327,Swampert (Mega Swampert),0,57,16,-17,-10,-25,4519
328,Poochyena,-65,-38,-59,-82,-90,-60,27574
329,Mightyena,-30,-3,-24,-52,-60,-25,8414
330,Zigzagoon,-62,-63,-53,-82,-79,-35,24812
331,Zigzagoon (Galarian Zigzagoon),-62,-63,-53,-82,-79,-35,24812
332,Linoone,-22,-23,-33,-62,-59,5,9452
333,Linoone (Galarian Linoone),-22,-23,-33,-62,-59,5,9452
334,Wurmple,-55,-48,-59,-92,-90,-75,30999
335,Silcoon,-50,-58,-39,-87,-95,-80,30379
336,Beautifly,-40,-23,-44,-12,-70,-30,10009
337,Cascoon,-50,-58,-39,-87,-95,-80,30379
338,Dustox,-40,-43,-24,-62,-30,-30,9669
339,Lotad,-60,-63,-64,-72,-70,-65,25974
340,Lombre,-40,-43,-44,-52,-50,-45,12614
341,Ludicolo,-20,-23,-24,-22,-20,-25,3014
342,Seedot,-60,-53,-44,-82,-90,-65,27394
343,Nuzleaf,-30,-23,-54,-52,-80,-35,14674
344,Shiftry,-10,7,-34,-22,-60,-15,5614
345,Taillow,-60,-38,-64,-82,-90,-10,24064
346,Swellow,-40,-8,-34,-37,-70,30,9989
347,Wingull,-60,-63,-64,-57,-90,-10,23114
348,Pelipper,-40,-43,6,-17,-50,-30,7174
349,Ralts,-72,-68,-69,-67,-85,-55,29308
350,Kirlia,-62,-58,-59,-47,-65,-45,19148
351,Gardevoir,-32,-28,-29,13,-5,-15,3068
352,Gardevoir (Mega Gardevoir),-32,-8,-29,53,15,5,4988
353,Surskit,-60,-63,-62,-62,-68,-30,20781
354,Masquerain,-30,-33,-32,-12,-38,-15,4826
355,Shroomish,-40,-53,-34,-72,-60,-60,17949
356,Breloom,-40,37,-14,-52,-60,-25,10094
357,Slakoth,-40,-33,-34,-77,-85,-65,21224
358,Vigoroth,-20,-13,-14,-57,-65,-5,8264
359,Slaking,50,67,6,-17,-55,5,10364
360,Nincada,-69,-48,-4,-82,-90,-55,24930
361,Ninjask,-39,-3,-49,-62,-70,65,16900
362,Shedinja,-99,-3,-49,-82,-90,-55,30060
363,Whismur,-36,-42,-71,-61,-97,-67,25720
364,Loudred,-16,-22,-51,-41,-77,-47,13160
365,Exploud,4,-2,-31,-21,-47,-27,4360
366,Makuhita,-28,-33,-64,-92,-90,-70,27433
367,Hariyama,44,27,-34,-72,-60,-45,14630
368,Azurill,-50,-73,-54,-92,-80,-75,31234
369,Nosepass,-70,-48,41,-67,-30,-65,18499
370,Skitty,-50,-48,-49,-77,-85,-45,22384
371,Delcatty,-30,-28,-29,-57,-65,-5,10024
372,Sableye,-50,-18,-19,-47,-55,-45,10444
373,Sableye (Mega Sableye),-50,-8,31,-27,-5,-75,9904
374,Mawile,-50,-8,-9,-57,-65,-45,12144
375,Mawile (Mega Mawile),-50,12,31,-57,-25,-45,9504
376,Aron,-50,-23,6,-72,-80,-65,18874
377,Lairon,-40,-3,46,-62,-70,-55,15494
378,Aggron,-30,17,86,-52,-60,-45,16914
379,Aggron (Mega Aggron),-30,47,136,-52,-40,-45,27934
380,Meditite,-70,-53,-39,-72,-65,-35,19864
381,Medicham,-40,-33,-19,-52,-45,-15,8004
382,Medicham (Mega Medicham),-40,7,-9,-32,-35,5,4004
383,Electrike,-60,-48,-54,-47,-80,-30,18329
384,Manectric,-30,-18,-34,-7,-60,10,6129
385,Manectric (Mega Manectric),-30,-18,-14,23,-40,40,5149
386,Plusle,-40,-43,-54,-27,-45,0,9119
387,Minun,-40,-53,-44,-37,-35,0,8939
388,Volbeat,-35,-20,-19,-65,-35,-10,7536
389,Illumise,-35,-46,-19,-39,-35,-10,6548
390,Roselia,-50,-33,-49,-12,-40,-30,8634
391,Gulpin,-30,-50,-41,-69,-67,-55,17356
392,Swalot,0,-20,-11,-39,-37,-40,5011
393,Carvanha,-55,-3,-74,-47,-100,-30,21619
394,Sharpedo,-30,27,-54,-17,-80,0,11234
395,Sharpedo (Mega Sharpedo),-30,47,-24,-2,-55,10,6814
396,Wailmer,30,-23,-59,-42,-85,-35,15124
397,Wailord,70,-3,-49,-22,-75,-35,14644
398,Numel,-40,-33,-54,-47,-75,-60,17039
399,Camerupt,-30,7,-24,-7,-45,-55,6624
400,Camerupt (Mega Camerupt),-30,27,6,33,-15,-75,8604
401,Torkoal,-30,-8,46,-27,-50,-75,11934
402,Spoink,-40,-68,-59,-42,-40,-35,14294
403,Grumpig,-20,-48,-29,-22,-10,-15,4354
404,Spinda,-40,-33,-34,-52,-60,-35,11374
405,Trapinch,-55,7,-49,-67,-75,-85,22814
406,Vibrava,-50,-23,-44,-62,-70,-25,14334
407,Flygon,-20,7,-14,-32,-40,5,3294
408,Cacnea,-50,-8,-54,-27,-80,-60,16209
409,Cacturne,-30,22,-34,3,-60,-40,7749
410,Swablu,-55,-53,-34,-72,-45,-45,16224
411,Altaria,-25,-23,-4,-42,-15,-15,3384
412,Altaria (Mega Altaria),-25,17,16,-2,-15,-15,1624
413,Zangoose,-27,22,-34,-52,-60,-5,8698
414,Seviper,-27,7,-34,-12,-60,-30,6578
415,Lunatone,-10,-38,-29,-17,-35,-25,4524
416,Solrock,-10,2,-9,-57,-55,-25,7084
417,Barboach,-50,-45,-51,-66,-79,-35,18948
418,Whiscash,10,-15,-21,-36,-49,-35,5688
419,Corphish,-57,-13,-29,-62,-85,-60,18928
420,Crawdaunt,-37,27,-9,-22,-65,-40,8488
421,Baltoy,-60,-53,-39,-72,-50,-40,17214
422,Claydol,-40,-23,11,-42,0,-20,4414
423,Lileep,-34,-52,-17,-51,-33,-72,13023
424,Cradily,-14,-12,3,-31,-13,-52,4183
425,Anorith,-55,2,-44,-72,-70,-20,15449
426,Armaldo,-25,32,6,-42,-40,-50,7549
427,Feebas,-80,-78,-74,-102,-65,-15,32814
428,Milotic,-5,-33,-15,-12,5,-14,1704
429,Castform,-30,-23,-24,-42,-50,-25,6894
430,Kecleon,-40,-3,-24,-52,0,-55,7914
431,Shuppet,-56,-18,-59,-49,-87,-50,19411
432,Banette,-36,22,-29,-29,-57,-30,7611
433,Banette (Mega Banette),-36,72,-19,-19,-37,-20,8971
434,Duskull,-80,-53,-4,-82,-30,-70,21749
435,Dusclops,-60,-23,36,-52,10,-70,13129
436,Tropius,-1,-25,-11,-40,-33,-44,5372
437,Chimecho,-25,-43,-14,-17,-30,-30,4759
438,Absol,-35,37,-34,-37,-60,-20,9119
439,Absol (Mega Absol),-35,57,-34,3,-60,20,9639
440,Wynaut,-5,-70,-46,-89,-72,-72,25330
441,Snorunt,-50,-43,-44,-62,-70,-45,17054
442,Glalie,-20,-13,-14,-32,-40,-15,3614
443,Glalie (Mega Glalie),-20,27,-14,8,-40,5,3014
444,Spheal,-30,-53,-44,-57,-70,-70,18694
445,Sealeo,-10,-33,-24,-37,-50,-50,8134
446,Walrein,10,-13,-4,-17,-30,-30,2374
447,Clamperl,-65,-29,-9,-38,-65,-63,14785
448,Huntail,-45,11,11,-18,-45,-43,6465
449,Gorebyss,-45,-9,11,2,-45,-43,6105
450,Relicanth,0,-3,36,-67,-55,-40,10419
451,Luvdisc,-57,-63,-39,-72,-55,2,16952
452,Bagon,-55,-18,-34,-72,-90,-45,19814
453,Shelgon,-35,2,6,-52,-70,-45,10894
454,Salamence,-5,42,-14,-2,-40,5,3614
455,Salamence (Mega Salamence),-5,52,36,8,-30,25,5614
456,Beldum,-60,-38,-14,-77,-60,-65,18994
457,Metang,-40,-18,6,-57,-40,-45,8834
458,Metagross,-20,42,36,-17,-30,-25,5274
459,Metagross (Mega Metagross),-20,52,56,-7,-10,15,6614
460,Regirock,-20,7,106,-62,-20,-45,17954
461,Regice,-20,-43,6,-12,80,-45,10854
462,Registeel,-20,-18,56,-37,30,-45,8154
463,Latias,-20,-13,-4,-2,10,15,914
464,Latias (Mega Latias),-20,7,26,28,30,15,3034
465,Latios,-20,-3,-14,18,-10,15,1254
466,Latios (Mega Latios),-20,37,6,48,0,15,4334
467,Kyogre,0,7,-4,38,20,-5,1934
468,Kyogre (Primal Kyogre),0,57,-4,68,40,-5,9514
469,Groudon,0,57,46,-12,-30,-5,6434
470,Groudon (Primal Groudon),0,87,66,38,-30,-5,14294
471,Rayquaza,5,57,-4,38,-30,0,5634
472,Rayquaza (Mega Rayquaza),5,87,6,68,-20,20,13054
473,Jirachi,0,7,6,-12,-20,5,654
474,Deoxys (Normal Forme),-50,57,-44,38,-70,55,17054
475,Deoxys (Attack Forme),-50,87,-74,68,-100,55,33194
476,Deoxys (Defense Forme),-50,-23,66,-42,40,-5,10774
477,Deoxys (Speed Forme),-50,2,-4,-17,-30,85,10934
478,Turtwig,-45,-25,-30,-67,-65,-64,16360
479,Grotle,-25,-4,-9,-57,-55,-59,10477
480,Torterra,-5,16,11,-37,-35,-39,4517
481,Chimchar,-56,-35,-50,-54,-76,-34,16709
482,Monferno,-36,-15,-42,-34,-68,-14,9261
483,Infernape,-24,11,-23,-8,-49,13,3860
484,Piplup,-47,-42,-41,-51,-64,-55,15376
485,Prinplup,-36,-27,-26,-31,-44,-45,7623
486,Empoleon,-16,-7,-6,-1,-19,-35,1928
487,Starly,-60,-38,-64,-82,-90,-35,25189
488,Staravia,-45,-18,-44,-72,-80,-15,16094
489,Staraptor,-15,27,-24,-62,-60,5,8999
490,Bidoof,-41,-48,-54,-77,-80,-64,23326
491,Bibarel,-21,-8,-34,-57,-60,-24,9086
492,Kricketot,-63,-68,-53,-87,-79,-70,30112
493,Kricketune,-23,-8,-43,-57,-69,-30,11352
494,Shinx,-55,-28,-60,-72,-86,-50,22489
495,Luxio,-40,-8,-45,-52,-71,-35,12659
496,Luxray,-20,27,-15,-17,-41,-25,3949
497,Budew,-60,-63,-59,-62,-50,-40,18994
498,Roserade,-40,-23,-29,13,-15,-5,3389
499,Cranidos,-33,32,-54,-82,-90,-37,21222
500,Rampardos,-3,72,-34,-47,-70,-37,14827
501,Shieldon,-70,-51,24,-70,-32,-65,18226
502,Bastiodon,-40,-41,74,-65,18,-65,17531
503,Burmy,-60,-64,-49,-83,-75,-59,26092
504,Wormadam (Plant Cloak),-40,-34,-9,-33,-15,-59,7632
505,Wormadam (Sandy Cloak),-40,-14,11,-53,-35,-59,9432
506,Wormadam (Trash Cloak),-40,-24,1,-43,-25,-59,8132
507,Mothim,-30,1,-44,-18,-70,-29,8902
508,Combee,-70,-63,-52,-82,-78,-25,25006
509,Vespiquen,-30,-13,8,-32,-18,-55,5506
510,Pachirisu,-40,-48,-24,-67,-30,0,9869
511,Buizel,-45,-28,-59,-52,-90,-10,17194
512,Floatzel,-15,12,-39,-27,-70,20,7919
513,Cherubi,-55,-58,-49,-50,-67,-60,19379
514,Cherrim,-30,-33,-24,-25,-42,-10,5054
515,Shellos,-24,-45,-46,-55,-58,-61,14827
516,Gastrodon,11,-10,-26,-20,-38,-56,5877
517,Ambipom,-25,7,-28,-52,-54,20,7478
518,Drifloon,-10,-43,-60,-52,-76,-25,14654
519,Drifblim,50,-13,-50,-22,-66,-15,10234
520,Buneary,-45,-27,-50,-68,-64,-10,14074
521,Lopunny,-35,-17,-10,-58,-24,10,5654
522,Lopunny (Mega Lopunny),-35,43,0,-58,-24,40,8614
523,Mismagius,-40,-33,-34,-7,-15,10,4219
524,Honchkrow,0,32,-42,-7,-68,-24,8037
525,Glameow,-51,-38,-52,-70,-83,-10,18638
526,Purugly,-29,-11,-30,-48,-61,17,8176
527,Chingling,-55,-63,-44,-47,-70,-50,18539
528,Stunky,-37,-30,-47,-71,-79,-21,16201
529,Skuntank,3,0,-27,-41,-59,-11,6021
530,Bronzor,-43,-69,-8,-88,-34,-72,20758
531,Bronzong,-33,-4,22,-33,-4,-62,6538
532,Bonsly,-50,-13,1,-102,-75,-85,25924
533,Mime Jr.,-80,-68,-49,-42,-30,-35,17314
534,Happiny,0,-88,-89,-97,-55,-65,32324
535,Chatot,-24,-28,-49,-20,-78,-4,10261
536,Spiritomb,-50,-1,14,-20,-12,-60,6841
537,Gible,-42,-23,-49,-72,-75,-53,18312
538,Gabite,-32,-3,-29,-62,-65,-13,10112
539,Garchomp,8,37,1,-32,-35,7,3732
540,Garchomp (Mega Garchomp),8,77,21,8,-25,-3,7132
541,Munchlax,35,-8,-54,-72,-35,-90,18714
542,Riolu,-60,-23,-54,-77,-80,-35,20599
543,Lucario,-30,17,-24,3,-50,-5,4299
544,Lucario (Mega Lucario),-30,52,-6,28,-50,17,7213
545,Hippopotas,-32,-21,-16,-74,-78,-63,17250
546,Hippowdon,8,19,24,-44,-48,-48,7545
547,Skorupi,-60,-43,-4,-82,-65,-30,17314
548,Drapion,-30,-3,16,-52,-45,0,5894
549,Croagunk,-52,-32,-54,-51,-80,-45,17670
550,Toxicroak,-17,13,-29,-26,-55,-10,5100
551,Carnivine,-26,7,-22,-22,-48,-49,6398
552,Finneon,-51,-44,-38,-63,-59,-29,14272
553,Lumineon,-31,-24,-18,-43,-34,-4,4882
554,Mantyke,-55,-73,-44,-52,0,-45,15019
555,Snover,-40,-31,-44,-50,-60,-55,13622
556,Abomasnow,-10,-1,-19,-20,-35,-35,3312
557,Abomasnow (Mega Abomasnow),-10,39,11,20,-15,-65,6592
558,Weavile,-30,27,-29,-67,-35,30,9084
559,Magnezone,-30,-23,21,18,-30,-35,4319
560,Lickilicky,10,-8,1,-32,-25,-45,3839
561,Rhyperior,15,47,36,-57,-65,-55,14229
562,Tangrowth,0,7,31,-2,-70,-45,7939
563,Electivire,-25,30,-27,-17,-35,0,3768
564,Magmortar,-25,2,-27,13,-25,-12,2296
565,Togekiss,-15,-43,1,8,-5,-15,2389
566,Yanmega,-14,-17,-8,4,-64,0,4661
567,Leafeon,-35,17,36,-52,-55,0,8539
568,Glaceon,-35,-33,16,18,-25,-30,4419
569,Gliscor,-25,2,31,-67,-45,0,8104
570,Mamoswine,10,37,-14,-42,-60,-15,7254
571,Porygon-Z,-15,-13,-24,23,-45,-5,3549
572,Gallade,-32,32,-29,-47,-5,-15,5348
573,Gallade (Mega Gallade),-32,72,1,-47,-5,15,8668
574,Probopass,-40,-38,51,-37,30,-55,10939
575,Dusknoir,-55,7,41,-47,15,-50,9689
576,Froslass,-30,-13,-24,-32,-50,15,5394
577,Rotom,-50,-43,-17,-17,-43,-4,6792
578,Rotom (Heat Rotom),-50,-28,13,-7,-13,-9,3752
579,Rotom (Wash Rotom),-50,-28,13,-7,-13,-9,3752
580,Rotom (Frost Rotom),-50,-28,13,-7,-13,-9,3752
581,Rotom (Fan Rotom),-50,-28,13,-7,-13,-9,3752
582,Rotom (Mow Rotom),-50,-28,13,-7,-13,-9,3752
583,Uxie,-25,-18,36,-37,10,0,3714
584,Mesprit,-20,12,11,-7,-15,-15,1164
585,Azelf,-25,32,-24,13,-50,20,5294
586,Dialga,0,27,26,38,-20,-5,3274
587,Dialga (Origin Forme),0,7,26,38,0,-5,2194
588,Palkia,-10,27,6,38,0,5,2334
589,Palkia (Origin Forme),-10,7,6,38,0,25,2254
590,Heatran,-9,-3,12,18,-14,-18,1078
591,Regigigas,10,67,16,-32,-10,5,5994
592,Giratina (Altered Forme),50,7,26,-12,0,-5,3394
593,Giratina (Origin Forme),50,27,6,8,-20,-5,3754
594,Cresselia,20,-23,26,-37,10,-10,3174
595,Phione,-20,-13,-14,-32,-40,-15,3614
596,Manaphy,0,7,6,-12,-20,5,654
597,Darkrai,-30,-3,-4,23,-30,30,3254
598,Shaymin (Land Forme),0,7,6,-12,-20,5,654
599,Shaymin (Sky Forme),0,10,-19,8,-45,32,3574
600,Arceus,20,27,26,8,0,25,2494
601,Victini,0,7,6,-12,-20,5,654
602,Snivy,-55,-48,-39,-67,-65,-32,16588
603,Servine,-40,-33,-19,-52,-45,-12,7923
604,Serperior,-25,-18,1,-37,-25,18,3268
605,Tepig,-35,-30,-49,-67,-75,-50,17140
606,Pignite,-10,0,-39,-42,-65,-40,9210
607,Emboar,10,30,-29,-12,-55,-30,5910
608,Oshawott,-45,-38,-49,-49,-75,-50,16396
609,Dewott,-25,-18,-34,-29,-60,-35,7771
610,Samurott,-5,7,-9,-4,-50,-25,3296
611,Samurott (Hisuian Samurott),-10,15,-14,-12,-55,-10,3790
612,Patrat,-55,-38,-55,-77,-81,-53,22793
613,Watchog,-40,-8,-25,-52,-51,-18,7918
614,Lillipup,-55,-33,-49,-87,-75,-40,21309
615,Herdier,-35,-13,-29,-77,-55,-35,12414
616,Stoutland,-15,17,-4,-67,-30,-15,6144
617,Purrloin,-59,-43,-57,-62,-83,-29,20153
618,Liepard,-36,-5,-44,-24,-70,11,8854
619,Pansage,-50,-40,-46,-59,-72,-31,15842
620,Simisage,-25,5,-31,-14,-57,6,5092
621,Pansear,-50,-40,-46,-59,-72,-31,15842
622,Simisear,-25,5,-31,-14,-57,6,5092
623,Panpour,-50,-40,-46,-59,-72,-31,15842
624,Simipour,-25,5,-31,-14,-57,6,5092
625,Munna,-24,-68,-49,-45,-65,-71,18892
626,Musharna,16,-38,-9,-5,-25,-66,6787
627,Pidove,-50,-38,-44,-76,-90,-52,22460
628,Tranquill,-38,-16,-32,-62,-78,-30,13552
629,Unfezant,-20,22,-14,-47,-65,-2,7518
630,Blitzle,-55,-33,-62,-62,-88,-19,19907
631,Zebstrika,-25,7,-31,-32,-57,21,6349
632,Roggenrola,-45,-18,-9,-87,-95,-80,25424
633,Boldore,-30,12,11,-62,-80,-75,17034
634,Gigalith,-15,42,36,-52,-40,-70,12489
635,Woobat,-35,-48,-51,-57,-77,-23,15837
636,Swoobat,-33,-36,-39,-35,-65,19,9717
637,Drilbur,-40,-8,-54,-82,-75,-27,17658
638,Excadrill,10,42,-34,-62,-55,-7,9938
639,Audino,3,-33,-8,-52,-34,-45,7047
640,Audino (Mega Audino),3,-33,32,-32,6,-45,5207
641,Timburr,-25,-13,-39,-87,-85,-60,20709
642,Gurdurr,-15,12,-9,-72,-70,-55,13559
643,Conkeldurr,5,47,1,-57,-55,-50,11009
644,Tympole,-50,-43,-54,-62,-80,-31,18470
645,Palpitoad,-25,-28,-39,-47,-65,-26,10040
646,Seismitoad,5,2,-19,-27,-45,-21,3585
647,Throh,20,7,-9,-82,-35,-50,10979
648,Sawk,-25,32,-19,-82,-45,-10,10859
649,Sewaddle,-55,-40,-24,-72,-60,-53,16794
650,Swadloon,-45,-30,-4,-62,-40,-53,11194
651,Leavanny,-25,10,-14,-42,-40,-3,4294
652,Venipede,-70,-48,-35,-82,-81,-38,23158
653,Whirlipede,-60,-38,5,-72,-41,-48,14238
654,Scolipede,-40,7,-5,-57,-51,17,7813
655,Cottonee,-60,-66,-34,-75,-70,-29,20478
656,Whimsicott,-40,-26,-9,-35,-45,21,6048
657,Petilil,-55,-58,-44,-42,-70,-65,19214
658,Lilligant,-30,-33,-19,-2,-45,-5,4404
659,Lilligant (Hisuian Lilligant),-30,12,-19,-62,-45,10,7374
660,Basculin,-30,-1,-29,-32,-65,3,7000
661,Sandile,-50,-21,-59,-77,-85,-30,20476
662,Krokorok,-40,-11,-49,-67,-75,-21,14677
663,Krookodile,-5,24,-14,-47,-50,-3,5515
664,Darumaka,-30,-3,-49,-97,-75,-45,20369
665,Darumaka (Galarian Darumaka),-30,-3,-49,-97,-75,-45,20369
666,Darmanitan (Standard Mode),5,47,-39,-82,-65,0,14704
667,Darmanitan (Zen Mode),5,-63,11,28,-15,-40,6724
668,Darmanitan (Galarian Standard Mode),5,47,-39,-82,-65,0,14704
669,Darmanitan (Galarian Zen Mode),5,67,-39,-82,-65,40,18584
670,Maractus,-25,-7,-27,-6,-53,-35,5473
671,Dwebble,-50,-28,-9,-77,-85,-40,18119
672,Crustle,-30,12,31,-47,-45,-50,8739
673,Scraggy,-50,-18,-24,-77,-50,-47,14038
674,Scrafty,-35,-3,21,-67,-5,-37,7558
675,Sigilyph,-28,-35,-14,-9,-40,2,3890
676,Yamask,-62,-63,-9,-57,-55,-65,18393
677,Yamask (Galarian Yamask),-62,-38,-9,-82,-55,-65,19343
678,Cofagrigus,-42,-43,51,-17,-15,-65,10953
679,Tirtouga,-46,-15,9,-59,-75,-73,16857
680,Carracosta,-26,15,39,-29,-55,-63,10257
681,Archen,-45,19,-49,-38,-75,-25,12481
682,Archeops,-25,47,-29,0,-55,15,6925
683,Trubbish,-50,-43,-32,-72,-58,-30,14821
684,Garbodor,-20,2,-12,-52,-38,-20,5096
685,Zorua,-60,-28,-54,-32,-80,-30,15624
686,Zorua (Hisuian Zorua),-65,-33,-54,-27,-80,-25,15984
687,Zoroark,-40,12,-34,8,-60,10,6664
688,Zoroark (Hisuian Zoroark),-45,7,-34,13,-60,15,7224
689,Minccino,-45,-43,-54,-72,-80,-20,18774
690,Cinccino,-25,2,-34,-47,-60,20,7994
691,Gothita,-55,-63,-44,-57,-55,-50,17704
692,Gothorita,-40,-48,-24,-37,-35,-40,8674
693,Gothitelle,-30,-38,1,-17,-10,-30,3634
694,Solosis,-55,-63,-54,-7,-70,-75,20484
695,Duosion,-35,-53,-44,13,-60,-65,13964
696,Reuniclus,10,-28,-19,13,-35,-65,6864
697,Ducklett,-38,-49,-44,-68,-70,-40,16905
698,Swanna,-25,-6,-31,-25,-57,3,5505
699,Vanillite,-64,-43,-44,-47,-60,-51,16291
700,Vanillish,-49,-28,-29,-32,-45,-36,8371
701,Vanilluxe,-29,2,-9,-2,-25,-16,1811
702,Deerling,-40,-33,-44,-72,-70,-20,15109
703,Sawsbuck,-20,7,-24,-52,-50,0,6229
704,Emolga,-45,-18,-34,-37,-60,8,8538
705,Karrablast,-50,-18,-49,-72,-75,-35,17259
706,Escavalier,-30,42,11,-52,-15,-75,11339
707,Foongus,-31,-38,-49,-57,-65,-80,18680
708,Amoonguss,14,-8,-24,-27,-40,-65,7390
709,Frillish,-45,-53,-44,-47,-35,-55,13229
710,Jellicent,0,-33,-24,-27,-15,-35,3844
711,Alomomola,65,-18,-14,-72,-75,-30,16454
712,Joltik,-50,-46,-44,-55,-70,-30,15377
713,Galvantula,-30,-16,-34,-15,-60,13,6306
714,Ferroseed,-56,-43,-3,-88,-34,-85,21119
715,Ferrothorn,-26,1,37,-58,-4,-75,11051
716,Klink,-60,-38,-24,-67,-60,-65,17934
717,Klang,-40,-13,1,-42,-35,-45,6784
718,Klinklang,-40,7,21,-42,-35,-5,5104
719,Tynamo,-65,-38,-54,-67,-80,-35,20699
720,Eelektrik,-35,-8,-24,-37,-50,-55,8759
721,Eelektross,-15,22,-14,-7,-40,-45,4579
722,Elgyem,-45,-38,-39,-27,-65,-65,14169
723,Beheeyem,-25,-18,-19,13,-25,-55,5129
724,Litwick,-50,-63,-39,-47,-65,-75,20049
725,Lampent,-40,-53,-34,-17,-60,-40,11054
726,Chandelure,-40,-38,-4,33,-30,-15,5274
727,Axew,-54,-6,-34,-82,-80,-38,18676
728,Fraxure,-34,24,-24,-72,-70,-28,13176
729,Haxorus,-24,54,-4,-52,-50,2,8716
730,Cubchoo,-45,-23,-54,-52,-80,-55,17599
731,Beartic,-5,37,-14,-42,-40,-45,6979
732,Cryogonal,-20,-43,-44,-17,15,10,4799
733,Shelmet,-50,-53,-9,-72,-55,-70,18499
734,Accelgor,-20,-23,-54,-12,-60,50,10089
735,Stunfisk,9,-27,-10,-31,-21,-63,6281
736,Stunfisk (Galarian Stunfisk),9,-12,5,-46,-36,-63,7631
737,Mienfoo,-55,-8,-44,-57,-70,-30,14074
738,Mienshao,-35,32,-34,-17,-60,10,7394
739,Druddigon,-23,27,-4,-52,-30,-47,7087
740,Golett,-41,-19,-44,-77,-70,-60,18407
741,Golurk,-11,31,-14,-57,-40,-40,7727
742,Pawniard,-55,-8,-24,-72,-80,-35,16474
743,Bisharp,-35,32,6,-52,-50,-25,8114
744,Bouffalant,-5,17,1,-72,-25,-40,7724
745,Rufflet,-30,-10,-44,-75,-70,-35,14686
746,Braviary,0,30,-19,-55,-45,-15,6536
747,Braviary (Hisuian Braviary),10,-10,-24,0,-50,-30,4176
748,Vullaby,-30,-38,-19,-67,-55,-35,11444
749,Mandibuzz,10,-28,11,-57,-25,-15,5104
750,Heatmor,-15,4,-28,-7,-54,-30,4890
751,Durant,-42,16,18,-64,-72,14,11820
752,Deino,-48,-28,-44,-67,-70,-57,17662
753,Zweilous,-28,-8,-24,-47,-50,-37,7502
754,Hydreigon,-8,12,-4,13,-30,3,1302
755,Larvesta,-45,-8,-39,-62,-65,-35,12904
756,Volcarona,-15,-33,-29,23,-15,5,2934
757,Cobalion,-9,-3,35,-22,-48,13,4272
758,Terrakion,-9,36,-4,-40,-30,13,4062
759,Virizion,-9,-3,-22,-22,9,13,1308
760,Tornadus (Incarnate Forme),-21,22,-24,13,-40,16,3526
761,Tornadus (Therian Forme),-21,7,-14,-2,-30,26,2266
762,Thundurus (Incarnate Forme),-21,22,-24,13,-40,16,3526
763,Thundurus (Therian Forme),-21,12,-24,33,-40,6,3886
764,Reshiram,0,27,6,38,0,-5,2234
765,Zekrom,0,57,26,8,-20,-5,4414
766,Landorus (Incarnate Forme),-11,32,-4,3,-40,6,2806
767,Landorus (Therian Forme),-11,52,-4,-7,-40,-4,4506
768,Kyurem,25,37,-4,18,-30,0,3234
769,Kyurem (Black Kyurem),25,77,6,8,-30,0,7554
770,Kyurem (White Kyurem),25,27,-4,58,-20,0,5134
771,Keldeo,-9,-21,-4,17,-30,13,1896
772,Meloetta (Aria Forme),0,-16,-17,16,8,-5,890
773,Meloetta (Pirouette Forme),0,35,-4,-35,-43,33,5404
774,Genesect,-29,27,1,8,-25,4,2276
775,Chespin,-44,-32,-29,-64,-75,-57,16771
776,Quilladin,-39,-15,1,-56,-62,-38,10171
777,Chesnaught,-12,14,28,-38,-45,-31,5554
778,Fennekin,-60,-48,-54,-50,-60,-35,16145
779,Braixen,-41,-34,-36,-22,-50,-22,7601
780,Delphox,-25,-24,-22,2,-20,9,2170
781,Froakie,-59,-37,-54,-50,-76,-24,16618
782,Frogadier,-46,-30,-42,-29,-64,2,9721
783,Greninja,-28,2,-27,-9,-49,27,4728
784,Greninja (Ash-Greninja),-28,52,-27,41,-49,37,9668
785,Bunnelby,-62,-57,-56,-80,-84,-38,25129
786,Diggersby,-15,-37,-17,-62,-43,-17,7865
787,Fletchling,-55,-43,-51,-72,-82,-33,20472
788,Fletchinder,-38,-20,-39,-56,-68,-11,11246
789,Talonflame,-22,-12,-23,-38,-51,31,6163
790,Scatterbug,-62,-58,-54,-85,-95,-60,29974
791,Spewpa,-55,-71,-34,-85,-90,-66,28903
792,Vivillon,-20,-41,-44,-22,-70,-6,9437
793,Litleo,-38,-43,-36,-39,-66,-23,10995
794,Pyroar,-14,-25,-22,-3,-54,11,4351
795,Flabébé,-56,-55,-55,-51,-41,-53,16277
796,Floette,-46,-48,-47,-37,-22,-43,10331
797,Florges,-22,-28,-26,0,34,-20,3500
798,Skiddo,-34,-28,-46,-50,-63,-43,12374
799,Gogoat,23,7,-32,-15,-39,-27,4077
800,Pancham,-33,-11,-32,-66,-72,-52,14478
801,Pangoro,-5,31,-16,-43,-49,-37,6861
802,Furfrou,-25,-13,-34,-47,-30,7,5108
803,Espurr,-38,-45,-40,-49,-60,-27,11799
804,Meowstic,-26,-45,-18,-29,-39,9,5468
805,Honedge,-55,-13,6,-77,-83,-67,20537
806,Doublade,-41,17,56,-67,-71,-60,18236
807,Aegislash (Shield Forme),-40,-43,46,-62,20,-35,11034
808,Aegislash (Blade Forme),-40,47,-44,28,-70,-35,12654
809,Spritzee,-22,-41,-34,-49,-55,-72,13931
810,Aromatisse,1,-21,-22,-13,-31,-66,6412
811,Swirlix,-38,-45,-28,-53,-63,-46,13147
812,Slurpuff,-18,-13,-8,-27,-45,-23,3840
813,Inkay,-47,-39,-41,-75,-74,-50,19012
814,Malamar,-14,-1,-6,-44,-45,-22,4678
815,Binacle,-58,-41,-27,-73,-64,-45,17224
816,Barbaracle,-28,12,21,-58,-34,-27,6618
817,Skrelp,-50,-33,-34,-52,-60,-65,15274
818,Dragalge,-35,-18,-4,-15,3,-51,4400
819,Clauncher,-50,-40,-32,-54,-57,-51,13890
820,Clawitzer,-29,-20,-6,8,-31,-36,3598
821,Helioptile,-56,-55,-61,-51,-77,-25,19037
822,Heliolisk,-38,-38,-42,-3,-26,14,5533
823,Tyrunt,-42,-4,-17,-67,-75,-47,14392
824,Tyrantrum,-18,28,25,-43,-61,-24,7879
825,Amaura,-23,-34,-44,-45,-57,-49,11296
826,Aurorus,23,-16,-22,-13,-28,-37,3591
827,Sylveon,-5,-28,-29,-2,10,-35,2979
828,Hawlucha,-22,-1,-19,-38,-57,23,6068
829,Dedenne,-33,-35,-37,-31,-53,6,7489
830,Carbink,-50,-43,56,-62,30,-45,14254
831,Goomy,-55,-43,-59,-57,-45,-55,16654
832,Sliggoo,-32,-18,-41,-29,-7,-35,5144
833,Sliggoo (Hisuian Sliggoo),-42,-18,-11,-29,-7,-55,6124
834,Goodra,-10,7,-24,-2,30,-15,1854
835,Goodra (Hisuian Goodra),-20,7,6,-2,30,-35,2614
836,Klefki,-43,-13,-3,-32,-33,-20,4540
837,Phantump,-57,-23,-46,-62,-60,-57,16587
838,Trevenant,-15,17,-18,-47,-38,-39,6012
839,Pumpkaboo (Small Size),-56,-27,-24,-68,-65,-39,14811
840,Pumpkaboo (Average Size),-51,-27,-24,-68,-65,-44,14691
841,Pumpkaboo (Large Size),-46,-27,-24,-68,-65,-49,14671
842,Pumpkaboo (Super Size),-41,-27,-24,-68,-65,-54,14751
843,Gourgeist (Small Size),-45,-8,28,-54,-45,4,7830
844,Gourgeist (Average Size),-35,-3,28,-54,-45,-11,7080
845,Gourgeist (Large Size),-25,2,28,-54,-45,-26,7030
846,Gourgeist (Super Size),-15,7,28,-54,-45,-41,7680
847,Bergmite,-45,-24,-9,-80,-85,-67,20796
848,Avalugg,-5,24,90,-68,-74,-67,23290
849,Avalugg (Hisuian Avalugg),-5,34,90,-78,-84,-57,25670
850,Noibat,-60,-63,-59,-67,-80,-40,23539
851,Noivern,-15,-23,-14,-15,-40,28,3559
852,Xerneas,26,38,1,19,-22,4,2982
853,Yveltal,26,38,1,19,-22,4,2982
854,Zygarde (50% Forme),8,7,27,-31,-25,0,2428
855,Zygarde (10% Forme),-46,7,-23,-51,-35,20,6920
856,Zygarde (Complete Forme),116,7,27,-21,-25,-10,15400
857,Diancie,-50,7,56,-12,30,-45,8754
858,Diancie (Mega Diancie),-50,67,16,48,-10,15,9874
859,Hoopa (Hoopa Confined),-20,17,-34,38,10,-25,4014
860,Hoopa (Hoopa Unbound),-20,67,-34,58,10,-15,9734
861,Volcanion,-20,17,26,18,-30,-25,3214
862,Rowlet,-32,-38,-39,-62,-70,-53,15542
863,Dartrix,-22,-18,-19,-42,-50,-43,7282
864,Decidueye,-22,14,-19,-12,-20,-25,2210
865,Decidueye (Hisuian Decidueye),-12,19,-14,-17,-25,-35,2840
866,Litten,-55,-28,-54,-52,-80,-25,16454
867,Torracat,-35,-8,-44,-32,-70,-5,9174
868,Incineroar,-5,22,-4,-32,-30,-35,3674
869,Popplio,-50,-39,-40,-46,-64,-55,14858
870,Brionne,-40,-24,-25,-21,-39,-45,6788
871,Primarina,-20,-19,-20,14,-4,-35,2598
872,Pikipek,-65,-18,-64,-82,-90,-30,24369
873,Trumbeak,-45,-8,-44,-72,-70,-20,14509
874,Toucannon,-20,27,-19,-37,-45,-35,6109
875,Yungoos,-52,-23,-64,-82,-90,-50,24653
876,Gumshoos,-12,17,-34,-57,-60,-50,10938
877,Grubbin,-53,-31,-49,-57,-75,-49,17446
878,Charjabug,-43,-11,1,-57,-45,-59,10726
879,Vikavolt,-23,-23,-4,33,-45,-52,6892
880,Crabrawler,-53,-11,-37,-70,-73,-32,15552
881,Crabominable,-3,39,-17,-50,-53,-52,9832
882,Oricorio,-25,-23,-24,-14,-50,-2,4430
883,Cutiefly,-60,-48,-54,-57,-80,-11,18590
884,Ribombee,-40,-38,-34,-17,-50,29,7830
885,Rockruff,-55,-28,-54,-82,-80,-35,21074
886,Lycanroc (Midday Form),-25,22,-29,-57,-55,17,8513
887,Lycanroc (Midnight Form),-15,22,-19,-57,-45,-13,6513
888,Lycanroc (Dusk Form),-25,24,-29,-57,-55,15,8541
889,Wishiwashi (Solo Form),-55,-73,-74,-87,-95,-55,33449
890,Wishiwashi (School Form),-55,47,36,28,15,-65,11764
891,Mareanie,-50,-40,-32,-69,-68,-50,17009
892,Toxapex,-50,-30,58,-59,22,-60,14329
893,Mudbray,-30,7,-24,-67,-65,-50,12739
894,Mudsdale,0,32,6,-57,-35,-60,9134
895,Dewpider,-62,-53,-42,-72,-48,-68,20529
896,Araquanid,-32,-23,-2,-62,12,-53,8354
897,Fomantis,-60,-38,-59,-62,-85,-60,23194
898,Lurantis,-30,12,-4,-32,-30,-50,5484
899,Morelull,-60,-58,-39,-47,-45,-80,19119
900,Shiinotic,-40,-48,-14,-22,-20,-65,9209
901,Salandit,-52,-49,-54,-41,-80,-18,16426
902,Salazzle,-32,-29,-34,-1,-60,22,7106
903,Stufful,-30,-18,-44,-67,-70,-45,14574
904,Bewear,20,32,-14,-57,-60,-35,9694
905,Bounsweet,-58,-63,-56,-82,-82,-63,27886
906,Steenee,-48,-53,-46,-72,-72,-33,18686
907,Tsareena,-28,27,4,-62,-22,-23,6386
908,Comfey,-49,-41,-4,-30,-10,5,5123
909,Oranguru,-10,-33,-14,-22,-10,-35,3194
910,Passimian,0,27,-4,-72,-60,-15,9754
911,Wimpod,-75,-58,-54,-92,-90,-15,28694
912,Golisopod,-25,32,46,-52,-30,-55,10394
913,Sandygast,-45,-38,-14,-42,-75,-80,17454
914,Palossand,-15,-18,16,-12,-45,-60,6574
915,Pyukumuku,-45,-33,36,-82,10,-90,19334
916,Type: Null,-5,2,1,-17,-25,-36,2240
917,Silvally,-5,2,1,-17,-25,0,944
918,Minior (Meteor Form),-40,-33,6,-52,-20,-35,7054
919,Minior (Core),-40,7,-34,-12,-60,25,7174
920,Komala,-35,22,-29,-37,-25,-30,5444
921,Turtonator,-40,-15,41,-21,-35,-59,8653
922,Togedemaru,-35,5,-31,-72,-47,1,9605
923,Mimikyu,-45,-3,-14,-62,-15,1,6300
924,Bruxish,-32,12,-24,-42,-50,-3,6017
925,Drampa,-22,-33,-9,23,-29,-59,6505
926,Dhelmise,-30,38,6,-26,-30,-55,6981
927,Jangmo-o,-55,-38,-29,-67,-75,-50,17924
928,Hakamo-o,-45,-18,-4,-47,-50,-30,7974
929,Kommo-o,-25,17,31,-12,-15,-10,2344
930,Tapu Koko,-30,22,-9,-17,-45,35,5004
931,Tapu Lele,-30,-8,-19,18,-5,0,1674
932,Tapu Bulu,-30,37,21,-27,-25,-20,4464
933,Tapu Fini,-30,-18,21,-17,10,-10,2154
934,Cosmog,-57,-64,-63,-83,-89,-58,29488
935,Cosmoem,-57,-64,37,-83,11,-58,19088
936,Solgaleo,37,44,13,1,-31,2,4440
937,Lunala,37,20,-5,25,-13,2,2592
938,Nihilego,9,-40,-47,15,11,8,4300
939,Buzzwole,7,46,45,-59,-67,-16,12416
940,Pheromosa,-29,44,-57,25,-83,56,16676
941,Xurkitree,-17,-4,-23,61,-49,-12,7100
942,Celesteela,-3,8,9,-5,-19,-34,1696
943,Kartana,-41,88,37,-53,-89,14,21720
944,Guzzlord,123,8,-41,-15,-67,-52,24292
945,Necrozma,-3,14,7,15,-31,-16,1696
946,Necrozma (Dusk Mane Necrozma),-3,64,33,1,-11,-18,5640
947,Necrozma (Dawn Wings Necrozma),-3,20,15,45,7,-18,3032
948,Necrozma (Ultra Necrozma),-3,74,3,55,-23,34,10204
949,Magearna,-20,2,21,18,-5,-30,2094
950,Marshadow,-10,32,-14,-22,-30,30,3604
951,Poipole,-33,-20,-27,-39,-53,-22,7032
952,Naganadel,-27,-20,-21,15,-47,26,4680
953,Stakataka,-39,38,117,-59,-19,-82,27220
954,Blacephalon,-47,34,-41,39,-41,12,8392
955,Zeraora,-12,19,-19,-10,-40,48,4870
956,Meltan,-54,-28,-29,-57,-85,-61,18736
957,Melmetal,35,50,49,-32,-55,-61,13896
958,Grookey,-50,-28,-44,-72,-80,-30,17704
959,Thwackey,-30,-8,-24,-57,-60,-15,8614
960,Rillaboom,0,32,-4,-52,-50,-10,6344
961,Scorbunny,-50,-22,-54,-72,-80,-26,18160
962,Raboot,-35,-7,-34,-57,-60,-1,9280
963,Cinderace,-20,23,-19,-47,-45,24,6100
964,Sobble,-50,-53,-54,-42,-80,-25,17014
965,Drizzile,-35,-33,-39,-17,-65,-5,8374
966,Inteleon,-30,-8,-29,13,-55,25,5624
967,Skwovet,-30,-38,-39,-77,-85,-70,21919
968,Greedent,20,2,1,-57,-45,-75,11304
969,Rookidee,-62,-46,-59,-79,-85,-38,24351
970,Corvisquire,-32,-26,-39,-69,-65,-18,12531
971,Corviknight,-2,-6,11,-59,-35,-28,5651
972,Blipbug,-75,-73,-74,-87,-75,-50,32124
973,Dottler,-50,-58,-14,-62,-30,-65,15029
974,Orbeetle,-40,-48,16,-32,0,-5,5209
975,Nickit,-60,-65,-66,-65,-68,-45,23055
976,Thievul,-30,-35,-36,-25,-28,-5,4855
977,Gossifleur,-60,-53,-34,-72,-60,-85,23574
978,Eldegoss,-40,-43,-4,-32,0,-35,5714
979,Wooloo,-58,-53,-39,-72,-75,-47,20712
980,Dubwool,-28,-13,6,-52,-30,-7,4642
981,Chewtle,-50,-29,-44,-74,-82,-51,20078
982,Drednaw,-10,22,-4,-64,-52,-21,7841
983,Yamper,-41,-48,-44,-72,-70,-69,20766
984,Boltund,-31,-3,-34,-22,-60,26,6886
985,Rolycoly,-70,-53,-44,-72,-70,-65,23954
986,Carkol,-20,-33,-4,-52,-50,-45,8734
987,Coalossal,10,-13,26,-32,-30,-65,7094
988,Applin,-60,-53,-14,-72,-80,-75,23814
989,Flapple,-30,17,-14,-17,-60,-25,5899
990,Appletun,10,-8,-14,-12,-40,-65,6329
991,Silicobra,-48,-36,-19,-77,-70,-49,17191
992,Sandaconda,-28,14,31,-47,-50,-24,7226
993,Cramorant,-30,-8,-39,-27,-25,-10,3939
994,Arrokuda,-59,-30,-54,-72,-90,-29,21422
995,Barraskewda,-39,30,-34,-52,-70,41,12862
996,Toxel,-60,-55,-59,-58,-85,-55,23720
997,Toxtricity,-25,5,-24,2,-50,-20,4130
998,Sizzlipede,-50,-28,-49,-62,-70,-50,16929
999,Centiskorch,0,22,-29,-22,-30,-30,3609
1000,Clobbopus,-50,-25,-34,-62,-70,-63,16994
1001,Grapploct,-20,25,-4,-42,-40,-53,7214
1002,Sinistea,-60,-48,-49,-38,-66,-45,16130
1003,Polteageist,-40,-28,-29,22,-6,-25,4370
1004,Hatenna,-58,-63,-49,-56,-67,-56,20495
1005,Hattrem,-43,-53,-29,-26,-47,-46,10500
1006,Hatterene,-43,-3,1,24,-17,-66,7080
1007,Impidimp,-55,-48,-64,-57,-80,-45,21099
1008,Morgrem,-35,-33,-49,-37,-65,-25,10934
1009,Grimmsnarl,-5,27,-29,-17,-45,-35,5134
1010,Obstagoon,-7,-3,7,-52,-39,0,4332
1011,Perrserker,-30,17,6,-62,-60,-45,10694
1012,Cursola,-40,2,-44,33,10,-65,8954
1013,Sirfetch'd,-38,42,1,-44,-38,-30,7489
1014,Mr. Rime,-20,-8,-19,-2,-20,-25,1854
1015,Runerigus,-42,2,51,-62,-15,-65,12663
1016,Milcery,-55,-53,-54,-62,-59,-61,19796
1017,Alcremie,-35,-33,-19,-2,1,-31,3641
1018,Falinks,-35,7,6,-42,-60,-20,7074
1019,Pincurchin,-52,8,1,-21,-35,-80,10835
1020,Snom,-70,-68,-59,-67,-90,-75,31219
1021,Frosmoth,-30,-28,-34,13,-30,-30,4809
1022,Stonjourner,0,32,41,-92,-100,-25,21794
1023,Eiscue (Ice Face),-25,-13,16,-47,-30,-45,6184
1024,Eiscue (Noice Face),-25,-13,-24,-47,-70,35,9704
1025,Indeedee (Male),-40,-28,-39,-7,-25,0,4579
1026,Indeedee (Female),-30,-38,-29,-17,-15,-10,3799
1027,Morpeko,-42,2,-36,-42,-62,2,8676
1028,Cufant,-28,-13,-45,-72,-71,-55,16228
1029,Copperajah,22,37,-25,-32,-51,-65,10328
1030,Dracozolt,-10,7,-4,-32,-50,-20,4089
1031,Arctozolt,-10,7,-4,-22,-40,-40,3849
1032,Dracovish,-10,-3,6,-42,-40,-20,3909
1033,Arctovish,-10,-3,6,-32,-30,-40,3669
1034,Duraludon,-30,2,21,8,-70,-10,6409
1035,Dreepy,-72,-33,-64,-72,-90,-13,23822
1036,Drakloak,-32,-13,-44,-52,-70,7,10782
1037,Dragapult,-12,27,-19,-12,-45,47,5612
1038,Zacian (Hero of Many Battles),-8,27,21,-32,-5,43,4132
1039,Zacian (Crowned Sword),-8,57,21,-32,-5,53,7612
1040,Zamazenta (Hero of Many Battles),-8,27,21,-32,-5,43,4132
1041,Zamazenta (Crowned Shield),-8,27,46,-32,20,33,5422
1042,Eternatus,40,-8,1,33,-25,35,4604
1043,Eternatus (Eternamax Eternatus),155,22,156,13,130,35,67139
1044,Kubfu,-40,-3,-34,-59,-70,-23,11675
1045,Urshifu,0,37,6,-49,-60,2,7410
1046,Zarude,5,27,11,-42,-25,10,3364
1047,Regieleki,-20,7,-44,-12,-70,105,18454
1048,Regidrago,100,7,-44,-12,-70,-15,17254
1049,Glastrier,0,52,36,-47,-10,-65,10534
1050,Spectrier,0,-28,-34,33,-40,35,5854
1051,Calyrex,0,-13,-14,-32,-40,-15,3214
1052,Calyrex (Ice Rider Calyrex),0,72,56,-27,10,-45,11174
1053,Calyrex (Shadow Rider Calyrex),0,-8,-14,53,-20,55,6494
1054,Wyrdeer,3,12,-22,-7,-45,-30,3611
1055,Kleavor,-30,42,1,-67,-50,-10,9754
1056,Ursaluna,30,47,11,-67,-40,-45,11344
1057,Basculegion (Male),20,19,-29,-32,-45,-17,4940
1058,Basculegion (Female),20,-1,-29,-12,-45,-17,3700
1059,Sneasler,-20,37,-34,-72,-40,25,10334
1060,Overqwil,-15,22,1,-47,-55,-10,6044
1061,Enamorus (Incarnate Forme),-26,22,-24,23,-40,11,3986
1062,Enamorus (Therian Forme),-26,22,16,23,-20,-49,4746
1063,Sprigatito,-60,-32,-40,-67,-75,-30,17238
1064,Floragato,-39,-13,-31,-52,-57,-12,8748
1065,Meowscarada,-24,17,-24,-31,-50,28,5686
1066,Fuecoco,-33,-48,-35,-49,-80,-59,16900
1067,Crocalor,-19,-38,-16,-22,-62,-46,8505
1068,Skeledirge,4,-18,6,-2,-45,-29,3246
1069,Quaxly,-45,-28,-49,-62,-75,-45,16704
1070,Quaxwell,-30,-8,-29,-47,-60,-30,8514
1071,Quaquaval,-15,27,-14,-27,-45,-10,4004
1072,Lechonk,-46,-48,-54,-77,-75,-60,22490
1073,Oinkologne (Male),10,7,-19,-53,-40,-30,5819
1074,Oinkologne (Female),15,-3,-24,-53,-30,-30,5419
1075,Tarountula,-65,-52,-49,-83,-80,-75,28244
1076,Spidops,-40,-14,-2,-60,-34,-60,10156
1077,Nymble,-67,-47,-54,-91,-95,-50,29420
1078,Lokix,-29,9,-16,-60,-65,-3,9012
1079,Pawmi,-55,-43,-74,-72,-95,-35,25784
1080,Pawmo,-40,-18,-54,-62,-80,-10,15184
1081,Pawmot,-30,22,-24,-42,-60,10,7424
1082,Tandemaus,-50,-43,-49,-72,-75,-20,17959
1083,Maushold,-26,-18,-24,-47,-45,16,6066
1084,Fidough,-63,-38,-24,-82,-65,-30,17838
1085,Dachsbun,-43,-13,21,-62,-40,0,7903
1086,Smoliv,-59,-58,-49,-54,-69,-65,21148
1087,Dolliv,-48,-40,-34,-34,-42,-62,11824
1088,Arboliva,-22,-24,-4,13,-11,-56,4502
1089,Squawkabilly,-18,3,-43,-67,-69,-3,11441
1090,Nacli,-45,-38,-19,-77,-85,-70,21884
1091,Naclstack,-40,-33,6,-77,-55,-60,15279
1092,Garganacl,0,7,36,-67,-30,-60,10334
1093,Charcadet,-60,-43,-54,-62,-80,-60,22209
1094,Armarouge,-15,-33,6,13,-40,-20,3519
1095,Ceruledge,-25,32,-14,-52,-20,-10,5049
1096,Tadbulb,-39,-62,-53,-53,-85,-50,20708
1097,Bellibolt,9,-29,-3,-9,-37,-50,4881
1098,Wattrel,-60,-53,-59,-57,-80,-25,20164
1099,Kilowattrel,-30,-23,-34,-7,-60,30,7134
1100,Maschiff,-40,-15,-34,-72,-69,-44,14862
1101,Mabosstiff,-20,27,-4,-52,-50,-10,6449
1102,Shroodle,-60,-28,-59,-72,-85,-20,20674
1103,Grafaiai,-37,2,-29,-32,-48,15,5767
1104,Bramblin,-60,-28,-64,-67,-85,-35,21419
1105,Brambleghast,-45,22,-24,-32,-50,-5,6634
1106,Toedscool,-60,-53,-59,-62,-20,-25,14759
1107,Toedscruel,-20,-23,-29,-32,0,5,2819
1108,Klawf,-30,7,21,-77,-65,-20,11944
1109,Capsakid,-50,-31,-54,-50,-80,-45,17302
1110,Scovillain,-35,15,-29,-4,-55,-20,5732
1111,Rellor,-59,-43,-34,-81,-62,-65,21116
1112,Rabsca,-25,-43,-9,3,-20,-50,5464
1113,Flittle,-70,-58,-64,-57,-90,-20,24109
1114,Espathra,-5,-33,-34,-11,-60,10,6091
1115,Tinkatink,-50,-48,-49,-77,-56,-37,17639
1116,Tinkatuff,-35,-38,-39,-67,-38,-17,10412
1117,Tinkaton,-15,-18,-17,-42,-15,-1,2828
1118,Wiglett,-90,-38,-69,-77,-95,0,29259
1119,Wugtrio,-65,7,-44,-62,-50,25,13179
1120,Bombirdier,-30,10,-9,-52,-35,-13,5179
1121,Finizen,-30,-48,-54,-67,-80,-20,17409
1122,Palafin,0,-23,-22,-59,-58,5,7883
1123,Palafin,0,67,3,-6,-33,5,5648
1124,Varoom,-55,-23,-31,-82,-75,-48,19168
1125,Revavroom,-20,26,-4,-58,-53,-5,7290
1126,Cyclizar,-30,2,-29,-27,-55,26,6175
1127,Orthworm,-30,-8,51,-52,-65,-30,11394
1128,Glimmet,-52,-58,-52,-7,-60,-35,13646
1129,Glimmora,-17,-38,-4,18,-39,-9,3675
1130,Greavard,-50,-32,-34,-82,-65,-61,19350
1131,Houndstone,-28,8,6,-62,-23,-27,5986
1132,Flamigo,-18,22,-20,-37,-56,-5,5738
1133,Cetoddle,8,-25,-49,-82,-80,-52,18918
1134,Cetitan,70,20,-29,-67,-65,-22,15339
1135,Veluza,-10,9,-21,-34,-55,-25,5428
1136,Dondozo,50,7,21,-47,-55,-60,11824
1137,Tatsugiri,-32,-43,-34,8,-25,-13,4887
1138,Annihilape,10,22,-14,-62,-30,-5,5549
1139,Clodsire,30,-18,-34,-67,-20,-75,12894
1140,Farigiraf,20,-3,-24,-2,-50,-35,4714
1141,Dudunsparce,25,7,-14,-27,-45,-40,5224
1142,Kingambit,0,42,26,-52,-35,-45,8394
1143,Great Tusk,15,38,37,-59,-67,-8,11072
1144,Scream Tail,15,-28,5,-47,-5,16,3524
1145,Brute Bonnet,11,34,5,-33,-21,-40,4432
1146,Flutter Mane,-45,-38,-39,23,15,40,7344
1147,Slither Wing,-15,42,-15,-27,-15,-14,3364
1148,Sandy Shocks,-15,-12,3,9,-35,6,1720
1149,Iron Treads,-10,19,26,-40,-50,11,5358
1150,Iron Bundle,-44,-13,20,12,-60,41,7930
1151,Iron Hands,54,47,14,-62,-52,-45,13894
1152,Iron Jugulis,-6,-13,-8,10,-40,13,2138
1153,Iron Moth,-20,-23,-34,28,-10,15,3194
1154,Iron Thorns,0,41,16,-42,-36,-23,5526
1155,Frigibax,-35,-18,-49,-77,-75,-40,17104
1156,Arctibax,-10,2,-28,-67,-55,-33,9491
1157,Baxcalibur,15,52,-2,-37,-34,-8,5522
1158,Gimmighoul (Chest Form),-55,-63,-24,-37,-50,-85,18664
1159,Gimmighoul (Roaming Form),-55,-63,-69,-37,-75,-15,18974
1160,Gholdengo,-13,-33,1,21,-29,-11,2662
1161,Wo-Chien,-15,-8,6,-17,15,-25,1464
1162,Chien-Pao,-20,27,-14,-22,-55,40,6434
1163,Ting-Lu,55,17,31,-57,-40,-50,11624
1164,Chi-Yu,-45,-13,-14,23,0,5,2944
1165,Roaring Moon,5,46,-23,-57,-19,24,6856
1166,Iron Valiant,-26,37,-4,8,-60,21,6166
1167,Koraidon,0,42,21,-27,-20,40,4934
1168,Miraidon,0,-8,6,23,-5,40,2254
