Yvonne Nguyen vs. Pokemon SSE,pokemon,D_HP,D_ATK,D_DEF,D_SPA,D_SPD,D_SPE,SSE
0,Bulbasaur,-35,-28,-11,-2,-9,-15,2440
1,Ivysaur,-20,-15,3,13,6,0,839
2,Venusaur,0,5,23,33,26,20,2719
3,Venusaur (Mega Venusaur),0,23,63,55,46,20,10039
4,Charmander,-41,-25,-17,-7,-24,5,3245
5,Charmeleon,-22,-13,-2,13,-9,20,1307
6,Charizard,-2,7,18,42,11,40,3862
7,Charizard (Mega Charizard X),-2,53,51,63,11,40,11104
8,Charizard (Mega Charizard Y),-2,27,18,92,41,40,12802
9,Squirtle,-36,-29,5,-17,-10,-17,2840
10,Wartortle,-21,-14,20,-2,6,-2,1081
11,Blastoise,-1,6,40,18,31,18,3246
12,Blastoise (Mega Blastoise),-1,26,60,68,41,18,10906
13,Caterpie,-35,-47,-25,-47,-54,-15,9409
14,Metapod,-30,-57,-5,-42,-49,-30,9239
15,Butterfree,-20,-32,-10,23,6,10,2189
16,Weedle,-40,-42,-30,-47,-54,-10,9489
17,Kakuna,-35,-52,-10,-42,-49,-25,8819
18,Beedrill,-15,13,-20,-22,6,15,1539
19,Beedrill (Mega Beedrill),-15,73,-20,-52,6,85,15919
20,Pidgey,-40,-32,-20,-32,-39,-4,5585
21,Pidgeotto,-17,-17,-5,-17,-24,11,1589
22,Pidgeot,3,3,15,3,-4,41,1949
23,Pidgeot (Mega Pidgeot),3,3,20,68,6,61,8799
24,Rattata,-50,-21,-25,-42,-39,12,6995
25,Rattata (Alolan Rattata),-50,-21,-25,-42,-39,12,6995
26,Raticate,-25,4,0,-17,-4,37,2315
27,Raticate (Alolan Raticate),-5,-6,10,-27,6,17,1215
28,Spearow,-40,-17,-30,-36,-43,10,6034
29,Fearow,-15,13,5,-6,-13,40,2224
30,Ekans,-45,-17,-16,-27,-20,-5,3724
31,Arbok,-20,18,9,-2,5,20,1234
32,Pikachu,-45,-22,-20,-17,-24,30,4674
33,Pikachu (Partner Pikachu),-35,3,-10,8,-14,60,5194
34,Raichu,-20,13,-5,23,6,50,3659
35,Raichu (Alolan Raichu),-20,8,-10,28,11,50,3969
36,Sandshrew,-30,-2,25,-47,-44,-20,6074
37,Sandshrew (Alolan Sandshrew),-30,-2,30,-57,-39,-20,6974
38,Sandslash,-5,23,50,-22,-19,5,3924
39,Sandslash (Alolan Sandslash),-5,23,60,-42,-9,5,6024
40,Nidoran♀,-25,-30,-8,-27,-34,-19,3835
41,Nidorina,-10,-15,7,-12,-19,-4,895
42,Nidoqueen,10,15,27,8,11,16,1495
43,Nidoran♂,-34,-20,-20,-27,-34,-10,3941
44,Nidorino,-19,-5,-3,-12,-19,5,925
45,Nidoking,1,25,17,18,1,25,1865
46,Clefairy,-10,-32,-12,-7,-9,-25,2023
47,Clefable,15,-7,13,28,16,0,1483
48,Vulpix,-42,-36,-20,-17,-9,5,3855
49,Vulpix (Alolan Vulpix),-42,-36,-20,-17,-9,5,3855
50,Ninetales,-7,-1,15,14,26,40,2747
51,Ninetales (Alolan Ninetales),-7,-10,15,14,26,49,3647
52,Jigglypuff,35,-32,-40,-22,-49,-40,8334
53,Wigglytuff,60,-7,-15,18,-24,-15,4999
54,Zubat,-40,-32,-25,-37,-34,-5,5799
55,Golbat,-5,3,10,-2,1,30,1039
56,Oddish,-35,-27,-5,8,-9,-30,3024
57,Gloom,-20,-12,10,18,1,-20,1369
58,Vileplume,-5,3,25,43,16,-10,2864
59,Paras,-45,-7,-5,-22,-19,-35,4169
60,Parasect,-20,18,20,-7,6,-30,2109
61,Venonat,-20,-22,-10,-27,-19,-15,2299
62,Venomoth,-10,-12,0,23,1,30,1674
63,Diglett,-70,-22,-35,-32,-29,35,9699
64,Diglett (Alolan Diglett),-70,-22,-30,-32,-29,30,9049
65,Dugtrio,-45,23,-10,-17,-4,60,6559
66,Dugtrio (Alolan Dugtrio),-45,23,0,-17,-4,50,5359
67,Meowth,-40,-32,-25,-27,-34,30,6034
68,Meowth (Alolan Meowth),-40,-42,-25,-17,-34,30,6334
69,Meowth (Galarian Meowth),-30,-12,-5,-27,-34,-20,3354
70,Persian,-15,-7,0,-2,-9,55,3384
71,Persian (Alolan Persian),-15,-17,0,8,-9,55,3684
72,Psyduck,-30,-25,-12,-2,-24,-5,2274
73,Golduck,0,5,18,28,6,25,1794
74,Mankey,-40,3,-25,-32,-29,10,4199
75,Primeape,-15,28,0,-7,-4,35,2299
76,Growlithe,-25,-7,-15,3,-24,0,1484
77,Growlithe (Hisuian Growlithe),-20,-2,-15,-2,-24,-5,1234
78,Arcanine,10,33,20,33,6,35,3939
79,Arcanine (Hisuian Arcanine),15,38,20,28,6,30,3789
80,Poliwag,-40,-27,-20,-27,-34,30,5514
81,Poliwhirl,-15,-12,5,-17,-24,30,2159
82,Poliwrath,10,18,35,3,16,10,2014
83,Abra,-55,-57,-45,38,-19,30,11004
84,Kadabra,-40,-42,-30,53,-4,45,9114
85,Alakazam,-25,-27,-15,68,21,60,10244
86,Alakazam (Mega Alakazam),-25,-27,5,108,31,90,22104
87,Machop,-10,3,-10,-32,-39,-25,3379
88,Machoke,0,23,10,-17,-14,-15,1339
89,Machamp,10,53,20,-2,11,-5,3459
90,Bellsprout,-30,-2,-25,3,-44,-20,3874
91,Weepinbell,-15,13,-10,18,-29,-5,1684
92,Victreebel,0,28,5,33,-4,10,2014
93,Tentacool,-40,-37,-25,-17,26,10,4659
94,Tentacruel,0,-7,5,13,46,40,3959
95,Geodude,-40,3,40,-37,-44,-40,8114
96,Geodude (Alolan Geodude),-40,3,40,-37,-44,-40,8114
97,Graveler,-25,18,55,-22,-29,-25,5924
98,Graveler (Alolan Graveler),-25,18,55,-22,-29,-25,5924
99,Golem,0,43,70,-12,-9,-15,7199
100,Golem (Alolan Golem),0,43,70,-12,-9,-15,7199
101,Ponyta,-30,8,-5,-2,-9,30,1974
102,Ponyta (Galarian Ponyta),-30,8,-5,-2,-9,30,1974
103,Rapidash,-15,23,10,13,6,45,3084
104,Rapidash (Galarian Rapidash),-15,23,10,13,6,45,3084
105,Slowpoke,10,-12,5,-27,-34,-45,4179
106,Slowpoke (Galarian Slowpoke),10,-12,5,-27,-34,-45,4179
107,Slowbro,15,-2,50,33,6,-30,4754
108,Slowbro (Mega Slowbro),15,-2,120,63,6,-30,19534
109,Slowbro (Galarian Slowbro),15,23,35,33,-4,-30,3984
110,Magnemite,-55,-42,10,28,-19,-15,6259
111,Magneton,-30,-17,35,53,-4,10,5339
112,Farfetch'd,-28,13,-5,-9,-12,0,1203
113,Farfetch'd (Galarian Farfetch'd),-28,18,-5,-9,-12,-5,1383
114,Doduo,-45,8,-15,-32,-39,15,5084
115,Dodrio,-20,33,10,-7,-14,50,4334
116,Seel,-15,-32,-5,-22,-4,-15,1999
117,Dewgong,10,-7,20,3,21,10,1099
118,Grimer,0,3,-10,-27,-24,-35,2639
119,Grimer (Alolan Grimer),0,3,-10,-27,-24,-35,2639
120,Muk,25,28,15,-2,26,-10,2414
121,Muk (Alolan Muk),25,28,15,-2,26,-10,2414
122,Shellder,-50,-12,40,-22,-49,-20,7529
123,Cloyster,-30,18,120,18,-29,10,16889
124,Gastly,-50,-42,-30,33,-39,20,8174
125,Haunter,-35,-27,-15,48,-19,35,6069
126,Gengar,-20,-12,0,63,1,50,7014
127,Gengar (Mega Gengar),-20,-12,20,103,21,70,16894
128,Onix,-45,-32,100,-37,-29,10,15359
129,Drowzee,-20,-29,-15,-24,16,-18,2622
130,Hypno,5,-4,10,6,41,7,1907
131,Krabby,-50,28,30,-42,-49,-10,8449
132,Kingler,-25,53,55,-17,-24,15,7549
133,Voltorb,-40,-47,-10,-12,-19,40,6014
134,Voltorb (Hisuian Voltorb),-40,-47,-10,-12,-19,40,6014
135,Electrode,-20,-27,10,13,6,90,9534
136,Electrode (Hisuian Electrode),-20,-27,10,13,6,90,9534
137,Exeggcute,-20,-37,20,-7,-29,-20,3459
138,Exeggutor,15,18,25,58,1,-5,4564
139,Exeggutor (Alolan Exeggutor),15,28,25,58,1,-15,5224
140,Cubone,-30,-27,35,-27,-24,-25,4784
141,Marowak,-20,3,50,-17,6,-15,3459
142,Marowak (Alolan Marowak),-20,3,50,-17,6,-15,3459
143,Hitmonlee,-30,43,-7,-32,36,27,5847
144,Hitmonchan,-30,28,19,-32,36,16,4621
145,Lickitung,10,-22,15,-7,1,-30,1759
146,Koffing,-40,-12,35,-7,-29,-25,4484
147,Weezing,-15,13,60,18,-4,0,4334
148,Weezing (Galarian Weezing),-15,13,60,18,-4,0,4334
149,Rhyhorn,0,8,35,-37,-44,-35,5819
150,Rhydon,25,53,60,-22,-29,-20,8759
151,Chansey,170,-72,-55,-32,31,-10,39194
152,Tangela,-15,-22,55,33,-34,0,5979
153,Kangaskhan,25,18,20,-27,6,30,3014
154,Kangaskhan (Mega Kangaskhan),25,48,40,-7,26,40,6854
155,Horsea,-50,-37,10,3,-49,0,6379
156,Seadra,-25,-12,35,28,-29,25,4244
157,Goldeen,-35,-10,0,-32,-24,3,2934
158,Seaking,0,15,5,-2,6,8,354
159,Staryu,-50,-32,-5,3,-19,25,4544
160,Starmie,-20,-2,25,33,11,55,5264
161,Mr. Mime,-40,-32,5,33,46,30,6754
162,Mr. Mime (Galarian Mr. Mime),-30,-12,5,23,16,40,3454
163,Scyther,-10,33,20,-12,6,45,3794
164,Jynx,-15,-27,-25,48,21,35,5549
165,Electabuzz,-15,6,-3,28,11,45,3200
166,Magmar,-15,18,-3,33,11,33,2857
167,Pinsir,-15,48,40,-12,-4,25,4914
168,Pinsir (Mega Pinsir),-15,78,60,-2,16,45,12194
169,Tauros,-5,23,35,-27,-4,50,5024
170,Tauros (Paldean Tauros (Combat Breed)),-5,33,45,-37,-4,40,6124
171,Tauros (Paldean Tauros (Blaze Breed)),-5,33,45,-37,-4,40,6124
172,Tauros (Paldean Tauros (Aqua Breed)),-5,33,45,-37,-4,40,6124
173,Magikarp,-60,-67,-5,-52,-54,20,14134
174,Gyarados,15,48,19,-7,26,21,4056
175,Gyarados (Mega Gyarados),15,78,49,3,56,21,12296
176,Lapras,50,8,20,18,21,0,3729
177,Ditto,-32,-29,-12,-19,-26,-12,3190
178,Eevee,-25,-22,-10,-22,-9,-5,1799
179,Eevee (Partner Eevee),-15,-2,10,-2,11,15,679
180,Vaporeon,50,-12,0,43,21,5,4959
181,Jolteon,-15,-12,0,43,21,70,7559
182,Flareon,-15,53,0,28,36,5,5139
183,Porygon,-15,-17,10,18,1,-20,1339
184,Omanyte,-45,-37,40,23,-19,-25,6509
185,Omastar,-10,-17,65,48,-4,-5,6959
186,Kabuto,-50,3,30,-12,-29,-5,4419
187,Kabutops,-20,38,45,-2,-4,20,4289
188,Aerodactyl,0,28,5,-7,1,70,5759
189,Aerodactyl (Mega Aerodactyl),0,58,25,3,21,90,12539
190,Snorlax,80,33,5,-2,36,-30,9714
191,Articuno,10,8,40,28,51,25,5774
192,Articuno (Galarian Articuno),10,8,25,58,26,35,6054
193,Zapdos,10,13,25,58,16,40,6114
194,Zapdos (Galarian Zapdos),10,48,30,18,16,40,5484
195,Moltres,10,23,30,58,11,30,5914
196,Moltres (Galarian Moltres),10,8,30,33,51,30,5654
197,Dratini,-39,-13,-15,-17,-24,-10,2880
198,Dragonair,-19,7,5,3,-4,10,560
199,Dragonite,11,57,35,33,26,20,6760
200,Mewtwo,26,33,30,87,16,70,15390
201,Mewtwo (Mega Mewtwo X),26,113,40,87,26,70,28190
202,Mewtwo (Mega Mewtwo Y),26,73,10,127,46,80,30750
203,Mew,20,23,40,33,26,40,5894
204,Chikorita,-35,-28,5,-18,-9,-15,2664
205,Bayleef,-20,-15,20,-4,6,0,1077
206,Meganium,0,5,40,16,26,20,2957
207,Cyndaquil,-41,-25,-17,-7,-24,5,3245
208,Quilava,-22,-13,-2,13,-9,20,1307
209,Typhlosion,-2,7,18,42,11,40,3862
210,Typhlosion (Hisuian Typhlosion),-7,7,18,52,11,35,4472
211,Totodile,-30,-12,4,-23,-26,-17,2554
212,Croconaw,-15,3,20,-8,-11,-2,823
213,Feraligatr,5,28,40,12,9,18,2958
214,Sentret,-45,-31,-26,-32,-29,-40,7127
215,Furret,5,-1,4,-22,-19,30,1787
216,Hoothoot,-20,-47,-30,-31,-18,-10,4894
217,Noctowl,20,-27,-10,19,22,10,2174
218,Ledyba,-40,-57,-30,-27,6,-5,6539
219,Ledian,-25,-42,-10,-12,36,25,4554
220,Spinarak,-40,-17,-20,-27,-34,-30,5074
221,Ariados,-10,13,10,-7,-4,-20,834
222,Crobat,5,13,20,3,6,70,5539
223,Chinchou,-5,-39,-22,-11,-18,7,2524
224,Lanturn,45,-19,-2,9,2,7,2524
225,Pichu,-60,-37,-45,-32,-39,0,9539
226,Cleffa,-30,-52,-32,-22,-19,-45,7498
227,Igglybuff,10,-47,-45,-27,-54,-45,10004
228,Togepi,-45,-57,5,-27,-9,-40,7709
229,Togetic,-25,-37,25,13,31,-20,4149
230,Natu,-40,-27,-15,3,-29,10,3504
231,Xatu,-15,-2,10,28,-4,35,2354
232,Mareep,-25,-37,-20,-2,-29,-25,3864
233,Flaaffy,-10,-22,-5,13,-14,-15,1199
234,Ampharos,10,-2,25,48,16,-5,3314
235,Ampharos (Mega Ampharos),10,18,45,98,36,-15,13574
236,Bellossom,-5,3,35,23,26,-10,2564
237,Marill,-10,-57,-10,-47,-24,-20,6634
238,Azumarill,20,-27,20,-7,6,-10,1714
239,Sudowoodo,-10,23,55,-37,-9,-30,6004
240,Politoed,10,-2,15,23,26,10,1634
241,Hoppip,-45,-42,-20,-32,-19,-10,5674
242,Skiploom,-25,-32,-10,-22,-9,20,2714
243,Jumpluff,-5,-22,10,-12,21,50,3694
244,Aipom,-25,-7,-5,-27,-19,25,2414
245,Sunkern,-50,-47,-30,-37,-44,-30,9814
246,Sunflora,-5,-2,-5,38,11,-30,2519
247,Yanma,-15,-12,-15,8,-29,35,2724
248,Wooper,-25,-32,-15,-42,-49,-45,8064
249,Wooper (Paldean Wooper),-25,-32,-15,-42,-49,-45,8064
250,Quagsire,15,8,25,-2,-9,-25,1624
251,Espeon,-15,-12,0,63,21,50,7279
252,Umbreon,15,-12,50,-7,56,5,6079
253,Murkrow,-20,8,-18,18,-32,31,3097
254,Slowking,15,-2,20,33,36,-30,3914
255,Slowking (Galarian Slowking),15,-12,20,43,36,-30,4814
256,Misdreavus,-20,-17,0,18,11,25,1759
257,Unown,-32,-5,-12,5,-26,-12,2038
258,Wobbuffet,110,-44,-2,-34,-16,-27,16181
259,Girafarig,-10,3,5,23,-9,25,1369
260,Pineco,-30,-12,30,-32,-39,-45,6514
261,Forretress,-5,13,80,-7,-14,-20,7239
262,Dunsparce,20,-7,10,-2,-9,-15,859
263,Gligar,-15,-2,45,-32,-9,25,3984
264,Steelix,-5,8,140,-12,-9,-30,20814
265,Steelix (Mega Steelix),-5,48,170,-12,21,-30,32714
266,Snubbull,-20,3,-10,-27,-34,-30,3294
267,Granbull,10,43,15,-7,-14,-15,2644
268,Qwilfish,-15,18,25,-12,-19,25,2304
269,Qwilfish (Hisuian Qwilfish),-15,18,25,-12,-19,25,2304
270,Scizor,-10,53,40,-12,6,5,4714
271,Scizor (Mega Scizor),-10,73,80,-2,26,15,12734
272,Shuckle,-60,-67,170,-57,156,-55,67599
273,Heracross,0,48,15,-27,21,25,4324
274,Heracross (Mega Heracross),0,108,55,-27,31,15,16604
275,Sneasel,-25,18,-5,-32,1,55,5024
276,Sneasel (Hisuian Sneasel),-25,18,-5,-32,1,55,5024
277,Teddiursa,-20,3,-10,-17,-24,-20,1774
278,Ursaring,10,53,15,8,1,-5,3224
279,Slugma,-40,-37,-20,3,-34,-40,6134
280,Magcargo,-20,-27,60,23,6,-30,6194
281,Swinub,-30,-27,-20,-37,-44,-10,5434
282,Piloswine,20,23,20,-7,-14,-10,1674
283,Corsola,-15,-22,35,-2,21,-25,3004
284,Corsola (Galarian Corsola),-20,-22,40,-2,26,-30,4064
285,Remoraid,-45,-12,-25,-2,-39,5,4344
286,Octillery,-5,28,15,38,1,-15,2704
287,Delibird,-35,-22,-15,-2,-29,15,3004
288,Mantine,5,-37,10,13,66,10,6119
289,Skarmory,-15,3,80,-27,-4,10,7479
290,Houndour,-35,-17,-30,13,-24,5,3184
291,Houndoom,-5,13,-10,43,6,35,3404
292,Houndoom (Mega Houndoom),-5,13,30,73,16,55,9704
293,Kingdra,-5,18,35,28,21,25,3424
294,Phanpy,10,-17,0,-27,-34,-20,2674
295,Donphan,10,43,60,-7,-14,-10,5894
296,Porygon2,5,3,30,38,21,0,2819
297,Stantler,-7,18,2,18,-9,25,1407
298,Smeargle,-25,-57,-25,-47,-29,15,7774
299,Tyrogue,-45,-42,-25,-32,-39,-25,7584
300,Hitmontop,-30,18,35,-32,36,10,4869
301,Smoochum,-35,-47,-45,18,-9,5,5889
302,Elekid,-35,-14,-23,-2,-19,35,3540
303,Magby,-35,-2,-23,3,-19,23,2657
304,Miltank,15,3,45,-27,-4,40,4604
305,Blissey,175,-67,-50,8,61,-5,41424
306,Raikou,10,8,15,48,26,55,6394
307,Entei,35,38,25,23,1,40,5424
308,Suicune,20,-2,55,23,41,25,6264
309,Larvitar,-30,-13,-10,-22,-24,-19,2590
310,Pupitar,-10,7,10,-2,-4,-9,350
311,Tyranitar,20,57,50,28,26,1,7610
312,Tyranitar (Mega Tyranitar),20,87,90,28,46,11,19090
313,Lugia,26,13,70,23,80,50,15174
314,Ho-Oh,26,53,30,43,80,30,13534
315,Celebi,20,23,40,33,26,40,5894
316,Treecko,-40,-32,-25,-2,-19,10,3714
317,Grovyle,-30,-12,-15,18,-9,35,2899
318,Sceptile,-10,8,5,38,11,60,5354
319,Sceptile (Mega Sceptile),-10,33,15,78,11,85,14844
320,Torchic,-35,-17,-20,3,-24,-15,2724
321,Combusken,-20,8,0,18,-14,-5,1009
322,Blaziken,0,43,10,43,-4,20,4214
323,Blaziken (Mega Blaziken),0,83,20,63,6,40,12894
324,Mudkip,-30,-7,-10,-17,-24,-20,2314
325,Marshtomp,-10,8,10,-7,-4,-10,429
326,Swampert,20,33,30,18,16,0,2969
327,Swampert (Mega Swampert),20,73,50,28,36,10,10409
328,Poochyena,-45,-22,-25,-37,-44,-25,7064
329,Mightyena,-10,13,10,-7,-14,10,714
330,Zigzagoon,-42,-47,-19,-37,-33,0,6792
331,Zigzagoon (Galarian Zigzagoon),-42,-47,-19,-37,-33,0,6792
332,Linoone,-2,-7,1,-17,-13,40,2112
333,Linoone (Galarian Linoone),-2,-7,1,-17,-13,40,2112
334,Wurmple,-35,-32,-25,-47,-44,-40,8619
335,Silcoon,-30,-42,-5,-42,-49,-45,8879
336,Beautifly,-20,-7,-10,33,-24,5,2239
337,Cascoon,-30,-42,-5,-42,-49,-45,8879
338,Dustox,-20,-27,10,-17,16,5,1799
339,Lotad,-40,-47,-30,-27,-24,-30,6914
340,Lombre,-20,-27,-10,-7,-4,-10,1394
341,Ludicolo,0,-7,10,23,26,10,1454
342,Seedot,-40,-37,-10,-37,-44,-30,7274
343,Nuzleaf,-10,-7,-20,-7,-34,0,1754
344,Shiftry,10,23,0,23,-14,20,1754
345,Taillow,-40,-22,-30,-37,-44,25,6914
346,Swellow,-20,8,0,8,-24,65,5329
347,Wingull,-40,-47,-30,-12,-44,25,7414
348,Pelipper,-20,-27,40,28,-4,5,3554
349,Ralts,-52,-52,-35,-22,-39,-20,9038
350,Kirlia,-42,-42,-25,-2,-19,-10,4618
351,Gardevoir,-12,-12,5,58,41,20,5758
352,Gardevoir (Mega Gardevoir),-12,8,5,98,61,40,15158
353,Surskit,-40,-47,-28,-17,-22,5,5391
354,Masquerain,-10,-17,2,33,8,20,1946
355,Shroomish,-20,-37,0,-27,-14,-25,3319
356,Breloom,-20,53,20,-7,-14,10,3954
357,Slakoth,-20,-17,0,-32,-39,-30,4134
358,Vigoroth,0,3,20,-12,-19,30,1814
359,Slaking,70,83,40,28,-9,40,15854
360,Nincada,-49,-32,30,-37,-44,-20,8030
361,Ninjask,-19,13,-15,-17,-24,100,11620
362,Shedinja,-79,13,-15,-37,-44,-20,10340
363,Whismur,-16,-26,-37,-16,-51,-32,6182
364,Loudred,4,-6,-17,4,-31,-12,1462
365,Exploud,24,14,3,24,-1,8,1422
366,Makuhita,-8,-17,-30,-47,-44,-35,6623
367,Hariyama,64,43,0,-27,-14,-10,6970
368,Azurill,-30,-57,-20,-47,-34,-40,9514
369,Nosepass,-50,-32,75,-22,16,-30,10789
370,Skitty,-30,-32,-15,-32,-39,-10,4794
371,Delcatty,-10,-12,5,-12,-19,30,1674
372,Sableye,-30,-2,15,-2,-9,-10,1314
373,Sableye (Mega Sableye),-30,8,65,18,41,-40,8794
374,Mawile,-30,8,25,-12,-19,-10,2194
375,Mawile (Mega Mawile),-30,28,65,-12,21,-10,6594
376,Aron,-30,-7,40,-27,-34,-30,5334
377,Lairon,-20,13,80,-17,-24,-20,8234
378,Aggron,-10,33,120,-7,-14,-10,15934
379,Aggron (Mega Aggron),-10,63,170,-7,6,-10,33154
380,Meditite,-50,-37,-5,-27,-19,0,4984
381,Medicham,-20,-17,15,-7,1,20,1364
382,Medicham (Mega Medicham),-20,23,25,13,11,40,3444
383,Electrike,-40,-32,-20,-2,-34,5,4209
384,Manectric,-10,-2,0,38,-14,45,3769
385,Manectric (Mega Manectric),-10,-2,20,68,6,75,10789
386,Plusle,-20,-27,-20,18,1,35,3079
387,Minun,-20,-37,-10,8,11,35,3279
388,Volbeat,-15,-4,15,-20,11,25,1612
389,Illumise,-15,-30,15,6,11,25,2132
390,Roselia,-30,-17,-15,33,6,5,2564
391,Gulpin,-10,-34,-7,-24,-21,-20,2722
392,Swalot,20,-4,23,6,9,-5,1087
393,Carvanha,-35,13,-40,-2,-54,5,5939
394,Sharpedo,-10,43,-20,28,-34,35,5514
395,Sharpedo (Mega Sharpedo),-10,63,10,43,-9,45,8124
396,Wailmer,50,-7,-25,3,-39,0,4704
397,Wailord,90,13,-15,23,-29,0,9864
398,Numel,-20,-17,-20,-2,-29,-25,2559
399,Camerupt,-10,23,10,38,1,-20,2574
400,Camerupt (Mega Camerupt),-10,43,40,78,31,-40,12194
401,Torkoal,-10,8,80,18,-4,-40,8504
402,Spoink,-20,-52,-25,3,6,0,3774
403,Grumpig,0,-32,5,23,36,20,3274
404,Spinda,-20,-17,0,-7,-14,0,934
405,Trapinch,-35,23,-15,-22,-29,-50,5804
406,Vibrava,-30,-7,-10,-17,-24,10,2014
407,Flygon,0,23,20,13,6,40,2734
408,Cacnea,-30,8,-20,18,-34,-25,3469
409,Cacturne,-10,38,0,48,-14,-5,4069
410,Swablu,-35,-37,0,-27,1,-10,3424
411,Altaria,-5,-7,30,3,31,20,2344
412,Altaria (Mega Altaria),-5,33,50,43,31,20,6824
413,Zangoose,-7,38,0,-7,-14,30,2638
414,Seviper,-7,23,0,33,-14,5,1888
415,Lunatone,10,-22,5,28,11,10,1614
416,Solrock,10,18,25,-12,-9,10,1374
417,Barboach,-30,-29,-17,-21,-33,0,3560
418,Whiscash,30,1,13,9,-3,0,1160
419,Corphish,-37,3,5,-17,-39,-25,3838
420,Crawdaunt,-17,43,25,23,-19,-5,3678
421,Baltoy,-40,-37,-5,-27,-4,-5,3764
422,Claydol,-20,-7,45,3,46,15,4824
423,Lileep,-14,-36,17,-6,13,-37,3355
424,Cradily,6,4,37,14,33,-17,2995
425,Anorith,-35,18,-10,-27,-24,15,3179
426,Armaldo,-5,48,40,3,6,-15,4199
427,Feebas,-60,-62,-40,-57,-19,20,13054
428,Milotic,15,-17,19,33,51,21,5006
429,Castform,-10,-7,10,3,-4,10,374
430,Kecleon,-20,13,10,-7,46,-20,3234
431,Shuppet,-36,-2,-25,-4,-41,-15,3847
432,Banette,-16,38,5,16,-11,5,2127
433,Banette (Mega Banette),-16,88,15,26,9,15,9207
434,Duskull,-60,-37,30,-37,16,-35,8719
435,Dusclops,-40,-7,70,-7,56,-35,10959
436,Tropius,19,-9,23,5,13,-9,1246
437,Chimecho,-5,-27,20,28,16,5,2219
438,Absol,-15,53,0,8,-14,15,3519
439,Absol (Mega Absol),-15,73,0,48,-14,55,11079
440,Wynaut,15,-54,-12,-44,-26,-37,7266
441,Snorunt,-30,-27,-10,-17,-24,-10,2694
442,Glalie,0,3,20,13,6,20,1014
443,Glalie (Mega Glalie),0,43,20,53,6,40,6694
444,Spheal,-10,-37,-10,-12,-24,-35,3514
445,Sealeo,10,-17,10,8,-4,-15,794
446,Walrein,30,3,30,28,16,5,2874
447,Clamperl,-45,-13,25,7,-19,-28,4013
448,Huntail,-25,27,45,27,1,-8,4173
449,Gorebyss,-25,7,45,47,1,-8,4973
450,Relicanth,20,13,70,-22,-9,-5,6059
451,Luvdisc,-37,-47,-5,-27,-9,37,5782
452,Bagon,-35,-2,0,-27,-44,-10,3994
453,Shelgon,-15,18,40,-7,-24,-10,2874
454,Salamence,15,58,20,43,6,40,7474
455,Salamence (Mega Salamence),15,68,70,53,16,60,16414
456,Beldum,-40,-22,20,-32,-14,-30,4604
457,Metang,-20,-2,40,-12,6,-10,2284
458,Metagross,0,58,70,28,16,10,9404
459,Metagross (Mega Metagross),0,68,90,38,36,50,17964
460,Regirock,0,23,140,-17,26,-10,21194
461,Regice,0,-27,40,33,126,-10,19394
462,Registeel,0,-2,90,8,76,-10,14044
463,Latias,0,3,30,43,56,50,8394
464,Latias (Mega Latias),0,23,60,73,76,50,17734
465,Latios,0,13,20,63,36,50,8334
466,Latios (Mega Latios),0,53,40,93,46,50,17674
467,Kyogre,20,23,30,83,66,30,13974
468,Kyogre (Primal Kyogre),20,73,30,113,86,30,27694
469,Groudon,20,73,80,33,16,30,14374
470,Groudon (Primal Groudon),20,103,100,83,16,30,29054
471,Rayquaza,25,73,30,83,16,35,15224
472,Rayquaza (Mega Rayquaza),25,103,40,113,26,55,29304
473,Jirachi,20,23,40,33,26,40,5894
474,Deoxys (Normal Forme),-30,73,-10,83,-24,90,21894
475,Deoxys (Attack Forme),-30,103,-40,113,-54,90,36894
476,Deoxys (Defense Forme),-30,-7,100,3,86,30,19254
477,Deoxys (Speed Forme),-30,18,30,28,16,120,17564
478,Turtwig,-25,-9,4,-22,-19,-29,2408
479,Grotle,-5,12,25,-12,-9,-24,1595
480,Torterra,15,32,45,8,11,-4,3475
481,Chimchar,-36,-19,-16,-9,-30,1,2895
482,Monferno,-16,1,-8,11,-22,21,1367
483,Infernape,-4,27,11,37,-3,48,4548
484,Piplup,-27,-26,-7,-6,-18,-20,2214
485,Prinplup,-16,-11,8,14,2,-10,741
486,Empoleon,4,9,28,44,27,0,3546
487,Starly,-40,-22,-30,-37,-44,0,6289
488,Staravia,-25,-2,-10,-27,-34,20,3014
489,Staraptor,5,43,10,-17,-14,40,4059
490,Bidoof,-21,-32,-20,-32,-34,-29,4886
491,Bibarel,-1,8,0,-12,-14,11,526
492,Kricketot,-43,-52,-19,-42,-33,-35,8992
493,Kricketune,-3,8,-9,-12,-23,5,852
494,Shinx,-35,-12,-26,-27,-40,-15,4599
495,Luxio,-20,8,-11,-7,-25,0,1259
496,Luxray,0,43,19,28,5,10,3119
497,Budew,-40,-47,-25,-17,-4,-5,4764
498,Roserade,-20,-7,5,58,31,30,5699
499,Cranidos,-13,48,-20,-37,-44,-2,6182
500,Rampardos,17,88,0,-2,-24,-2,8617
501,Shieldon,-50,-35,58,-25,14,-30,8810
502,Bastiodon,-20,-25,108,-20,64,-30,18085
503,Burmy,-40,-48,-15,-38,-29,-24,6990
504,Wormadam (Plant Cloak),-20,-18,25,12,31,-24,3030
505,Wormadam (Sandy Cloak),-20,2,45,-8,11,-24,3190
506,Wormadam (Trash Cloak),-20,-8,35,2,21,-24,2710
507,Mothim,-10,17,-10,27,-24,6,1830
508,Combee,-50,-47,-18,-37,-32,10,7526
509,Vespiquen,-10,3,42,13,28,-20,3226
510,Pachirisu,-20,-32,10,-22,16,35,3489
511,Buizel,-25,-12,-25,-7,-44,25,4004
512,Floatzel,5,28,-5,18,-24,55,4759
513,Cherubi,-35,-42,-15,-5,-21,-25,4305
514,Cherrim,-10,-17,10,20,4,25,1530
515,Shellos,-4,-29,-12,-10,-12,-26,1921
516,Gastrodon,31,6,8,25,8,-21,2191
517,Ambipom,-5,23,6,-7,-8,55,3728
518,Drifloon,10,-27,-26,-7,-30,10,2554
519,Drifblim,70,3,-16,23,-20,20,6494
520,Buneary,-25,-11,-16,-23,-18,25,2480
521,Lopunny,-15,-1,24,-13,22,45,3480
522,Lopunny (Mega Lopunny),-15,59,34,-13,22,75,11140
523,Mismagius,-20,-17,0,38,31,45,5119
524,Honchkrow,20,48,-8,38,-22,11,4817
525,Glameow,-31,-22,-18,-25,-37,25,4388
526,Purugly,-9,5,4,-3,-15,52,3060
527,Chingling,-35,-47,-10,-2,-24,-15,4339
528,Stunky,-17,-14,-13,-26,-33,14,2615
529,Skuntank,23,16,7,4,-13,24,1595
530,Bronzor,-23,-53,26,-43,12,-37,7376
531,Bronzong,-13,12,56,12,42,-27,6086
532,Bonsly,-30,3,35,-57,-29,-50,8724
533,Mime Jr.,-60,-52,-15,3,16,0,6794
534,Happiny,20,-72,-55,-52,-9,-30,12294
535,Chatot,-4,-12,-15,25,-32,31,2995
536,Spiritomb,-30,15,48,25,34,-25,5835
537,Gible,-22,-7,-15,-27,-29,-18,2652
538,Gabite,-12,13,5,-17,-19,22,1472
539,Garchomp,28,53,35,13,11,42,6872
540,Garchomp (Mega Garchomp),28,93,55,53,21,32,16732
541,Munchlax,55,8,-20,-27,11,-55,7364
542,Riolu,-40,-7,-20,-32,-34,0,4229
543,Lucario,-10,33,10,48,-4,30,4509
544,Lucario (Mega Lucario),-10,68,28,73,-4,52,13557
545,Hippopotas,-12,-5,18,-29,-32,-28,3142
546,Hippowdon,28,35,58,1,-2,-13,5547
547,Skorupi,-40,-27,30,-37,-19,5,4984
548,Drapion,-10,13,50,-7,1,35,4044
549,Croagunk,-32,-16,-20,-6,-34,-10,2972
550,Toxicroak,3,29,5,19,-9,25,1942
551,Carnivine,-6,23,12,23,-2,-14,1438
552,Finneon,-31,-28,-4,-18,-13,6,2290
553,Lumineon,-11,-8,16,2,12,31,1550
554,Mantyke,-35,-57,-10,-7,46,-10,6839
555,Snover,-20,-15,-10,-5,-14,-20,1346
556,Abomasnow,10,15,15,25,11,0,1296
557,Abomasnow (Mega Abomasnow),10,55,45,65,31,-30,11236
558,Weavile,-10,43,5,-22,11,65,6804
559,Magnezone,-10,-7,55,63,16,0,7399
560,Lickilicky,30,8,35,13,21,-10,2899
561,Rhyperior,35,63,70,-12,-19,-20,10999
562,Tangrowth,20,23,65,43,-24,-10,7679
563,Electivire,-5,46,7,28,11,35,4320
564,Magmortar,-5,18,7,58,21,23,4732
565,Togekiss,5,-27,35,53,41,20,6869
566,Yanmega,6,-1,26,49,-18,35,4663
567,Leafeon,-15,33,70,-7,-9,35,7569
568,Glaceon,-15,-17,50,63,21,5,7449
569,Gliscor,-5,18,65,-22,1,35,6284
570,Mamoswine,30,53,20,3,-14,20,4714
571,Porygon-Z,5,3,10,68,1,30,5659
572,Gallade,-12,48,5,-2,41,20,4558
573,Gallade (Mega Gallade),-12,88,35,-2,41,50,13298
574,Probopass,-20,-22,85,8,76,-20,14349
575,Dusknoir,-35,23,75,-2,61,-15,11329
576,Froslass,-10,3,10,13,-4,50,2894
577,Rotom,-30,-27,17,28,3,31,3672
578,Rotom (Heat Rotom),-30,-12,47,38,33,26,6462
579,Rotom (Wash Rotom),-30,-12,47,38,33,26,6462
580,Rotom (Frost Rotom),-30,-12,47,38,33,26,6462
581,Rotom (Fan Rotom),-30,-12,47,38,33,26,6462
582,Rotom (Mow Rotom),-30,-12,47,38,33,26,6462
583,Uxie,-5,-2,70,8,56,35,9354
584,Mesprit,0,28,45,38,31,20,5614
585,Azelf,-5,48,10,58,-4,55,8834
586,Dialga,20,43,60,83,26,30,14314
587,Dialga (Origin Forme),20,23,60,83,46,30,14434
588,Palkia,10,43,40,83,46,40,14154
589,Palkia (Origin Forme),10,23,40,83,46,60,14834
590,Heatran,11,13,46,63,32,17,7688
591,Regigigas,30,83,50,13,36,40,13354
592,Giratina (Altered Forme),70,23,60,33,46,30,13134
593,Giratina (Origin Forme),70,43,40,53,26,30,12734
594,Cresselia,40,-7,60,8,56,25,9074
595,Phione,0,3,20,13,6,20,1014
596,Manaphy,20,23,40,33,26,40,5894
597,Darkrai,-10,13,30,68,16,65,10274
598,Shaymin (Land Forme),20,23,40,33,26,40,5894
599,Shaymin (Sky Forme),20,26,15,53,1,67,8600
600,Arceus,40,43,60,53,46,60,15574
601,Victini,20,23,40,33,26,40,5894
602,Snivy,-35,-32,-5,-22,-19,3,3128
603,Servine,-20,-17,15,-7,1,23,1493
604,Serperior,-5,-2,35,8,21,53,4568
605,Tepig,-15,-14,-15,-22,-29,-15,2196
606,Pignite,10,16,-5,3,-19,-5,776
607,Emboar,30,46,5,33,-9,5,4236
608,Oshawott,-25,-22,-15,-4,-29,-15,2416
609,Dewott,-5,-2,0,16,-14,0,481
610,Samurott,15,23,25,41,-4,10,3176
611,Samurott (Hisuian Samurott),10,31,20,33,-9,25,3256
612,Patrat,-35,-22,-21,-32,-35,-18,4723
613,Watchog,-20,8,9,-7,-5,17,908
614,Lillipup,-35,-17,-15,-42,-29,-5,4369
615,Herdier,-15,3,5,-32,-9,0,1364
616,Stoutland,5,33,30,-22,16,20,3154
617,Purrloin,-39,-27,-23,-17,-37,6,4473
618,Liepard,-16,11,-10,21,-24,46,3610
619,Pansage,-30,-24,-12,-14,-26,4,2508
620,Simisage,-5,21,3,31,-11,41,3238
621,Pansear,-30,-24,-12,-14,-26,4,2508
622,Simisear,-5,21,3,31,-11,41,3238
623,Panpour,-30,-24,-12,-14,-26,4,2508
624,Simipour,-5,21,3,31,-11,41,3238
625,Munna,-4,-52,-15,0,-19,-36,4602
626,Musharna,36,-22,25,40,21,-31,5407
627,Pidove,-30,-22,-10,-31,-44,-17,4670
628,Tranquill,-18,0,2,-17,-32,5,1666
629,Unfezant,0,38,20,-2,-19,33,3298
630,Blitzle,-35,-17,-28,-17,-42,16,4607
631,Zebstrika,-5,23,3,13,-11,56,3989
632,Roggenrola,-25,-2,25,-42,-49,-45,7444
633,Boldore,-10,28,45,-17,-34,-40,5954
634,Gigalith,5,58,70,-7,6,-35,9599
635,Woobat,-15,-32,-17,-12,-31,12,2787
636,Swoobat,-13,-20,-5,10,-19,54,3971
637,Drilbur,-20,8,-20,-37,-29,8,3138
638,Excadrill,30,58,0,-17,-9,28,5418
639,Audino,23,-17,26,-7,12,-10,1787
640,Audino (Mega Audino),23,-17,66,13,52,-10,8147
641,Timburr,-5,3,-5,-42,-39,-25,3969
642,Gurdurr,5,28,25,-27,-24,-20,3139
643,Conkeldurr,25,63,35,-12,-9,-15,6269
644,Tympole,-30,-27,-20,-17,-34,4,3490
645,Palpitoad,-5,-12,-5,-2,-19,9,640
646,Seismitoad,25,18,15,18,1,14,1695
647,Throh,40,23,25,-37,11,-15,4469
648,Sawk,-5,48,15,-37,1,25,4549
649,Sewaddle,-35,-24,10,-27,-14,-18,3150
650,Swadloon,-25,-14,30,-17,6,-18,2370
651,Leavanny,-5,26,20,3,6,32,2170
652,Venipede,-50,-32,-1,-37,-35,-3,6128
653,Whirlipede,-40,-22,39,-27,5,-13,4528
654,Scolipede,-20,23,29,-12,-5,52,4643
655,Cottonee,-40,-50,0,-30,-24,6,5612
656,Whimsicott,-20,-10,25,10,1,56,4362
657,Petilil,-35,-42,-10,3,-24,-30,4574
658,Lilligant,-10,-17,15,43,1,30,3364
659,Lilligant (Hisuian Lilligant),-10,28,15,-17,1,45,3424
660,Basculin,-10,15,5,13,-19,38,2324
661,Sandile,-30,-5,-25,-32,-39,5,4120
662,Krokorok,-20,5,-15,-22,-29,14,2171
663,Krookodile,15,40,20,-2,-4,32,3269
664,Darumaka,-10,13,-15,-52,-29,-10,4139
665,Darumaka (Galarian Darumaka),-10,13,-15,-52,-29,-10,4139
666,Darmanitan (Standard Mode),25,63,-5,-37,-19,35,7574
667,Darmanitan (Zen Mode),25,-47,45,73,31,-5,11174
668,Darmanitan (Galarian Standard Mode),25,63,-5,-37,-19,35,7574
669,Darmanitan (Galarian Zen Mode),25,83,-5,-37,-19,75,14894
670,Maractus,-5,9,7,39,-7,0,1725
671,Dwebble,-30,-12,25,-32,-39,-5,4239
672,Crustle,-10,28,65,-2,1,-15,5339
673,Scraggy,-30,-2,10,-32,-4,-12,2188
674,Scrafty,-15,13,55,-22,41,-2,5588
675,Sigilyph,-8,-19,20,36,6,37,3526
676,Yamask,-42,-47,25,-12,-9,-30,5723
677,Yamask (Galarian Yamask),-42,-22,25,-37,-9,-30,5223
678,Cofagrigus,-22,-27,85,28,31,-30,11083
679,Tirtouga,-26,1,43,-14,-29,-38,5007
680,Carracosta,-6,31,73,16,-9,-28,7447
681,Archen,-25,35,-15,7,-29,10,3065
682,Archeops,-5,63,5,45,-9,50,8625
683,Trubbish,-30,-27,2,-27,-12,5,2531
684,Garbodor,0,18,22,-7,8,15,1146
685,Zorua,-40,-12,-20,13,-34,5,3494
686,Zorua (Hisuian Zorua),-45,-17,-20,18,-34,10,4294
687,Zoroark,-20,28,0,53,-14,45,6214
688,Zoroark (Hisuian Zoroark),-25,23,0,58,-14,50,7214
689,Minccino,-25,-27,-20,-27,-34,15,3864
690,Cinccino,-5,18,0,-2,-14,55,3574
691,Gothita,-35,-47,-10,-12,-9,-15,3984
692,Gothorita,-20,-32,10,8,11,-5,1734
693,Gothitelle,-10,-22,35,28,36,5,3914
694,Solosis,-35,-47,-20,38,-24,-40,7454
695,Duosion,-15,-37,-10,58,-14,-30,6154
696,Reuniclus,30,-12,15,58,11,-30,5654
697,Ducklett,-18,-33,-10,-23,-24,-5,2643
698,Swanna,-5,10,3,20,-11,38,2099
699,Vanillite,-44,-27,-10,-2,-14,-16,3221
700,Vanillish,-29,-12,5,13,1,-1,1181
701,Vanilluxe,-9,18,25,43,21,19,3681
702,Deerling,-20,-17,-10,-27,-24,15,2319
703,Sawsbuck,0,23,10,-7,-4,35,1919
704,Emolga,-25,-2,0,8,-14,43,2738
705,Karrablast,-30,-2,-15,-27,-29,0,2699
706,Escavalier,-10,58,45,-7,31,-40,8099
707,Foongus,-11,-22,-15,-12,-19,-45,3360
708,Amoonguss,34,8,10,18,6,-30,2580
709,Frillish,-25,-37,-10,-2,11,-20,2619
710,Jellicent,20,-17,10,18,31,0,2074
711,Alomomola,85,-2,20,-27,-29,5,9224
712,Joltik,-30,-30,-10,-10,-24,5,2601
713,Galvantula,-10,0,0,30,-14,48,3500
714,Ferroseed,-36,-27,31,-43,12,-50,7479
715,Ferrothorn,-6,17,71,-13,42,-40,8899
716,Klink,-40,-22,10,-22,-14,-30,3764
717,Klang,-20,3,35,3,11,-10,1864
718,Klinklang,-20,23,55,3,11,30,4984
719,Tynamo,-45,-22,-20,-22,-34,0,4549
720,Eelektrik,-15,8,10,8,-4,-20,869
721,Eelektross,5,38,20,38,6,-10,3449
722,Elgyem,-25,-22,-5,18,-19,-30,2719
723,Beheeyem,-5,-2,15,58,21,-20,4459
724,Litwick,-30,-47,-5,-2,-19,-40,5099
725,Lampent,-20,-37,0,28,-14,-5,2774
726,Chandelure,-20,-22,30,78,16,20,8524
727,Axew,-34,10,0,-37,-34,-3,3790
728,Fraxure,-14,40,10,-27,-24,7,3250
729,Haxorus,-4,70,30,-7,-4,37,7250
730,Cubchoo,-25,-7,-20,-7,-34,-20,2679
731,Beartic,15,53,20,3,6,-10,3579
732,Cryogonal,0,-27,-10,28,61,45,7359
733,Shelmet,-30,-37,25,-27,-9,-35,4929
734,Accelgor,0,-7,-20,33,-14,85,8959
735,Stunfisk,29,-11,24,14,25,-28,3143
736,Stunfisk (Galarian Stunfisk),29,4,39,-1,10,-28,3263
737,Mienfoo,-35,8,-10,-12,-24,5,2134
738,Mienshao,-15,48,0,28,-14,45,5534
739,Druddigon,-3,43,30,-7,16,-12,3207
740,Golett,-21,-3,-10,-32,-24,-25,2775
741,Golurk,9,47,20,-12,6,-5,2895
742,Pawniard,-35,8,10,-27,-34,0,3274
743,Bisharp,-15,48,40,-7,-4,10,4294
744,Bouffalant,15,33,35,-27,21,-5,3734
745,Rufflet,-10,6,-10,-30,-24,0,1712
746,Braviary,20,46,15,-10,1,20,3242
747,Braviary (Hisuian Braviary),30,6,10,45,-4,5,3102
748,Vullaby,-10,-22,15,-22,-9,0,1374
749,Mandibuzz,30,-12,45,-12,21,20,4054
750,Heatmor,5,20,6,38,-8,5,1994
751,Durant,-22,32,52,-19,-26,49,7650
752,Deino,-28,-12,-10,-22,-24,-22,2572
753,Zweilous,-8,8,10,-2,-4,-2,252
754,Hydreigon,12,28,30,58,16,38,6892
755,Larvesta,-25,8,-5,-17,-19,0,1364
756,Volcarona,5,-17,5,68,31,40,7524
757,Cobalion,11,13,69,23,-2,48,7888
758,Terrakion,11,52,30,5,16,48,6310
759,Virizion,11,13,12,23,55,48,6292
760,Tornadus (Incarnate Forme),-1,38,10,58,6,51,7546
761,Tornadus (Therian Forme),-1,23,20,43,16,61,6756
762,Thundurus (Incarnate Forme),-1,38,10,58,6,51,7546
763,Thundurus (Therian Forme),-1,28,10,78,6,41,8686
764,Reshiram,20,43,40,83,46,30,13754
765,Zekrom,20,73,60,53,26,30,13714
766,Landorus (Incarnate Forme),9,48,30,48,6,41,7306
767,Landorus (Therian Forme),9,68,30,38,6,31,8046
768,Kyurem,45,53,30,63,16,35,11184
769,Kyurem (Black Kyurem),45,93,40,53,16,35,16564
770,Kyurem (White Kyurem),45,43,30,103,26,35,17284
771,Keldeo,11,-5,30,62,16,48,7450
772,Meloetta (Aria Forme),20,0,17,61,54,30,8226
773,Meloetta (Pirouette Forme),20,51,30,10,3,68,8634
774,Genesect,-9,43,35,53,21,39,7926
775,Chespin,-24,-16,5,-19,-29,-22,2543
776,Quilladin,-19,1,35,-11,-16,-3,1973
777,Chesnaught,8,30,62,7,1,4,4874
778,Fennekin,-40,-32,-20,-5,-14,0,3245
779,Braixen,-21,-18,-2,23,-4,13,1483
780,Delphox,-5,-8,12,47,26,44,5054
781,Froakie,-39,-21,-20,-5,-30,11,3408
782,Frogadier,-26,-14,-8,16,-18,37,2885
783,Greninja,-8,18,7,36,-3,62,5586
784,Greninja (Ash-Greninja),-8,68,7,86,-3,72,17326
785,Bunnelby,-42,-41,-22,-35,-38,-3,6607
786,Diggersby,5,-21,17,-17,3,18,1377
787,Fletchling,-35,-27,-17,-27,-36,2,4272
788,Fletchinder,-18,-4,-5,-11,-22,24,1546
789,Talonflame,-2,4,11,7,-5,66,4571
790,Scatterbug,-42,-42,-20,-40,-49,-25,8554
791,Spewpa,-35,-55,0,-40,-44,-31,8747
792,Vivillon,0,-25,-10,23,-24,29,2671
793,Litleo,-18,-27,-2,6,-20,12,1637
794,Pyroar,6,-9,12,42,-8,46,4205
795,Flabébé,-36,-39,-21,-6,5,-18,3643
796,Floette,-26,-32,-13,8,24,-8,2573
797,Florges,-2,-12,8,45,80,15,8862
798,Skiddo,-14,-12,-12,-5,-17,-8,862
799,Gogoat,43,23,2,30,7,8,3395
800,Pancham,-13,5,2,-21,-26,-17,1604
801,Pangoro,15,47,18,2,-3,-2,2775
802,Furfrou,-5,3,0,-2,16,42,2058
803,Espurr,-18,-29,-6,-4,-14,8,1477
804,Meowstic,-6,-29,16,16,7,44,3374
805,Honedge,-35,3,40,-32,-37,-32,6251
806,Doublade,-21,33,90,-22,-25,-25,11364
807,Aegislash (Shield Forme),-20,-27,80,-17,66,0,12174
808,Aegislash (Blade Forme),-20,63,-10,73,-24,0,10374
809,Spritzee,-2,-25,0,-4,-9,-37,2095
810,Aromatisse,21,-5,12,32,15,-31,2820
811,Swirlix,-18,-29,6,-8,-17,-11,1675
812,Slurpuff,2,3,26,18,1,12,1158
813,Inkay,-27,-23,-7,-30,-28,-15,3216
814,Malamar,6,15,28,1,1,13,1216
815,Binacle,-38,-25,7,-28,-18,-10,3326
816,Barbaracle,-8,28,55,-13,12,8,4250
817,Skrelp,-30,-17,0,-7,-14,-30,2334
818,Dragalge,-15,-2,30,30,49,-16,4686
819,Clauncher,-30,-24,2,-9,-11,-16,1938
820,Clawitzer,-9,-4,28,53,15,-1,3916
821,Helioptile,-36,-39,-27,-6,-31,10,4643
822,Heliolisk,-18,-22,-8,42,20,49,5437
823,Tyrunt,-22,12,17,-22,-29,-12,2386
824,Tyrantrum,2,44,59,2,-15,11,5771
825,Amaura,-3,-18,-10,0,-11,-14,750
826,Aurorus,43,0,12,32,18,-2,3345
827,Sylveon,15,-12,5,43,56,0,5379
828,Hawlucha,-2,15,15,7,-11,58,3988
829,Dedenne,-13,-19,-3,14,-7,41,2465
830,Carbink,-30,-27,90,-17,76,-10,15894
831,Goomy,-35,-27,-25,-12,1,-20,3124
832,Sliggoo,-12,-2,-7,16,39,0,1974
833,Sliggoo (Hisuian Sliggoo),-22,-2,23,16,39,-20,3194
834,Goodra,10,23,10,43,76,20,8754
835,Goodra (Hisuian Goodra),0,23,40,43,76,0,9754
836,Klefki,-23,3,31,13,13,15,2062
837,Phantump,-37,-7,-12,-17,-14,-22,2531
838,Trevenant,5,33,16,-2,8,-4,1454
839,Pumpkaboo (Small Size),-36,-11,10,-23,-19,-4,2423
840,Pumpkaboo (Average Size),-31,-11,10,-23,-19,-9,2153
841,Pumpkaboo (Large Size),-26,-11,10,-23,-19,-14,1983
842,Pumpkaboo (Super Size),-21,-11,10,-23,-19,-19,1913
843,Gourgeist (Small Size),-25,8,62,-9,1,39,6136
844,Gourgeist (Average Size),-15,13,62,-9,1,24,4896
845,Gourgeist (Large Size),-5,18,62,-9,1,9,4356
846,Gourgeist (Super Size),5,23,62,-9,1,-6,4516
847,Bergmite,-25,-8,25,-35,-39,-32,5084
848,Avalugg,15,40,124,-23,-28,-32,19538
849,Avalugg (Hisuian Avalugg),15,50,124,-33,-38,-22,21118
850,Noibat,-40,-47,-25,-22,-34,-5,6099
851,Noivern,5,-7,20,30,6,63,5379
852,Xerneas,46,54,35,64,24,39,12450
853,Yveltal,46,54,35,64,24,39,12450
854,Zygarde (50% Forme),28,23,61,14,21,35,6896
855,Zygarde (10% Forme),-26,23,11,-6,11,55,4508
856,Zygarde (Complete Forme),136,23,61,24,21,25,24388
857,Diancie,-30,23,90,33,76,-10,16494
858,Diancie (Mega Diancie),-30,83,50,93,36,50,22734
859,Hoopa (Hoopa Confined),0,33,0,83,56,10,11214
860,Hoopa (Hoopa Unbound),0,83,0,103,56,20,21034
861,Volcanion,0,33,60,63,16,10,9014
862,Rowlet,-12,-22,-5,-17,-24,-18,1842
863,Dartrix,-2,-2,15,3,-4,-8,322
864,Decidueye,-2,30,15,33,26,10,2994
865,Decidueye (Hisuian Decidueye),8,35,20,28,21,0,2914
866,Litten,-35,-12,-20,-7,-34,10,3074
867,Torracat,-15,8,-10,13,-24,30,2034
868,Incineroar,15,38,30,13,16,0,2994
869,Popplio,-30,-23,-6,-1,-18,-20,2190
870,Brionne,-20,-8,9,24,7,-10,1270
871,Primarina,0,-3,14,59,42,0,5450
872,Pikipek,-45,-2,-30,-37,-44,5,6259
873,Trumbeak,-25,8,-10,-27,-24,15,2319
874,Toucannon,0,43,15,8,1,0,2139
875,Yungoos,-32,-7,-30,-37,-44,-15,5503
876,Gumshoos,8,33,0,-12,-14,-15,1718
877,Grubbin,-33,-15,-15,-12,-29,-14,2720
878,Charjabug,-23,5,35,-12,1,-24,2500
879,Vikavolt,-3,-7,30,78,1,-17,7332
880,Crabrawler,-33,5,-3,-25,-27,3,2486
881,Crabominable,17,55,17,-5,-7,-17,3966
882,Oricorio,-5,-7,10,31,-4,33,2240
883,Cutiefly,-40,-32,-20,-12,-34,24,4900
884,Ribombee,-20,-22,0,28,-4,64,5780
885,Rockruff,-35,-12,-20,-37,-34,0,4294
886,Lycanroc (Midday Form),-5,38,5,-12,-9,52,4423
887,Lycanroc (Midnight Form),5,38,15,-12,1,22,2323
888,Lycanroc (Dusk Form),-5,40,5,-12,-9,50,4375
889,Wishiwashi (Solo Form),-35,-57,-40,-42,-49,-20,10639
890,Wishiwashi (School Form),-35,63,70,73,61,-30,20044
891,Mareanie,-30,-24,2,-24,-22,-15,2765
892,Toxapex,-30,-14,92,-14,68,-25,15005
893,Mudbray,-10,23,10,-22,-19,-15,1799
894,Mudsdale,20,48,40,-12,11,-25,5194
895,Dewpider,-42,-37,-8,-27,-2,-33,5019
896,Araquanid,-12,-7,32,-17,58,-18,5194
897,Fomantis,-40,-22,-25,-17,-39,-25,5144
898,Lurantis,-10,28,30,13,16,-15,2434
899,Morelull,-40,-42,-5,-2,1,-45,5419
900,Shiinotic,-20,-32,20,23,26,-30,3929
901,Salandit,-32,-33,-20,4,-34,17,3974
902,Salazzle,-12,-13,0,44,-14,57,5694
903,Stufful,-10,-2,-10,-22,-24,-10,1364
904,Bewear,40,48,20,-12,-14,0,4644
905,Bounsweet,-38,-47,-22,-37,-36,-28,7586
906,Steenee,-28,-37,-12,-27,-26,2,3706
907,Tsareena,-8,43,38,-17,24,12,4366
908,Comfey,-29,-25,30,15,36,40,5487
909,Oranguru,10,-17,20,23,36,0,2614
910,Passimian,20,43,30,-27,-14,20,4474
911,Wimpod,-55,-42,-20,-47,-44,20,9734
912,Golisopod,-5,48,80,-7,16,-20,9434
913,Sandygast,-25,-22,20,3,-29,-45,4384
914,Palossand,5,-2,50,33,1,-25,4244
915,Pyukumuku,-25,-17,70,-37,56,-55,13344
916,Type: Null,15,18,35,28,21,-1,3000
917,Silvally,15,18,35,28,21,35,4224
918,Minior (Meteor Form),-20,-17,40,-7,26,0,3014
919,Minior (Core),-20,23,0,33,-14,60,5814
920,Komala,-15,38,5,8,21,5,2224
921,Turtonator,-20,1,75,24,11,-24,7299
922,Togedemaru,-15,21,3,-27,-1,36,2701
923,Mimikyu,-25,13,20,-17,31,36,3740
924,Bruxish,-12,28,10,3,-4,32,2077
925,Drampa,-2,-17,25,68,17,-24,6407
926,Dhelmise,-10,54,40,19,16,-20,5633
927,Jangmo-o,-35,-22,5,-22,-29,-15,3284
928,Hakamo-o,-25,-2,30,-2,-4,5,1574
929,Kommo-o,-5,33,65,33,31,25,8014
930,Tapu Koko,-10,38,25,28,1,70,7854
931,Tapu Lele,-10,8,15,63,41,35,7264
932,Tapu Bulu,-10,53,55,18,21,15,6924
933,Tapu Fini,-10,-2,55,28,56,25,7674
934,Cosmog,-37,-48,-29,-38,-43,-23,8336
935,Cosmoem,-37,-48,71,-38,57,-23,13936
936,Solgaleo,57,60,47,46,15,37,12768
937,Lunala,57,36,29,70,33,37,12744
938,Nihilego,29,-24,-13,60,57,43,10284
939,Buzzwole,27,62,79,-14,-21,19,11812
940,Pheromosa,-9,60,-23,70,-37,91,18760
941,Xurkitree,3,12,11,106,-3,23,12048
942,Celesteela,17,24,43,40,27,1,5044
943,Kartana,-21,104,71,-8,-43,49,20612
944,Guzzlord,143,24,-7,30,-21,-17,22704
945,Necrozma,17,30,41,60,15,19,7056
946,Necrozma (Dusk Mane Necrozma),17,80,67,46,35,17,14808
947,Necrozma (Dawn Wings Necrozma),17,36,49,90,53,17,15184
948,Necrozma (Ultra Necrozma),17,90,37,100,23,69,25048
949,Magearna,0,18,55,63,41,5,9024
950,Marshadow,10,48,20,23,16,65,7814
951,Poipole,-13,-4,7,6,-7,13,488
952,Naganadel,-7,-4,13,60,-1,61,7556
953,Stakataka,-19,54,151,-14,27,-47,29212
954,Blacephalon,-27,50,-7,84,5,47,12568
955,Zeraora,8,35,15,35,6,83,9664
956,Meltan,-34,-12,5,-12,-39,-26,3666
957,Melmetal,55,66,83,13,-9,-26,15196
958,Grookey,-30,-12,-10,-27,-34,5,3054
959,Thwackey,-10,8,10,-12,-14,20,1004
960,Rillaboom,20,48,30,-7,-4,25,4294
961,Scorbunny,-30,-6,-20,-27,-34,9,3302
962,Raboot,-15,9,0,-12,-14,34,1802
963,Cinderace,0,39,15,-2,1,59,5232
964,Sobble,-30,-37,-20,3,-34,10,3934
965,Drizzile,-15,-17,-5,28,-19,30,2584
966,Inteleon,-10,8,5,58,-9,60,7234
967,Skwovet,-10,-22,-5,-32,-39,-35,4379
968,Greedent,40,18,35,-12,1,-40,4894
969,Rookidee,-42,-30,-25,-34,-39,-3,5975
970,Corvisquire,-12,-10,-5,-24,-19,17,1495
971,Corviknight,18,10,45,-14,11,7,2815
972,Blipbug,-55,-57,-40,-42,-29,-15,10704
973,Dottler,-30,-42,20,-17,16,-30,4509
974,Orbeetle,-20,-32,50,13,46,30,7109
975,Nickit,-40,-49,-32,-20,-22,-10,6009
976,Thievul,-10,-19,-2,20,18,30,2089
977,Gossifleur,-40,-37,0,-27,-14,-50,6394
978,Eldegoss,-20,-27,30,13,46,0,4314
979,Wooloo,-38,-37,-5,-27,-29,-12,4552
980,Dubwool,-8,3,40,-7,16,28,2762
981,Chewtle,-30,-13,-10,-29,-36,-16,3562
982,Drednaw,10,38,30,-19,-6,14,3037
983,Yamper,-21,-32,-10,-27,-24,-34,4026
984,Boltund,-11,13,0,23,-14,61,4736
985,Rolycoly,-50,-37,-10,-27,-24,-30,6174
986,Carkol,0,-17,30,-7,-4,-10,1354
987,Coalossal,30,3,60,13,16,-30,5834
988,Applin,-40,-37,20,-27,-34,-40,6854
989,Flapple,-10,33,20,28,-14,10,2669
990,Appletun,30,8,20,33,6,-30,3389
991,Silicobra,-28,-20,15,-32,-24,-14,3205
992,Sandaconda,-8,30,65,-2,-4,11,5330
993,Cramorant,-10,8,-5,18,21,25,1579
994,Arrokuda,-39,-14,-20,-27,-44,6,4818
995,Barraskewda,-19,46,0,-7,-24,76,8878
996,Toxel,-40,-39,-25,-13,-39,-20,5836
997,Toxtricity,-5,21,10,47,-4,15,3016
998,Sizzlipede,-30,-12,-15,-17,-24,-15,2359
999,Centiskorch,20,38,5,23,16,5,2679
1000,Clobbopus,-30,-9,0,-17,-24,-28,2630
1001,Grapploct,0,41,30,3,6,-18,2950
1002,Sinistea,-40,-32,-15,7,-20,-10,3398
1003,Polteageist,-20,-12,5,67,40,10,6758
1004,Hatenna,-38,-47,-15,-11,-21,-21,4881
1005,Hattrem,-23,-37,5,19,-1,-11,2406
1006,Hatterene,-23,13,35,69,29,-31,8486
1007,Impidimp,-35,-32,-30,-12,-34,-10,4549
1008,Morgrem,-15,-17,-15,8,-19,10,1264
1009,Grimmsnarl,15,43,5,28,1,0,2884
1010,Obstagoon,13,13,41,-7,7,35,3342
1011,Perrserker,-10,33,40,-17,-14,-10,3374
1012,Cursola,-20,18,-10,78,56,-30,10944
1013,Sirfetch'd,-18,58,35,1,8,5,5003
1014,Mr. Rime,0,8,15,43,26,10,2914
1015,Runerigus,-22,18,85,-17,31,-30,10183
1016,Milcery,-35,-37,-20,-17,-13,-26,4128
1017,Alcremie,-15,-17,15,43,47,4,4813
1018,Falinks,-15,23,40,3,-14,15,2784
1019,Pincurchin,-32,24,35,24,11,-45,5547
1020,Snom,-50,-52,-25,-22,-44,-40,9849
1021,Frosmoth,-10,-12,0,58,16,5,3889
1022,Stonjourner,20,48,75,-47,-54,10,13554
1023,Eiscue (Ice Face),-5,3,50,-2,16,-10,2894
1024,Eiscue (Noice Face),-5,3,10,-2,-24,70,5614
1025,Indeedee (Male),-20,-12,-5,38,21,35,3679
1026,Indeedee (Female),-10,-22,5,28,31,25,2979
1027,Morpeko,-22,18,-2,3,-16,37,2446
1028,Cufant,-8,3,-11,-27,-25,-20,1948
1029,Copperajah,42,53,9,13,-5,-30,5748
1030,Dracozolt,10,23,30,13,-4,15,1939
1031,Arctozolt,10,23,30,23,6,-5,2119
1032,Dracovish,10,13,40,3,6,15,2139
1033,Arctovish,10,13,40,13,16,-5,2319
1034,Duraludon,-10,18,55,53,-24,25,7459
1035,Dreepy,-52,-17,-30,-27,-44,22,7042
1036,Drakloak,-12,3,-10,-7,-24,42,2642
1037,Dragapult,8,43,15,33,1,82,9952
1038,Zacian (Hero of Many Battles),12,43,55,13,41,78,12952
1039,Zacian (Crowned Sword),12,73,55,13,41,88,18092
1040,Zamazenta (Hero of Many Battles),12,43,55,13,41,78,12952
1041,Zamazenta (Crowned Shield),12,43,80,13,66,68,17542
1042,Eternatus,60,8,35,78,21,70,16314
1043,Eternatus (Eternamax Eternatus),175,38,190,58,176,70,107409
1044,Kubfu,-20,13,0,-14,-24,12,1485
1045,Urshifu,20,53,40,-4,-14,37,6390
1046,Zarude,25,43,45,3,21,45,6974
1047,Regieleki,0,23,-10,33,-24,140,21894
1048,Regidrago,120,23,-10,33,-24,20,17094
1049,Glastrier,20,68,70,-2,36,-30,12124
1050,Spectrier,20,-12,0,78,6,70,11564
1051,Calyrex,20,3,20,13,6,20,1414
1052,Calyrex (Ice Rider Calyrex),20,88,90,18,56,-10,19804
1053,Calyrex (Shadow Rider Calyrex),20,8,20,98,26,90,19244
1054,Wyrdeer,23,28,12,38,1,5,2927
1055,Kleavor,-10,58,35,-22,-4,25,5814
1056,Ursaluna,50,63,45,-22,6,-10,9114
1057,Basculegion (Male),40,35,5,13,1,18,3344
1058,Basculegion (Female),40,15,5,33,1,18,3264
1059,Sneasler,0,53,0,-27,6,60,7174
1060,Overqwil,5,38,35,-2,-9,25,3404
1061,Enamorus (Incarnate Forme),-6,38,10,68,6,46,8356
1062,Enamorus (Therian Forme),-6,38,50,68,26,-14,9476
1063,Sprigatito,-40,-16,-6,-22,-29,5,3242
1064,Floragato,-19,3,3,-7,-11,23,1078
1065,Meowscarada,-4,33,10,14,-4,63,5386
1066,Fuecoco,-13,-32,-1,-4,-34,-24,2942
1067,Crocalor,1,-22,18,23,-16,-11,1715
1068,Skeledirge,24,-2,40,43,1,6,4066
1069,Quaxly,-25,-12,-15,-17,-29,-10,2224
1070,Quaxwell,-10,8,5,-2,-14,5,414
1071,Quaquaval,5,43,20,18,1,25,3224
1072,Lechonk,-26,-32,-20,-32,-29,-25,4590
1073,Oinkologne (Male),30,23,15,-8,6,5,1779
1074,Oinkologne (Female),35,13,10,-8,16,5,1839
1075,Tarountula,-45,-36,-15,-38,-34,-40,7746
1076,Spidops,-20,2,32,-15,12,-25,2422
1077,Nymble,-47,-31,-20,-46,-49,-15,8312
1078,Lokix,-9,25,18,-15,-19,32,2640
1079,Pawmi,-35,-27,-40,-27,-49,0,6684
1080,Pawmo,-20,-2,-20,-17,-34,25,2874
1081,Pawmot,-10,38,10,3,-14,45,3874
1082,Tandemaus,-30,-27,-15,-27,-29,15,3649
1083,Maushold,-6,-2,10,-2,1,51,2746
1084,Fidough,-43,-22,10,-37,-19,5,4188
1085,Dachsbun,-23,3,55,-17,6,35,5113
1086,Smoliv,-39,-42,-15,-9,-23,-30,5020
1087,Dolliv,-28,-24,0,11,4,-27,2226
1088,Arboliva,-2,-8,30,58,35,-21,5998
1089,Squawkabilly,2,19,-9,-22,-23,32,2483
1090,Nacli,-25,-22,15,-32,-39,-35,5104
1091,Naclstack,-20,-17,40,-32,-9,-25,4019
1092,Garganacl,20,23,70,-22,16,-25,7194
1093,Charcadet,-40,-27,-20,-17,-34,-25,4799
1094,Armarouge,5,-17,40,58,6,15,5539
1095,Ceruledge,-5,48,20,-7,26,25,4079
1096,Tadbulb,-19,-46,-19,-8,-39,-15,4648
1097,Bellibolt,29,-13,31,36,9,-15,3573
1098,Wattrel,-40,-37,-25,-12,-34,10,4994
1099,Kilowattrel,-10,-7,0,38,-14,65,6014
1100,Maschiff,-20,1,0,-27,-23,-9,1740
1101,Mabosstiff,0,43,30,-7,-4,25,3439
1102,Shroodle,-40,-12,-25,-27,-39,15,4844
1103,Grafaiai,-17,18,5,13,-2,50,3311
1104,Bramblin,-40,-12,-30,-22,-39,0,4649
1105,Brambleghast,-25,38,10,13,-4,30,3254
1106,Toedscool,-40,-37,-25,-17,26,10,4659
1107,Toedscruel,0,-7,5,13,46,40,3959
1108,Klawf,-10,23,55,-32,-19,15,5264
1109,Capsakid,-30,-15,-20,-5,-34,-10,2806
1110,Scovillain,-15,31,5,41,-9,15,3198
1111,Rellor,-39,-27,0,-36,-16,-30,4702
1112,Rabsca,-5,-27,25,48,26,-15,4584
1113,Flittle,-50,-42,-30,-12,-44,15,7469
1114,Espathra,15,-17,0,34,-14,45,3891
1115,Tinkatink,-30,-32,-15,-32,-10,-2,3277
1116,Tinkatuff,-15,-22,-5,-22,8,18,1606
1117,Tinkaton,5,-2,17,3,31,34,2444
1118,Wiglett,-70,-22,-35,-32,-49,35,11259
1119,Wugtrio,-45,23,-10,-17,-4,60,6559
1120,Bombirdier,-10,26,25,-7,11,22,2055
1121,Finizen,-10,-32,-20,-22,-34,15,3389
1122,Palafin,20,-7,12,-14,-12,40,2533
1123,Palafin,20,83,37,39,13,40,11948
1124,Varoom,-35,-7,3,-37,-29,-13,3662
1125,Revavroom,0,42,30,-13,-7,30,3782
1126,Cyclizar,-10,18,5,18,-9,61,4575
1127,Orthworm,-10,8,85,-7,-19,5,7824
1128,Glimmet,-32,-42,-18,38,-14,0,4752
1129,Glimmora,3,-22,30,63,7,26,6087
1130,Greavard,-30,-16,0,-37,-19,-26,3562
1131,Houndstone,-8,24,40,-17,23,8,3122
1132,Flamigo,2,38,14,8,-10,30,2708
1133,Cetoddle,28,-9,-15,-37,-34,-17,3904
1134,Cetitan,90,36,5,-22,-19,13,10435
1135,Veluza,10,25,13,11,-9,10,1196
1136,Dondozo,70,23,55,-2,-9,-25,9164
1137,Tatsugiri,-12,-27,0,53,21,22,4607
1138,Annihilape,30,38,20,-17,16,30,4189
1139,Clodsire,50,-2,0,-22,26,-40,5264
1140,Farigiraf,40,13,10,43,-4,0,3734
1141,Dudunsparce,45,23,20,18,1,-5,3304
1142,Kingambit,20,58,60,-7,11,-10,7634
1143,Great Tusk,35,54,71,-14,-21,27,10548
1144,Scream Tail,35,-12,39,-2,41,51,7176
1145,Brute Bonnet,31,50,39,12,25,-5,5776
1146,Flutter Mane,-25,-22,-5,68,61,75,15104
1147,Slither Wing,5,58,19,18,31,21,5476
1148,Sandy Shocks,5,4,37,54,11,41,6128
1149,Iron Treads,10,35,60,5,-4,46,7082
1150,Iron Bundle,-24,3,54,57,-14,76,12722
1151,Iron Hands,74,63,48,-17,-6,-10,12174
1152,Iron Jugulis,14,3,26,55,6,48,6246
1153,Iron Moth,0,-7,0,73,36,50,9174
1154,Iron Thorns,20,57,50,3,10,12,6402
1155,Frigibax,-15,-2,-15,-32,-29,-5,2344
1156,Arctibax,10,18,6,-22,-9,2,1029
1157,Baxcalibur,35,68,32,8,12,27,7810
1158,Gimmighoul (Chest Form),-35,-47,10,8,-4,-50,6114
1159,Gimmighoul (Roaming Form),-35,-47,-35,8,-29,20,5964
1160,Gholdengo,7,-17,35,66,17,24,6784
1161,Wo-Chien,5,8,40,28,61,10,6294
1162,Chien-Pao,0,43,20,23,-9,75,8484
1163,Ting-Lu,75,33,65,-12,6,-15,11344
1164,Chi-Yu,-25,3,20,68,46,40,9374
1165,Roaring Moon,25,62,11,-12,27,59,8944
1166,Iron Valiant,-6,53,30,53,-14,56,9886
1167,Koraidon,20,58,55,18,26,75,13414
1168,Miraidon,20,8,40,68,41,75,13994
