Jason Jackson vs. Pokemon SSE,pokemon,D_HP,D_ATK,D_DEF,D_SPA,D_SPD,D_SPE,SSE
0,Bulbasaur,-39,-47,-36,-21,-27,-25,6821
1,Ivysaur,-24,-34,-22,-6,-12,-10,2496
2,Venusaur,-4,-14,-2,14,8,10,576
3,Venusaur (Mega Venusaur),-4,4,38,36,28,10,3656
4,Charmander,-45,-44,-42,-26,-42,-5,8190
5,Charmeleon,-26,-32,-27,-6,-27,10,3294
6,Charizard,-6,-12,-7,23,-7,30,1707
7,Charizard (Mega Charizard X),-6,34,26,44,-7,30,4753
8,Charizard (Mega Charizard Y),-6,8,-7,73,23,30,6907
9,Squirtle,-40,-48,-20,-36,-28,-27,7113
10,Wartortle,-25,-33,-5,-21,-12,-12,2468
11,Blastoise,-5,-13,15,-1,13,8,653
12,Blastoise (Mega Blastoise),-5,7,35,49,23,8,4293
13,Caterpie,-39,-66,-50,-66,-72,-25,18542
14,Metapod,-34,-76,-30,-61,-67,-40,17642
15,Butterfree,-24,-51,-35,4,-12,0,4562
16,Weedle,-44,-61,-55,-66,-72,-20,18622
17,Kakuna,-39,-71,-35,-61,-67,-35,17222
18,Beedrill,-19,-6,-45,-41,-12,5,4272
19,Beedrill (Mega Beedrill),-19,54,-45,-71,-12,75,16112
20,Pidgey,-44,-51,-45,-51,-57,-14,12608
21,Pidgeotto,-21,-36,-30,-36,-42,1,5698
22,Pidgeot,-1,-16,-10,-16,-22,31,2058
23,Pidgeot (Mega Pidgeot),-1,-16,-5,49,-12,51,5428
24,Rattata,-54,-40,-50,-61,-57,2,13990
25,Rattata (Alolan Rattata),-54,-40,-50,-61,-57,2,13990
26,Raticate,-29,-15,-25,-36,-22,27,4200
27,Raticate (Alolan Raticate),-9,-25,-15,-46,-12,7,3240
28,Spearow,-44,-36,-55,-55,-61,0,13003
29,Fearow,-19,-6,-20,-25,-31,30,3283
30,Ekans,-49,-36,-41,-46,-38,-15,9163
31,Arbok,-24,-1,-16,-21,-13,10,1543
32,Pikachu,-49,-41,-45,-36,-42,20,9567
33,Pikachu (Partner Pikachu),-39,-16,-35,-11,-32,50,6647
34,Raichu,-24,-6,-30,4,-12,40,3272
35,Raichu (Alolan Raichu),-24,-11,-35,9,-7,40,3652
36,Sandshrew,-34,-21,0,-66,-62,-30,10697
37,Sandshrew (Alolan Sandshrew),-34,-21,5,-76,-57,-30,11547
38,Sandslash,-9,4,25,-41,-37,-5,3797
39,Sandslash (Alolan Sandslash),-9,4,35,-61,-27,-5,5797
40,Nidoran♀,-29,-49,-33,-46,-52,-29,9992
41,Nidorina,-14,-34,-18,-31,-37,-14,4202
42,Nidoqueen,6,-4,2,-11,-7,6,262
43,Nidoran♂,-38,-39,-45,-46,-52,-20,10210
44,Nidorino,-23,-24,-28,-31,-37,-5,4244
45,Nidoking,-3,6,-8,-1,-17,15,624
46,Clefairy,-14,-51,-37,-26,-27,-35,6796
47,Clefable,11,-26,-12,9,-2,-10,1126
48,Vulpix,-46,-55,-45,-36,-27,-5,9216
49,Vulpix (Alolan Vulpix),-46,-55,-45,-36,-27,-5,9216
50,Ninetales,-11,-20,-10,-5,8,30,1610
51,Ninetales (Alolan Ninetales),-11,-29,-10,-5,8,39,2672
52,Jigglypuff,31,-51,-65,-41,-67,-50,16457
53,Wigglytuff,56,-26,-40,-1,-42,-25,7802
54,Zubat,-44,-51,-50,-56,-52,-15,13102
55,Golbat,-9,-16,-15,-21,-17,20,1692
56,Oddish,-39,-46,-30,-11,-27,-40,6987
57,Gloom,-24,-31,-15,-1,-17,-30,2952
58,Vileplume,-9,-16,0,24,-2,-20,1317
59,Paras,-49,-26,-30,-41,-37,-45,9052
60,Parasect,-24,-1,-5,-26,-12,-40,3022
61,Venonat,-24,-41,-35,-46,-37,-25,7592
62,Venomoth,-14,-31,-25,4,-17,20,2487
63,Diglett,-74,-41,-60,-51,-47,25,16192
64,Diglett (Alolan Diglett),-74,-41,-55,-51,-47,20,15392
65,Dugtrio,-49,4,-35,-36,-22,50,7922
66,Dugtrio (Alolan Dugtrio),-49,4,-25,-36,-22,40,6422
67,Meowth,-44,-51,-50,-46,-52,20,12257
68,Meowth (Alolan Meowth),-44,-61,-50,-36,-52,20,12557
69,Meowth (Galarian Meowth),-34,-31,-30,-46,-52,-30,8737
70,Persian,-19,-26,-25,-21,-27,45,4857
71,Persian (Alolan Persian),-19,-36,-25,-11,-27,45,5157
72,Psyduck,-34,-44,-37,-21,-42,-15,6891
73,Golduck,-4,-14,-7,9,-12,15,711
74,Mankey,-44,-16,-50,-51,-47,0,9502
75,Primeape,-19,9,-25,-26,-22,25,2852
76,Growlithe,-29,-26,-40,-16,-42,-10,5237
77,Growlithe (Hisuian Growlithe),-24,-21,-40,-21,-42,-15,5047
78,Arcanine,6,14,-5,14,-12,25,1222
79,Arcanine (Hisuian Arcanine),11,19,-5,9,-12,20,1132
80,Poliwag,-44,-46,-45,-46,-52,20,11297
81,Poliwhirl,-19,-31,-20,-36,-42,20,5182
82,Poliwrath,6,-1,10,-16,-2,0,397
83,Abra,-59,-76,-70,19,-37,20,16287
84,Kadabra,-44,-61,-55,34,-22,35,11547
85,Alakazam,-29,-46,-40,49,3,50,9467
86,Alakazam (Mega Alakazam),-29,-46,-20,89,13,80,17847
87,Machop,-14,-16,-35,-51,-57,-35,8752
88,Machoke,-4,4,-15,-36,-32,-25,3202
89,Machamp,6,34,-5,-21,-7,-15,1932
90,Bellsprout,-34,-21,-50,-16,-62,-30,9097
91,Weepinbell,-19,-6,-35,-1,-47,-15,4057
92,Victreebel,-4,9,-20,14,-22,0,1177
93,Tentacool,-44,-56,-50,-36,8,0,8932
94,Tentacruel,-4,-26,-20,-6,28,30,2812
95,Geodude,-44,-16,15,-56,-62,-50,11897
96,Geodude (Alolan Geodude),-44,-16,15,-56,-62,-50,11897
97,Graveler,-29,-1,30,-41,-47,-35,6857
98,Graveler (Alolan Graveler),-29,-1,30,-41,-47,-35,6857
99,Golem,-4,24,45,-31,-27,-25,4932
100,Golem (Alolan Golem),-4,24,45,-31,-27,-25,4932
101,Ponyta,-34,-11,-30,-21,-27,20,3747
102,Ponyta (Galarian Ponyta),-34,-11,-30,-21,-27,20,3747
103,Rapidash,-19,4,-15,-6,-12,35,2007
104,Rapidash (Galarian Rapidash),-19,4,-15,-6,-12,35,2007
105,Slowpoke,6,-31,-20,-46,-52,-55,9242
106,Slowpoke (Galarian Slowpoke),6,-31,-20,-46,-52,-55,9242
107,Slowbro,11,-21,25,14,-12,-40,3127
108,Slowbro (Mega Slowbro),11,-21,95,44,-12,-40,13267
109,Slowbro (Galarian Slowbro),11,4,10,14,-22,-40,2517
110,Magnemite,-59,-61,-15,9,-37,-25,9502
111,Magneton,-34,-36,10,34,-22,0,4192
112,Farfetch'd,-32,-6,-30,-28,-30,-10,3744
113,Farfetch'd (Galarian Farfetch'd),-32,-1,-30,-28,-30,-15,3834
114,Doduo,-49,-11,-40,-51,-57,5,9997
115,Dodrio,-24,14,-15,-26,-32,40,4297
116,Seel,-19,-51,-30,-41,-22,-25,6652
117,Dewgong,6,-26,-5,-16,3,0,1002
118,Grimer,-4,-16,-35,-46,-42,-45,7402
119,Grimer (Alolan Grimer),-4,-16,-35,-46,-42,-45,7402
120,Muk,21,9,-10,-21,8,-20,1527
121,Muk (Alolan Muk),21,9,-10,-21,8,-20,1527
122,Shellder,-54,-31,15,-41,-67,-30,11172
123,Cloyster,-34,-1,95,-1,-47,0,12392
124,Gastly,-54,-61,-55,14,-57,10,13207
125,Haunter,-39,-46,-40,29,-37,25,8072
126,Gengar,-24,-31,-25,44,-17,40,5987
127,Gengar (Mega Gengar),-24,-31,-5,84,3,60,12227
128,Onix,-49,-51,75,-56,-47,0,15972
129,Drowzee,-24,-48,-40,-43,-2,-28,7117
130,Hypno,1,-23,-15,-13,23,-3,1462
131,Krabby,-54,9,5,-61,-67,-20,11632
132,Kingler,-29,34,30,-36,-42,5,5982
133,Voltorb,-44,-66,-35,-31,-37,30,10747
134,Voltorb (Hisuian Voltorb),-44,-66,-35,-31,-37,30,10747
135,Electrode,-24,-46,-15,-6,-12,80,9497
136,Electrode (Hisuian Electrode),-24,-46,-15,-6,-12,80,9497
137,Exeggcute,-24,-56,-5,-26,-47,-30,7522
138,Exeggutor,11,-1,0,39,-17,-15,2157
139,Exeggutor (Alolan Exeggutor),11,9,0,39,-17,-25,2637
140,Cubone,-34,-46,10,-46,-42,-35,8477
141,Marowak,-24,-16,25,-36,-12,-25,3522
142,Marowak (Alolan Marowak),-24,-16,25,-36,-12,-25,3522
143,Hitmonlee,-34,24,-32,-51,18,17,5970
144,Hitmonchan,-34,9,-6,-51,18,6,4234
145,Lickitung,6,-41,-10,-26,-17,-40,4382
146,Koffing,-44,-31,10,-26,-47,-35,7107
147,Weezing,-19,-6,35,-1,-22,-10,2207
148,Weezing (Galarian Weezing),-19,-6,35,-1,-22,-10,2207
149,Rhyhorn,-4,-11,10,-56,-62,-45,9242
150,Rhydon,21,34,35,-41,-47,-30,7612
151,Chansey,166,-91,-80,-51,13,-20,45407
152,Tangela,-19,-41,30,14,-52,-10,5942
153,Kangaskhan,21,-1,-5,-46,-12,20,3127
154,Kangaskhan (Mega Kangaskhan),21,29,15,-26,8,30,3147
155,Horsea,-54,-56,-15,-16,-67,-10,11122
156,Seadra,-29,-31,10,9,-47,15,4417
157,Goldeen,-39,-29,-25,-51,-42,-7,7401
158,Seaking,-4,-4,-20,-21,-12,-2,1021
159,Staryu,-54,-51,-30,-16,-37,15,8267
160,Starmie,-24,-21,0,14,-7,45,3287
161,Mr. Mime,-44,-51,-20,14,28,20,6317
162,Mr. Mime (Galarian Mr. Mime),-34,-31,-20,4,-2,30,3437
163,Scyther,-14,14,-5,-31,-12,35,2747
164,Jynx,-19,-46,-50,29,3,25,6452
165,Electabuzz,-19,-13,-28,9,-7,35,2669
166,Magmar,-19,-1,-28,14,-7,23,1920
167,Pinsir,-19,29,15,-31,-22,15,3097
168,Pinsir (Mega Pinsir),-19,59,35,-21,-2,35,6737
169,Tauros,-9,4,10,-46,-22,40,4397
170,Tauros (Paldean Tauros (Combat Breed)),-9,14,20,-56,-22,30,5197
171,Tauros (Paldean Tauros (Blaze Breed)),-9,14,20,-56,-22,30,5197
172,Tauros (Paldean Tauros (Aqua Breed)),-9,14,20,-56,-22,30,5197
173,Magikarp,-64,-86,-30,-71,-72,10,22717
174,Gyarados,11,29,-6,-26,8,11,1859
175,Gyarados (Mega Gyarados),11,59,24,-16,38,11,5999
176,Lapras,46,-11,-5,-1,3,-10,2372
177,Ditto,-36,-48,-37,-38,-44,-22,8833
178,Eevee,-29,-41,-35,-41,-27,-15,6382
179,Eevee (Partner Eevee),-19,-21,-15,-21,-7,5,1542
180,Vaporeon,46,-31,-25,24,3,-5,4312
181,Jolteon,-19,-31,-25,24,3,60,6132
182,Flareon,-19,34,-25,9,18,-5,2572
183,Porygon,-19,-36,-15,-1,-17,-30,3072
184,Omanyte,-49,-56,15,4,-37,-35,8372
185,Omastar,-14,-36,40,29,-22,-15,4642
186,Kabuto,-54,-16,5,-31,-47,-15,6592
187,Kabutops,-24,19,20,-21,-22,10,2362
188,Aerodactyl,-4,9,-20,-26,-17,60,5062
189,Aerodactyl (Mega Aerodactyl),-4,39,0,-16,3,80,8202
190,Snorlax,76,14,-20,-21,18,-40,8737
191,Articuno,6,-11,15,9,33,15,1777
192,Articuno (Galarian Articuno),6,-11,0,39,8,25,2367
193,Zapdos,6,-6,0,39,-2,30,2497
194,Zapdos (Galarian Zapdos),6,29,5,-1,-2,30,1807
195,Moltres,6,4,5,39,-7,20,2047
196,Moltres (Galarian Moltres),6,-11,5,14,33,20,1867
197,Dratini,-43,-32,-40,-36,-42,-20,7933
198,Dragonair,-23,-12,-20,-16,-22,0,1813
199,Dragonite,7,38,10,14,8,10,1953
200,Mewtwo,22,14,5,68,-2,60,8933
201,Mewtwo (Mega Mewtwo X),22,94,15,68,8,60,17833
202,Mewtwo (Mega Mewtwo Y),22,54,-15,108,28,70,20973
203,Mew,16,4,15,14,8,30,1657
204,Chikorita,-39,-47,-20,-37,-27,-25,6853
205,Bayleef,-24,-34,-5,-23,-12,-10,2530
206,Meganium,-4,-14,15,-3,8,10,610
207,Cyndaquil,-45,-44,-42,-26,-42,-5,8190
208,Quilava,-26,-32,-27,-6,-27,10,3294
209,Typhlosion,-6,-12,-7,23,-7,30,1707
210,Typhlosion (Hisuian Typhlosion),-11,-12,-7,33,-7,25,2077
211,Totodile,-34,-31,-21,-42,-44,-27,6987
212,Croconaw,-19,-16,-5,-27,-29,-12,2356
213,Feraligatr,1,9,15,-7,-9,8,501
214,Sentret,-49,-50,-51,-51,-47,-50,14812
215,Furret,1,-20,-21,-41,-37,20,4292
216,Hoothoot,-24,-66,-55,-50,-36,-20,12153
217,Noctowl,16,-46,-35,0,4,0,3613
218,Ledyba,-44,-76,-55,-46,-12,-15,13222
219,Ledian,-29,-61,-35,-31,18,15,7297
220,Spinarak,-44,-36,-45,-46,-52,-40,11677
221,Ariados,-14,-6,-15,-26,-22,-30,2517
222,Crobat,1,-6,-5,-16,-12,60,4062
223,Chinchou,-9,-58,-47,-30,-36,-3,7859
224,Lanturn,41,-38,-27,-10,-16,-3,4219
225,Pichu,-64,-56,-70,-51,-57,-10,18082
226,Cleffa,-34,-71,-57,-41,-37,-55,15521
227,Igglybuff,6,-66,-70,-46,-72,-55,19617
228,Togepi,-49,-76,-20,-46,-27,-50,13922
229,Togetic,-29,-56,0,-6,13,-30,5082
230,Natu,-44,-46,-40,-16,-47,0,8117
231,Xatu,-19,-21,-15,9,-22,25,2217
232,Mareep,-29,-56,-45,-21,-47,-35,9877
233,Flaaffy,-14,-41,-30,-6,-32,-25,4462
234,Ampharos,6,-21,0,29,-2,-15,1547
235,Ampharos (Mega Ampharos),6,-1,20,79,18,-25,7627
236,Bellossom,-9,-16,10,4,8,-20,917
237,Marill,-14,-76,-35,-66,-42,-30,14217
238,Azumarill,16,-46,-5,-26,-12,-20,3617
239,Sudowoodo,-14,4,30,-56,-27,-40,6577
240,Politoed,6,-21,-10,4,8,0,657
241,Hoppip,-49,-61,-45,-51,-37,-20,12517
242,Skiploom,-29,-51,-35,-41,-27,10,7177
243,Jumpluff,-9,-41,-15,-31,3,40,4557
244,Aipom,-29,-26,-30,-46,-37,15,6127
245,Sunkern,-54,-66,-55,-56,-62,-40,18877
246,Sunflora,-9,-21,-30,19,-7,-40,3432
247,Yanma,-19,-31,-40,-11,-47,25,5877
248,Wooper,-29,-51,-40,-61,-67,-55,16277
249,Wooper (Paldean Wooper),-29,-51,-40,-61,-67,-55,16277
250,Quagsire,11,-11,0,-21,-27,-35,2637
251,Espeon,-19,-31,-25,44,3,40,5492
252,Umbreon,11,-31,25,-26,38,-5,3852
253,Murkrow,-24,-11,-43,-1,-50,21,5488
254,Slowking,11,-21,-5,14,18,-40,2707
255,Slowking (Galarian Slowking),11,-31,-5,24,18,-40,3607
256,Misdreavus,-24,-36,-25,-1,-7,15,2772
257,Unown,-36,-24,-37,-14,-44,-22,5857
258,Wobbuffet,106,-63,-27,-53,-34,-37,21268
259,Girafarig,-14,-16,-20,4,-27,15,1822
260,Pineco,-34,-31,5,-51,-57,-55,11017
261,Forretress,-9,-6,55,-26,-32,-30,5742
262,Dunsparce,16,-26,-15,-21,-27,-25,2952
263,Gligar,-19,-21,20,-51,-27,15,4757
264,Steelix,-9,-11,115,-31,-27,-40,16717
265,Steelix (Mega Steelix),-9,29,145,-31,3,-40,24517
266,Snubbull,-24,-16,-35,-46,-52,-40,8477
267,Granbull,6,24,-10,-26,-32,-25,3037
268,Qwilfish,-19,-1,0,-31,-37,15,2917
269,Qwilfish (Hisuian Qwilfish),-19,-1,0,-31,-37,15,2917
270,Scizor,-14,34,15,-31,-12,-5,2707
271,Scizor (Mega Scizor),-14,54,55,-21,8,5,6667
272,Shuckle,-64,-86,145,-76,138,-65,61562
273,Heracross,-4,29,-10,-46,3,15,3307
274,Heracross (Mega Heracross),-4,89,30,-46,13,5,11147
275,Sneasel,-29,-1,-30,-51,-17,45,6657
276,Sneasel (Hisuian Sneasel),-29,-1,-30,-51,-17,45,6657
277,Teddiursa,-24,-16,-35,-36,-42,-30,6017
278,Ursaring,6,34,-10,-11,-17,-15,1927
279,Slugma,-44,-56,-45,-16,-52,-50,12557
280,Magcargo,-24,-46,35,4,-12,-40,5677
281,Swinub,-34,-46,-45,-56,-62,-20,12677
282,Piloswine,16,4,-5,-26,-32,-20,2397
283,Corsola,-19,-41,10,-21,3,-35,3817
284,Corsola (Galarian Corsola),-24,-41,15,-21,8,-40,4587
285,Remoraid,-49,-31,-50,-21,-57,-5,9577
286,Octillery,-9,9,-10,19,-17,-25,1537
287,Delibird,-39,-41,-40,-21,-47,5,7477
288,Mantine,1,-56,-15,-6,48,0,5702
289,Skarmory,-19,-16,55,-46,-22,0,6242
290,Houndour,-39,-36,-55,-6,-42,-5,7667
291,Houndoom,-9,-6,-35,24,-12,25,2687
292,Houndoom (Mega Houndoom),-9,-6,5,54,-2,45,5087
293,Kingdra,-9,-1,10,9,3,15,497
294,Phanpy,6,-36,-25,-46,-52,-30,7677
295,Donphan,6,24,35,-26,-32,-20,3937
296,Porygon2,1,-16,5,19,3,-10,752
297,Stantler,-11,-1,-23,-1,-27,15,1606
298,Smeargle,-29,-76,-50,-66,-47,5,15707
299,Tyrogue,-49,-61,-50,-51,-57,-35,15697
300,Hitmontop,-34,-1,10,-51,18,0,4182
301,Smoochum,-39,-66,-70,-1,-27,-5,11532
302,Elekid,-39,-33,-48,-21,-37,25,7349
303,Magby,-39,-21,-48,-16,-37,13,6060
304,Miltank,11,-16,20,-46,-22,30,4277
305,Blissey,171,-86,-75,-11,43,-15,44457
306,Raikou,6,-11,-10,29,8,45,3187
307,Entei,31,19,0,4,-17,30,2527
308,Suicune,16,-21,30,4,23,15,2367
309,Larvitar,-34,-32,-35,-41,-42,-29,7691
310,Pupitar,-14,-12,-15,-21,-22,-19,1851
311,Tyranitar,16,38,25,9,8,-9,2551
312,Tyranitar (Mega Tyranitar),16,68,65,9,28,1,9971
313,Lugia,22,-6,45,4,62,40,8005
314,Ho-Oh,22,34,5,24,62,20,6485
315,Celebi,16,4,15,14,8,30,1657
316,Treecko,-44,-51,-50,-21,-37,0,8847
317,Grovyle,-34,-31,-40,-1,-27,25,5072
318,Sceptile,-14,-11,-20,19,-7,50,3627
319,Sceptile (Mega Sceptile),-14,14,-10,59,-7,75,9647
320,Torchic,-39,-36,-45,-16,-42,-25,7487
321,Combusken,-24,-11,-25,-1,-32,-15,2572
322,Blaziken,-4,24,-15,24,-22,10,1977
323,Blaziken (Mega Blaziken),-4,64,-5,44,-12,30,7117
324,Mudkip,-34,-26,-35,-36,-42,-30,7017
325,Marshtomp,-14,-11,-15,-26,-22,-20,2102
326,Swampert,16,14,5,-1,-2,-10,582
327,Swampert (Mega Swampert),16,54,25,9,18,0,4202
328,Poochyena,-49,-41,-50,-56,-62,-35,14787
329,Mightyena,-14,-6,-15,-26,-32,0,2157
330,Zigzagoon,-46,-66,-44,-56,-51,-10,14245
331,Zigzagoon (Galarian Zigzagoon),-46,-66,-44,-56,-51,-10,14245
332,Linoone,-6,-26,-24,-36,-31,30,4445
333,Linoone (Galarian Linoone),-6,-26,-24,-36,-31,30,4445
334,Wurmple,-39,-51,-50,-66,-62,-50,17322
335,Silcoon,-34,-61,-30,-61,-67,-55,17012
336,Beautifly,-24,-26,-35,14,-42,-5,4462
337,Cascoon,-34,-61,-30,-61,-67,-55,17012
338,Dustox,-24,-46,-15,-36,-2,-5,4242
339,Lotad,-44,-66,-55,-46,-42,-40,14797
340,Lombre,-24,-46,-35,-26,-22,-20,5477
341,Ludicolo,-4,-26,-15,4,8,0,997
342,Seedot,-44,-56,-35,-56,-62,-40,14877
343,Nuzleaf,-14,-26,-45,-26,-52,-10,6377
344,Shiftry,6,4,-25,4,-32,10,1817
345,Taillow,-44,-41,-55,-56,-62,15,13847
346,Swellow,-24,-11,-25,-11,-42,55,6232
347,Wingull,-44,-66,-55,-31,-62,15,14347
348,Pelipper,-24,-46,15,9,-22,-5,3507
349,Ralts,-56,-71,-60,-41,-57,-30,17607
350,Kirlia,-46,-61,-50,-21,-37,-20,10547
351,Gardevoir,-16,-31,-20,39,23,10,3767
352,Gardevoir (Mega Gardevoir),-16,-11,-20,79,43,30,9767
353,Surskit,-44,-66,-53,-36,-40,-5,12022
354,Masquerain,-14,-36,-23,14,-10,10,2417
355,Shroomish,-24,-56,-25,-46,-32,-35,8702
356,Breloom,-24,34,-5,-26,-32,0,3457
357,Slakoth,-24,-36,-25,-51,-57,-40,9947
358,Vigoroth,-4,-16,-5,-31,-37,20,3027
359,Slaking,66,64,15,9,-27,30,10387
360,Nincada,-53,-51,5,-56,-62,-30,13315
361,Ninjask,-23,-6,-40,-36,-42,90,13325
362,Shedinja,-83,-6,-40,-56,-62,-30,16405
363,Whismur,-20,-45,-62,-35,-69,-42,14019
364,Loudred,0,-25,-42,-15,-49,-22,5499
365,Exploud,20,-5,-22,5,-19,-2,1299
366,Makuhita,-12,-36,-55,-66,-62,-45,14690
367,Hariyama,60,24,-25,-46,-32,-20,8341
368,Azurill,-34,-76,-45,-66,-52,-50,18517
369,Nosepass,-54,-51,50,-41,-2,-40,11302
370,Skitty,-34,-51,-40,-51,-57,-20,11607
371,Delcatty,-14,-31,-20,-31,-37,20,4287
372,Sableye,-34,-21,-10,-21,-27,-20,3267
373,Sableye (Mega Sableye),-34,-11,40,-1,23,-50,5907
374,Mawile,-34,-11,0,-31,-37,-20,4007
375,Mawile (Mega Mawile),-34,9,40,-31,3,-20,4207
376,Aron,-34,-26,15,-46,-52,-40,8477
377,Lairon,-24,-6,55,-36,-42,-30,7597
378,Aggron,-14,14,95,-26,-32,-20,11517
379,Aggron (Mega Aggron),-14,44,145,-26,-12,-20,24377
380,Meditite,-54,-56,-30,-46,-37,-10,10537
381,Medicham,-24,-36,-10,-26,-17,10,3037
382,Medicham (Mega Medicham),-24,4,0,-6,-7,30,1577
383,Electrike,-44,-51,-45,-21,-52,-5,9732
384,Manectric,-14,-21,-25,19,-32,35,3872
385,Manectric (Mega Manectric),-14,-21,-5,49,-12,65,7432
386,Plusle,-24,-46,-45,-1,-17,25,5632
387,Minun,-24,-56,-35,-11,-7,25,5732
388,Volbeat,-19,-23,-10,-39,-7,15,2785
389,Illumise,-19,-49,-10,-13,-7,15,3305
390,Roselia,-34,-36,-40,14,-12,-5,4417
391,Gulpin,-14,-53,-32,-43,-39,-30,8299
392,Swalot,16,-23,-2,-13,-9,-15,1264
393,Carvanha,-39,-6,-65,-21,-72,-5,11432
394,Sharpedo,-14,24,-45,9,-52,25,6207
395,Sharpedo (Mega Sharpedo),-14,44,-15,24,-27,35,4887
396,Wailmer,46,-26,-50,-16,-57,-10,8897
397,Wailord,86,-6,-40,4,-47,-10,11357
398,Numel,-24,-36,-45,-21,-47,-35,7772
399,Camerupt,-14,4,-15,19,-17,-30,1987
400,Camerupt (Mega Camerupt),-14,24,15,59,13,-50,7147
401,Torkoal,-14,-11,55,-1,-22,-50,6327
402,Spoink,-24,-71,-50,-16,-12,-10,8617
403,Grumpig,-4,-51,-20,4,18,10,3457
404,Spinda,-24,-36,-25,-26,-32,-10,4297
405,Trapinch,-39,4,-40,-41,-47,-60,10627
406,Vibrava,-34,-26,-35,-36,-42,0,6117
407,Flygon,-4,4,-5,-6,-12,30,1137
408,Cacnea,-34,-11,-45,-1,-52,-35,7232
409,Cacturne,-14,19,-25,29,-32,-15,3272
410,Swablu,-39,-56,-25,-46,-17,-20,8087
411,Altaria,-9,-26,5,-16,13,10,1307
412,Altaria (Mega Altaria),-9,14,25,24,13,10,1747
413,Zangoose,-11,19,-25,-26,-32,20,3207
414,Seviper,-11,4,-25,14,-32,-5,2007
415,Lunatone,6,-41,-20,9,-7,0,2247
416,Solrock,6,-1,0,-31,-27,0,1727
417,Barboach,-34,-48,-42,-40,-51,-10,9525
418,Whiscash,26,-18,-12,-10,-21,-10,1785
419,Corphish,-41,-16,-20,-36,-57,-35,8107
420,Crawdaunt,-21,24,0,4,-37,-15,2627
421,Baltoy,-44,-56,-30,-46,-22,-15,8797
422,Claydol,-24,-26,20,-16,28,5,2717
423,Lileep,-18,-55,-8,-25,-5,-47,6272
424,Cradily,2,-15,12,-5,15,-27,1352
425,Anorith,-39,-1,-35,-46,-42,5,6652
426,Armaldo,-9,29,15,-16,-12,-25,2172
427,Feebas,-64,-81,-65,-76,-37,10,22127
428,Milotic,11,-36,-6,14,33,11,2859
429,Castform,-14,-26,-15,-16,-22,0,1837
430,Kecleon,-24,-6,-15,-26,28,-30,3197
431,Shuppet,-40,-21,-50,-23,-59,-25,9176
432,Banette,-20,19,-20,-3,-29,-5,2036
433,Banette (Mega Banette),-20,69,-10,7,-9,5,5416
434,Duskull,-64,-56,5,-56,-2,-45,12422
435,Dusclops,-44,-26,45,-26,38,-45,8782
436,Tropius,15,-28,-2,-14,-5,-19,1595
437,Chimecho,-9,-46,-5,9,-2,-5,2332
438,Absol,-19,34,-25,-11,-32,5,3312
439,Absol (Mega Absol),-19,54,-25,29,-32,45,7792
440,Wynaut,11,-73,-37,-63,-44,-47,14933
441,Snorunt,-34,-46,-35,-36,-42,-20,7957
442,Glalie,-4,-16,-5,-6,-12,10,577
443,Glalie (Mega Glalie),-4,24,-5,34,-12,30,2817
444,Spheal,-14,-56,-35,-31,-42,-45,9307
445,Sealeo,6,-36,-15,-11,-22,-25,2787
446,Walrein,26,-16,5,9,-2,-5,1067
447,Clamperl,-49,-32,0,-12,-37,-38,6382
448,Huntail,-29,8,20,8,-17,-18,1982
449,Gorebyss,-29,-12,20,28,-17,-18,2782
450,Relicanth,16,-6,45,-41,-27,-15,4952
451,Luvdisc,-41,-66,-30,-46,-27,27,10511
452,Bagon,-39,-21,-25,-46,-62,-20,8947
453,Shelgon,-19,-1,15,-26,-42,-20,3427
454,Salamence,11,39,-5,24,-12,30,3287
455,Salamence (Mega Salamence),11,49,45,34,-2,50,8207
456,Beldum,-44,-41,-5,-51,-32,-40,8867
457,Metang,-24,-21,15,-31,-12,-20,2747
458,Metagross,-4,39,45,9,-2,0,3647
459,Metagross (Mega Metagross),-4,49,65,19,18,40,8927
460,Regirock,-4,4,115,-36,8,-20,15017
461,Regice,-4,-46,15,14,108,-20,14617
462,Registeel,-4,-21,65,-11,58,-20,8567
463,Latias,-4,-16,5,24,38,40,3917
464,Latias (Mega Latias),-4,4,35,54,58,40,9137
465,Latios,-4,-6,-5,44,18,40,3937
466,Latios (Mega Latios),-4,34,15,74,28,40,9257
467,Kyogre,16,4,5,64,48,20,7097
468,Kyogre (Primal Kyogre),16,54,5,94,68,20,17057
469,Groudon,16,54,55,14,-2,20,6797
470,Groudon (Primal Groudon),16,84,75,64,-2,20,17437
471,Rayquaza,21,54,5,64,-2,25,8107
472,Rayquaza (Mega Rayquaza),21,84,15,94,8,45,18647
473,Jirachi,16,4,15,14,8,30,1657
474,Deoxys (Normal Forme),-34,54,-35,64,-42,80,17557
475,Deoxys (Attack Forme),-34,84,-65,94,-72,80,32857
476,Deoxys (Defense Forme),-34,-26,75,-16,68,20,12737
477,Deoxys (Speed Forme),-34,-1,5,9,-2,110,13367
478,Turtwig,-29,-28,-21,-41,-37,-39,6637
479,Grotle,-9,-7,0,-31,-27,-34,2976
480,Torterra,11,13,20,-11,-7,-14,1056
481,Chimchar,-40,-38,-41,-28,-48,-9,7894
482,Monferno,-20,-18,-33,-8,-40,11,3598
483,Infernape,-8,8,-14,18,-21,38,2533
484,Piplup,-31,-45,-32,-25,-36,-30,6831
485,Prinplup,-20,-30,-17,-5,-16,-20,2270
486,Empoleon,0,-10,3,25,9,-10,915
487,Starly,-44,-41,-55,-56,-62,-10,13722
488,Staravia,-29,-21,-35,-46,-52,10,7427
489,Staraptor,1,24,-15,-36,-32,30,4022
490,Bidoof,-25,-51,-45,-51,-52,-39,12077
491,Bibarel,-5,-11,-25,-31,-32,1,2757
492,Kricketot,-47,-71,-44,-61,-51,-45,17533
493,Kricketune,-7,-11,-34,-31,-41,-5,3993
494,Shinx,-39,-31,-51,-46,-58,-25,11188
495,Luxio,-24,-11,-36,-26,-43,-10,4618
496,Luxray,-4,24,-6,9,-13,0,878
497,Budew,-44,-66,-50,-36,-22,-15,10797
498,Roserade,-24,-26,-20,39,13,20,3742
499,Cranidos,-17,29,-45,-56,-62,-12,10279
500,Rampardos,13,69,-25,-21,-42,-12,7904
501,Shieldon,-54,-54,33,-44,-4,-40,10473
502,Bastiodon,-24,-44,83,-39,46,-40,14638
503,Burmy,-44,-67,-40,-57,-47,-34,14639
504,Wormadam (Plant Cloak),-24,-37,0,-7,13,-34,3319
505,Wormadam (Sandy Cloak),-24,-17,20,-27,-7,-34,3199
506,Wormadam (Trash Cloak),-24,-27,10,-17,3,-34,2859
507,Mothim,-14,-2,-35,8,-42,-4,3269
508,Combee,-54,-66,-43,-56,-50,0,14757
509,Vespiquen,-14,-16,17,-6,10,-30,1777
510,Pachirisu,-24,-51,-15,-41,-2,25,5712
511,Buizel,-29,-31,-50,-26,-62,15,9047
512,Floatzel,1,9,-30,-1,-42,45,4772
513,Cherubi,-39,-61,-40,-24,-39,-35,10164
514,Cherrim,-14,-36,-15,1,-14,15,2139
515,Shellos,-8,-48,-37,-29,-30,-36,6774
516,Gastrodon,27,-13,-17,6,-10,-31,2284
517,Ambipom,-9,4,-19,-26,-26,45,3835
518,Drifloon,6,-46,-51,-26,-48,0,7733
519,Drifblim,66,-16,-41,4,-38,10,7853
520,Buneary,-29,-30,-41,-42,-36,15,6707
521,Lopunny,-19,-20,-1,-32,4,35,3027
522,Lopunny (Mega Lopunny),-19,40,9,-32,4,65,7307
523,Mismagius,-24,-36,-25,19,13,35,4252
524,Honchkrow,16,29,-33,19,-40,1,4148
525,Glameow,-35,-41,-43,-44,-55,15,9941
526,Purugly,-13,-14,-21,-22,-33,42,4143
527,Chingling,-39,-66,-35,-21,-42,-25,9932
528,Stunky,-21,-33,-38,-45,-51,4,7616
529,Skuntank,19,-3,-18,-15,-31,14,2076
530,Bronzor,-27,-72,1,-62,-6,-47,12003
531,Bronzong,-17,-7,31,-7,24,-37,3293
532,Bonsly,-34,-16,10,-76,-47,-60,13097
533,Mime Jr.,-64,-71,-40,-16,-2,-10,11097
534,Happiny,16,-91,-80,-71,-27,-40,22307
535,Chatot,-8,-31,-40,6,-50,21,5602
536,Spiritomb,-34,-4,23,6,16,-35,3218
537,Gible,-26,-26,-40,-46,-47,-28,8061
538,Gabite,-16,-6,-20,-36,-37,12,3501
539,Garchomp,24,34,10,-6,-7,32,2941
540,Garchomp (Mega Garchomp),24,74,30,34,3,22,8601
541,Munchlax,51,-11,-45,-46,-7,-65,11137
542,Riolu,-44,-26,-45,-51,-52,-10,10042
543,Lucario,-14,14,-15,29,-22,20,2342
544,Lucario (Mega Lucario),-14,49,3,54,-22,42,7770
545,Hippopotas,-16,-24,-7,-48,-50,-38,7129
546,Hippowdon,24,16,33,-18,-20,-23,3174
547,Skorupi,-44,-46,5,-56,-37,-5,8607
548,Drapion,-14,-6,25,-26,-17,25,2447
549,Croagunk,-36,-35,-45,-25,-52,-20,8275
550,Toxicroak,-1,10,-20,0,-27,15,1455
551,Carnivine,-10,4,-13,4,-20,-24,1277
552,Finneon,-35,-47,-29,-37,-31,-4,6621
553,Lumineon,-15,-27,-9,-17,-6,21,1801
554,Mantyke,-39,-76,-35,-26,28,-20,10382
555,Snover,-24,-34,-35,-24,-32,-30,5457
556,Abomasnow,6,-4,-10,6,-7,-10,337
557,Abomasnow (Mega Abomasnow),6,36,20,46,13,-40,5617
558,Weavile,-14,24,-20,-41,-7,55,5927
559,Magnezone,-14,-26,30,44,-2,-10,3812
560,Lickilicky,26,-11,10,-6,3,-20,1342
561,Rhyperior,31,44,45,-31,-37,-30,8152
562,Tangrowth,16,4,40,24,-42,-20,4612
563,Electivire,-9,27,-18,9,-7,25,1889
564,Magmortar,-9,-1,-18,39,3,13,2105
565,Togekiss,1,-46,10,34,23,10,4002
566,Yanmega,2,-20,1,30,-36,25,3226
567,Leafeon,-19,14,45,-26,-27,25,4612
568,Glaceon,-19,-36,25,44,3,-5,4252
569,Gliscor,-9,-1,40,-41,-17,25,4277
570,Mamoswine,26,34,-5,-16,-32,10,3237
571,Porygon-Z,1,-16,-15,49,-17,20,3572
572,Gallade,-16,29,-20,-21,23,10,2567
573,Gallade (Mega Gallade),-16,69,10,-21,23,40,7687
574,Probopass,-24,-41,60,-11,58,-30,10242
575,Dusknoir,-39,4,50,-21,43,-25,6952
576,Froslass,-14,-16,-15,-6,-22,40,2797
577,Rotom,-34,-46,-8,9,-15,21,4083
578,Rotom (Heat Rotom),-34,-31,22,19,15,16,3443
579,Rotom (Wash Rotom),-34,-31,22,19,15,16,3443
580,Rotom (Frost Rotom),-34,-31,22,19,15,16,3443
581,Rotom (Fan Rotom),-34,-31,22,19,15,16,3443
582,Rotom (Mow Rotom),-34,-31,22,19,15,16,3443
583,Uxie,-9,-21,45,-11,38,25,4737
584,Mesprit,-4,9,20,19,13,10,1127
585,Azelf,-9,29,-15,39,-22,45,5177
586,Dialga,16,24,35,64,8,20,6617
587,Dialga (Origin Forme),16,4,35,64,28,20,6777
588,Palkia,6,24,15,64,28,30,6617
589,Palkia (Origin Forme),6,4,15,64,28,50,7657
590,Heatran,7,-6,21,44,14,7,2707
591,Regigigas,26,64,25,-6,18,30,6657
592,Giratina (Altered Forme),66,4,35,14,28,20,6977
593,Giratina (Origin Forme),66,24,15,34,8,20,6777
594,Cresselia,36,-26,35,-11,38,15,4987
595,Phione,-4,-16,-5,-6,-12,10,577
596,Manaphy,16,4,15,14,8,30,1657
597,Darkrai,-14,-6,5,49,-2,55,5687
598,Shaymin (Land Forme),16,4,15,14,8,30,1657
599,Shaymin (Sky Forme),16,7,-10,34,-17,57,5099
600,Arceus,36,24,35,34,28,50,7537
601,Victini,16,4,15,14,8,30,1657
602,Snivy,-39,-51,-30,-41,-37,-7,8121
603,Servine,-24,-36,-10,-26,-17,13,3106
604,Serperior,-9,-21,10,-11,3,43,2601
605,Tepig,-19,-33,-40,-41,-47,-25,7565
606,Pignite,6,-3,-30,-16,-37,-15,2795
607,Emboar,26,27,-20,14,-27,-5,2755
608,Oshawott,-29,-41,-40,-23,-47,-25,7485
609,Dewott,-9,-21,-25,-3,-32,-10,2280
610,Samurott,11,4,0,22,-22,0,1105
611,Samurott (Hisuian Samurott),6,12,-5,14,-27,15,1355
612,Patrat,-39,-41,-46,-51,-53,-28,11512
613,Watchog,-24,-11,-16,-26,-23,7,2207
614,Lillipup,-39,-36,-40,-61,-47,-15,10572
615,Herdier,-19,-16,-20,-51,-27,-10,4447
616,Stoutland,1,14,5,-41,-2,10,2007
617,Purrloin,-43,-46,-48,-36,-55,-4,10606
618,Liepard,-20,-8,-35,2,-42,36,4753
619,Pansage,-34,-43,-37,-33,-44,-6,7435
620,Simisage,-9,2,-22,12,-29,31,2515
621,Pansear,-34,-43,-37,-33,-44,-6,7435
622,Simisear,-9,2,-22,12,-29,31,2515
623,Panpour,-34,-43,-37,-33,-44,-6,7435
624,Simipour,-9,2,-22,12,-29,31,2515
625,Munna,-8,-71,-40,-19,-37,-46,10551
626,Musharna,32,-41,0,21,3,-41,4836
627,Pidove,-34,-41,-35,-50,-62,-27,11135
628,Tranquill,-22,-19,-23,-36,-50,-5,5195
629,Unfezant,-4,19,-5,-21,-37,23,2741
630,Blitzle,-39,-36,-53,-36,-60,6,10558
631,Zebstrika,-9,4,-22,-6,-29,46,3574
632,Roggenrola,-29,-21,0,-61,-67,-55,12517
633,Boldore,-14,9,20,-36,-52,-50,7177
634,Gigalith,1,39,45,-26,-12,-45,6392
635,Woobat,-19,-51,-42,-31,-49,2,8092
636,Swoobat,-17,-39,-30,-9,-37,44,6096
637,Drilbur,-24,-11,-45,-56,-47,-2,8071
638,Excadrill,26,39,-25,-36,-27,18,5171
639,Audino,19,-36,1,-26,-6,-20,2770
640,Audino (Mega Audino),19,-36,41,-6,34,-20,4930
641,Timburr,-9,-16,-30,-61,-57,-35,9432
642,Gurdurr,1,9,0,-46,-42,-30,4862
643,Conkeldurr,21,44,10,-31,-27,-25,4792
644,Tympole,-34,-46,-45,-36,-52,-6,9333
645,Palpitoad,-9,-31,-30,-21,-37,-1,3753
646,Seismitoad,21,-1,-10,-1,-17,4,848
647,Throh,36,4,0,-56,-7,-25,5122
648,Sawk,-9,29,-10,-56,-17,15,4672
649,Sewaddle,-39,-43,-15,-46,-32,-28,7519
650,Swadloon,-29,-33,5,-36,-12,-28,4179
651,Leavanny,-9,7,-5,-16,-12,22,1039
652,Venipede,-54,-51,-26,-56,-53,-13,12307
653,Whirlipede,-44,-41,14,-46,-13,-23,6627
654,Scolipede,-24,4,4,-31,-23,42,3862
655,Cottonee,-44,-69,-25,-49,-42,-4,11503
656,Whimsicott,-24,-29,0,-9,-17,46,3903
657,Petilil,-39,-61,-35,-16,-42,-40,10087
658,Lilligant,-14,-36,-10,24,-17,20,2857
659,Lilligant (Hisuian Lilligant),-14,9,-10,-36,-17,35,3187
660,Basculin,-14,-4,-20,-6,-37,28,2801
661,Sandile,-34,-24,-50,-51,-57,-5,10107
662,Krokorok,-24,-14,-40,-41,-47,4,6278
663,Krookodile,11,21,-5,-21,-22,22,1996
664,Darumaka,-14,-6,-40,-71,-47,-20,9482
665,Darumaka (Galarian Darumaka),-14,-6,-40,-71,-47,-20,9482
666,Darmanitan (Standard Mode),21,44,-30,-56,-37,25,8407
667,Darmanitan (Zen Mode),21,-66,20,54,13,-15,8507
668,Darmanitan (Galarian Standard Mode),21,44,-30,-56,-37,25,8407
669,Darmanitan (Galarian Zen Mode),21,64,-30,-56,-37,65,14167
670,Maractus,-9,-10,-18,20,-25,-10,1630
671,Dwebble,-34,-31,0,-51,-57,-15,8192
672,Crustle,-14,9,40,-21,-17,-25,3232
673,Scraggy,-34,-21,-15,-51,-22,-22,5391
674,Scrafty,-19,-6,30,-41,23,-12,3651
675,Sigilyph,-12,-38,-5,17,-12,27,2775
676,Yamask,-46,-66,0,-31,-27,-40,9762
677,Yamask (Galarian Yamask),-46,-41,0,-56,-27,-40,9262
678,Cofagrigus,-26,-46,60,9,13,-40,8242
679,Tirtouga,-30,-18,18,-33,-47,-48,7150
680,Carracosta,-10,12,48,-3,-27,-38,4730
681,Archen,-29,16,-40,-12,-47,0,5050
682,Archeops,-9,44,-20,26,-27,40,5422
683,Trubbish,-34,-46,-23,-46,-30,-5,6842
684,Garbodor,-4,-1,-3,-26,-10,5,827
685,Zorua,-44,-31,-45,-6,-52,-5,7687
686,Zorua (Hisuian Zorua),-49,-36,-45,-1,-52,0,8427
687,Zoroark,-24,9,-25,34,-32,35,4687
688,Zoroark (Hisuian Zoroark),-29,4,-25,39,-32,40,5627
689,Minccino,-29,-46,-45,-46,-52,5,9827
690,Cinccino,-9,-1,-25,-21,-32,45,4197
691,Gothita,-39,-66,-35,-31,-27,-25,9417
692,Gothorita,-24,-51,-15,-11,-7,-15,3797
693,Gothitelle,-14,-41,10,9,18,-5,2407
694,Solosis,-39,-66,-45,19,-42,-50,12527
695,Duosion,-19,-56,-35,39,-32,-40,8867
696,Reuniclus,26,-31,-10,39,-7,-40,4907
697,Ducklett,-22,-52,-35,-42,-42,-15,8166
698,Swanna,-9,-9,-22,1,-29,28,2272
699,Vanillite,-48,-46,-35,-21,-32,-26,7786
700,Vanillish,-33,-31,-20,-6,-17,-11,2896
701,Vanilluxe,-13,-1,0,24,3,9,836
702,Deerling,-24,-36,-35,-46,-42,5,7002
703,Sawsbuck,-4,4,-15,-26,-22,25,2042
704,Emolga,-29,-21,-25,-11,-32,33,4141
705,Karrablast,-34,-21,-40,-46,-47,-10,7622
706,Escavalier,-14,39,20,-26,13,-50,5462
707,Foongus,-15,-41,-40,-31,-37,-55,8861
708,Amoonguss,30,-11,-15,-1,-12,-40,2991
709,Frillish,-29,-56,-35,-21,-7,-30,6592
710,Jellicent,16,-36,-15,-1,13,-10,2047
711,Alomomola,81,-21,-5,-46,-47,-5,11377
712,Joltik,-34,-49,-35,-29,-42,-5,7412
713,Galvantula,-14,-19,-25,11,-32,38,3771
714,Ferroseed,-40,-46,6,-62,-6,-60,11232
715,Ferrothorn,-10,-2,46,-32,24,-50,6320
716,Klink,-44,-41,-15,-41,-32,-40,8147
717,Klang,-24,-16,10,-16,-7,-20,1637
718,Klinklang,-24,4,30,-16,-7,20,2197
719,Tynamo,-49,-41,-45,-41,-52,-10,10592
720,Eelektrik,-19,-11,-15,-11,-22,-30,2212
721,Eelektross,1,19,-5,19,-12,-20,1292
722,Elgyem,-29,-41,-30,-1,-37,-40,6392
723,Beheeyem,-9,-21,-10,39,3,-30,3052
724,Litwick,-34,-66,-30,-21,-37,-50,10722
725,Lampent,-24,-56,-25,9,-32,-15,5667
726,Chandelure,-24,-41,5,59,-2,10,5867
727,Axew,-38,-9,-25,-56,-52,-13,8159
728,Fraxure,-18,21,-15,-46,-42,-3,4879
729,Haxorus,-8,51,5,-26,-22,27,4579
730,Cubchoo,-29,-26,-45,-26,-52,-30,7822
731,Beartic,11,34,-5,-16,-12,-20,2102
732,Cryogonal,-4,-46,-35,9,43,35,6512
733,Shelmet,-34,-56,0,-46,-27,-45,9162
734,Accelgor,-4,-26,-45,14,-32,75,9562
735,Stunfisk,25,-30,-1,-5,7,-38,3044
736,Stunfisk (Galarian Stunfisk),25,-15,14,-20,-8,-38,2954
737,Mienfoo,-39,-11,-35,-31,-42,-5,5617
738,Mienshao,-19,29,-25,9,-32,35,4157
739,Druddigon,-7,24,5,-26,-2,-22,1814
740,Golett,-25,-22,-35,-51,-42,-35,7924
741,Golurk,5,28,-5,-31,-12,-15,2164
742,Pawniard,-39,-11,-15,-46,-52,-10,6787
743,Bisharp,-19,29,15,-26,-22,0,2587
744,Bouffalant,11,14,10,-46,3,-15,2767
745,Rufflet,-14,-13,-35,-49,-42,-10,5855
746,Braviary,16,27,-10,-29,-17,10,2315
747,Braviary (Hisuian Braviary),26,-13,-15,26,-22,-5,2255
748,Vullaby,-14,-41,-10,-41,-27,-10,4487
749,Mandibuzz,26,-31,20,-31,3,10,3107
750,Heatmor,1,1,-19,19,-26,-5,1425
751,Durant,-26,13,27,-38,-44,39,6475
752,Deino,-32,-31,-35,-41,-42,-32,7679
753,Zweilous,-12,-11,-15,-21,-22,-12,1559
754,Hydreigon,8,9,5,39,-2,28,2479
755,Larvesta,-29,-11,-30,-36,-37,-10,4627
756,Volcarona,1,-36,-20,49,13,30,5167
757,Cobalion,7,-6,44,4,-20,38,3881
758,Terrakion,7,33,5,-14,-2,38,2807
759,Virizion,7,-6,-13,4,37,38,3083
760,Tornadus (Incarnate Forme),-5,19,-15,39,-12,41,3957
761,Tornadus (Therian Forme),-5,4,-5,24,-2,51,3247
762,Thundurus (Incarnate Forme),-5,19,-15,39,-12,41,3957
763,Thundurus (Therian Forme),-5,9,-15,59,-12,31,4917
764,Reshiram,16,24,15,64,28,20,6337
765,Zekrom,16,54,35,34,8,20,6017
766,Landorus (Incarnate Forme),5,29,5,29,-12,31,2837
767,Landorus (Therian Forme),5,49,5,19,-12,21,3397
768,Kyurem,41,34,5,44,-2,25,5427
769,Kyurem (Black Kyurem),41,74,15,34,-2,25,9167
770,Kyurem (White Kyurem),41,24,5,84,8,25,10027
771,Keldeo,7,-24,5,43,-2,38,3947
772,Meloetta (Aria Forme),16,-19,-8,42,36,20,4141
773,Meloetta (Pirouette Forme),16,32,5,-9,-15,58,4975
774,Genesect,-13,24,10,34,3,29,2851
775,Chespin,-28,-35,-20,-38,-47,-32,7086
776,Quilladin,-23,-18,10,-30,-34,-13,3178
777,Chesnaught,4,11,37,-12,-17,-6,1975
778,Fennekin,-44,-51,-45,-24,-32,-10,8262
779,Braixen,-25,-37,-27,4,-22,3,3232
780,Delphox,-9,-27,-13,28,8,34,2983
781,Froakie,-43,-40,-45,-24,-48,1,8355
782,Frogadier,-30,-33,-33,-3,-36,27,5112
783,Greninja,-12,-1,-18,17,-21,52,3903
784,Greninja (Ash-Greninja),-12,49,-18,67,-21,62,11643
785,Bunnelby,-46,-60,-47,-54,-56,-13,14146
786,Diggersby,1,-40,-8,-36,-15,8,3250
787,Fletchling,-39,-46,-42,-46,-54,-8,10497
788,Fletchinder,-22,-23,-30,-30,-40,14,4609
789,Talonflame,-6,-15,-14,-12,-23,56,4266
790,Scatterbug,-46,-61,-45,-59,-67,-35,17057
791,Spewpa,-39,-74,-25,-59,-62,-41,16628
792,Vivillon,-4,-44,-35,4,-42,19,5318
793,Litleo,-22,-46,-27,-13,-38,2,4946
794,Pyroar,2,-28,-13,23,-26,36,3458
795,Flabébé,-40,-58,-46,-25,-13,-28,8658
796,Floette,-30,-51,-38,-11,6,-18,5426
797,Florges,-6,-31,-17,26,62,5,5831
798,Skiddo,-18,-31,-37,-24,-35,-18,4779
799,Gogoat,39,4,-23,11,-11,-2,2312
800,Pancham,-17,-14,-23,-40,-44,-27,5279
801,Pangoro,11,28,-7,-17,-21,-12,1828
802,Furfrou,-9,-16,-25,-21,-2,32,2431
803,Espurr,-22,-48,-31,-23,-32,-2,5306
804,Meowstic,-10,-48,-9,-3,-11,34,3771
805,Honedge,-39,-16,15,-51,-55,-42,9392
806,Doublade,-25,14,65,-41,-43,-35,9801
807,Aegislash (Shield Forme),-24,-46,55,-36,48,-10,9417
808,Aegislash (Blade Forme),-24,44,-35,54,-42,-10,8517
809,Spritzee,-6,-44,-25,-23,-27,-47,6064
810,Aromatisse,17,-24,-13,13,-3,-41,2893
811,Swirlix,-22,-48,-19,-27,-35,-21,5544
812,Slurpuff,-2,-16,1,-1,-17,2,555
813,Inkay,-31,-42,-32,-49,-46,-25,8891
814,Malamar,2,-4,3,-18,-17,3,651
815,Binacle,-42,-44,-18,-47,-36,-20,7929
816,Barbaracle,-12,9,30,-32,-6,-2,2189
817,Skrelp,-34,-36,-25,-26,-32,-40,6377
818,Dragalge,-19,-21,5,11,31,-26,2585
819,Clauncher,-34,-43,-23,-28,-29,-26,5835
820,Clawitzer,-13,-23,3,34,-3,-11,1993
821,Helioptile,-40,-58,-52,-25,-49,0,10694
822,Heliolisk,-22,-41,-33,23,2,39,5308
823,Tyrunt,-26,-7,-8,-41,-47,-22,5163
824,Tyrantrum,-2,25,34,-17,-33,1,3164
825,Amaura,-7,-37,-35,-19,-29,-24,4421
826,Aurorus,39,-19,-13,13,0,-12,2364
827,Sylveon,11,-31,-20,24,38,-10,3602
828,Hawlucha,-6,-4,-10,-12,-29,48,3441
829,Dedenne,-17,-38,-28,-5,-25,31,4128
830,Carbink,-34,-46,65,-36,58,-20,12557
831,Goomy,-39,-46,-50,-31,-17,-30,8287
832,Sliggoo,-16,-21,-32,-3,21,-10,2271
833,Sliggoo (Hisuian Sliggoo),-26,-21,-2,-3,21,-30,2471
834,Goodra,6,4,-15,24,58,10,4317
835,Goodra (Hisuian Goodra),-4,4,15,24,58,-10,4297
836,Klefki,-27,-16,6,-6,-5,5,1107
837,Phantump,-41,-26,-37,-36,-32,-32,7070
838,Trevenant,1,14,-9,-21,-10,-14,1015
839,Pumpkaboo (Small Size),-40,-30,-15,-42,-37,-14,6054
840,Pumpkaboo (Average Size),-35,-30,-15,-42,-37,-19,5844
841,Pumpkaboo (Large Size),-30,-30,-15,-42,-37,-24,5734
842,Pumpkaboo (Super Size),-25,-30,-15,-42,-37,-29,5724
843,Gourgeist (Small Size),-29,-11,37,-28,-17,29,4245
844,Gourgeist (Average Size),-19,-6,37,-28,-17,14,3035
845,Gourgeist (Large Size),-9,-1,37,-28,-17,-1,2525
846,Gourgeist (Super Size),1,4,37,-28,-17,-16,2715
847,Bergmite,-29,-27,0,-54,-57,-42,9499
848,Avalugg,11,21,99,-42,-46,-42,16007
849,Avalugg (Hisuian Avalugg),11,31,99,-52,-56,-32,17747
850,Noibat,-44,-66,-50,-41,-52,-15,13402
851,Noivern,1,-26,-5,11,-12,53,3776
852,Xerneas,42,35,10,45,6,29,5991
853,Yveltal,42,35,10,45,6,29,5991
854,Zygarde (50% Forme),24,4,36,-5,3,25,2547
855,Zygarde (10% Forme),-30,4,-14,-25,-7,45,3811
856,Zygarde (Complete Forme),132,4,36,5,3,15,18995
857,Diancie,-34,4,65,14,58,-20,9357
858,Diancie (Mega Diancie),-34,64,25,74,18,40,13277
859,Hoopa (Hoopa Confined),-4,14,-25,64,38,0,6377
860,Hoopa (Hoopa Unbound),-4,64,-25,84,38,10,13337
861,Volcanion,-4,14,35,44,-2,0,3377
862,Rowlet,-16,-41,-30,-36,-42,-28,6681
863,Dartrix,-6,-21,-10,-16,-22,-18,1641
864,Decidueye,-6,11,-10,14,8,0,517
865,Decidueye (Hisuian Decidueye),4,16,-5,9,3,-10,487
866,Litten,-39,-31,-45,-26,-52,0,7887
867,Torracat,-19,-11,-35,-6,-42,20,3907
868,Incineroar,11,19,5,-6,-2,-10,647
869,Popplio,-34,-42,-31,-20,-36,-30,6477
870,Brionne,-24,-27,-16,5,-11,-20,2107
871,Primarina,-4,-22,-11,40,24,-10,2897
872,Pikipek,-49,-21,-55,-56,-62,-5,12872
873,Trumbeak,-29,-11,-35,-46,-42,5,6092
874,Toucannon,-4,24,-10,-11,-17,-10,1202
875,Yungoos,-36,-26,-55,-56,-62,-25,12602
876,Gumshoos,4,14,-25,-31,-32,-25,3447
877,Grubbin,-37,-34,-40,-31,-47,-24,7871
878,Charjabug,-27,-14,10,-31,-17,-34,3431
879,Vikavolt,-7,-26,5,59,-17,-27,5249
880,Crabrawler,-37,-14,-28,-44,-45,-7,6359
881,Crabominable,13,36,-8,-24,-25,-27,3459
882,Oricorio,-9,-26,-15,12,-22,23,2139
883,Cutiefly,-44,-51,-45,-31,-52,14,10423
884,Ribombee,-24,-41,-25,9,-22,54,6363
885,Rockruff,-39,-31,-45,-56,-52,-10,10447
886,Lycanroc (Midday Form),-9,19,-20,-31,-27,42,4296
887,Lycanroc (Midnight Form),1,19,-10,-31,-17,12,1856
888,Lycanroc (Dusk Form),-9,21,-20,-31,-27,40,4212
889,Wishiwashi (Solo Form),-39,-76,-65,-61,-67,-30,20632
890,Wishiwashi (School Form),-39,44,45,54,43,-40,11847
891,Mareanie,-34,-43,-23,-43,-40,-25,7608
892,Toxapex,-34,-33,67,-33,50,-35,11548
893,Mudbray,-14,4,-15,-41,-37,-25,4112
894,Mudsdale,16,29,15,-31,-7,-35,3557
895,Dewpider,-46,-56,-33,-46,-20,-43,10706
896,Araquanid,-16,-26,7,-36,40,-28,4661
897,Fomantis,-44,-41,-50,-36,-57,-35,11887
898,Lurantis,-14,9,5,-6,-2,-25,967
899,Morelull,-44,-61,-30,-21,-17,-55,10312
900,Shiinotic,-24,-51,-5,4,8,-40,4882
901,Salandit,-36,-52,-45,-15,-52,7,9003
902,Salazzle,-16,-32,-25,25,-32,47,5763
903,Stufful,-14,-21,-35,-41,-42,-20,5707
904,Bewear,36,29,-5,-31,-32,-10,4247
905,Bounsweet,-42,-66,-47,-56,-54,-38,15825
906,Steenee,-32,-56,-37,-46,-44,-8,9645
907,Tsareena,-12,24,13,-36,6,2,2225
908,Comfey,-33,-44,5,-4,18,30,4290
909,Oranguru,6,-36,-5,4,18,-10,1797
910,Passimian,16,24,5,-46,-32,10,4097
911,Wimpod,-59,-61,-45,-66,-62,10,17527
912,Golisopod,-9,29,55,-26,-2,-30,5527
913,Sandygast,-29,-41,-5,-16,-47,-55,8037
914,Palossand,1,-21,25,14,-17,-35,2777
915,Pyukumuku,-29,-36,45,-56,38,-65,12967
916,Type: Null,11,-1,10,9,3,-11,433
917,Silvally,11,-1,10,9,3,25,937
918,Minior (Meteor Form),-24,-36,15,-26,8,-10,2937
919,Minior (Core),-24,4,-25,14,-32,50,4937
920,Komala,-19,19,-20,-11,3,-5,1277
921,Turtonator,-24,-18,50,5,-7,-34,4630
922,Togedemaru,-19,2,-22,-46,-19,26,4002
923,Mimikyu,-29,-6,-5,-36,13,26,3043
924,Bruxish,-16,9,-15,-16,-22,22,1786
925,Drampa,-6,-36,0,49,-1,-34,4890
926,Dhelmise,-14,35,15,0,-2,-30,2550
927,Jangmo-o,-39,-41,-20,-41,-47,-25,8117
928,Hakamo-o,-29,-21,5,-21,-22,-5,2257
929,Kommo-o,-9,14,40,14,13,15,2467
930,Tapu Koko,-14,19,0,9,-17,60,4527
931,Tapu Lele,-14,-11,-10,44,23,25,3507
932,Tapu Bulu,-14,34,30,-1,3,5,2287
933,Tapu Fini,-14,-21,30,9,38,15,3287
934,Cosmog,-41,-67,-54,-57,-61,-33,17145
935,Cosmoem,-41,-67,46,-57,39,-33,14145
936,Solgaleo,53,41,22,27,-3,27,6441
937,Lunala,53,17,4,51,15,27,6669
938,Nihilego,25,-43,-38,41,39,33,8209
939,Buzzwole,23,43,54,-33,-39,9,7985
940,Pheromosa,-13,41,-48,51,-55,81,16341
941,Xurkitree,-1,-7,-14,87,-21,13,8425
942,Celesteela,13,5,18,21,9,-9,1121
943,Kartana,-25,85,46,-27,-61,39,15937
944,Guzzlord,139,5,-32,11,-39,-27,22741
945,Necrozma,13,11,16,41,-3,9,2317
946,Necrozma (Dusk Mane Necrozma),13,61,42,27,17,7,6721
947,Necrozma (Dawn Wings Necrozma),13,17,24,71,35,7,7349
948,Necrozma (Ultra Necrozma),13,71,12,81,5,59,15421
949,Magearna,-4,-1,30,44,23,-5,3407
950,Marshadow,6,29,-5,4,-2,55,3947
951,Poipole,-17,-23,-18,-13,-25,3,1945
952,Naganadel,-11,-23,-12,41,-19,51,5437
953,Stakataka,-23,35,126,-33,9,-57,22049
954,Blacephalon,-31,31,-32,65,-13,37,8709
955,Zeraora,4,16,-10,16,-12,73,6101
956,Meltan,-38,-31,-20,-31,-57,-36,8311
957,Melmetal,51,47,58,-6,-27,-36,10235
958,Grookey,-34,-31,-35,-46,-52,-5,8187
959,Thwackey,-14,-11,-15,-31,-32,10,2627
960,Rillaboom,16,29,5,-26,-22,15,2507
961,Scorbunny,-34,-25,-45,-46,-52,-1,8627
962,Raboot,-19,-10,-25,-31,-32,24,3647
963,Cinderace,-4,20,-10,-21,-17,49,3647
964,Sobble,-34,-56,-45,-16,-52,0,9277
965,Drizzile,-19,-36,-30,9,-37,20,4407
966,Inteleon,-14,-11,-20,39,-27,50,5467
967,Skwovet,-14,-41,-30,-51,-57,-45,10652
968,Greedent,36,-1,10,-31,-17,-50,5147
969,Rookidee,-46,-49,-50,-53,-57,-13,13244
970,Corvisquire,-16,-29,-30,-43,-37,7,5264
971,Corviknight,14,-9,20,-33,-7,-3,1824
972,Blipbug,-59,-76,-65,-61,-47,-25,20037
973,Dottler,-34,-61,-5,-36,-2,-40,7802
974,Orbeetle,-24,-51,25,-6,28,20,5022
975,Nickit,-44,-68,-57,-39,-40,-20,13330
976,Thievul,-14,-38,-27,1,0,20,2770
977,Gossifleur,-44,-56,-25,-46,-32,-60,12437
978,Eldegoss,-24,-46,5,-6,28,-10,3637
979,Wooloo,-42,-56,-30,-46,-47,-22,10609
980,Dubwool,-12,-16,15,-26,-2,18,1629
981,Chewtle,-34,-32,-35,-48,-54,-26,9301
982,Drednaw,6,19,5,-38,-24,4,2458
983,Yamper,-25,-51,-35,-46,-42,-44,10267
984,Boltund,-15,-6,-25,4,-32,51,4527
985,Rolycoly,-54,-56,-35,-46,-42,-40,12757
986,Carkol,-4,-36,5,-26,-22,-20,2897
987,Coalossal,26,-16,35,-6,-2,-40,3797
988,Applin,-44,-56,-5,-46,-52,-50,12417
989,Flapple,-14,14,-5,9,-32,0,1522
990,Appletun,26,-11,-5,14,-12,-40,2762
991,Silicobra,-32,-39,-10,-51,-42,-24,7586
992,Sandaconda,-12,11,40,-21,-22,1,2791
993,Cramorant,-14,-11,-30,-1,3,15,1452
994,Arrokuda,-43,-33,-45,-46,-62,-4,10939
995,Barraskewda,-23,27,-25,-26,-42,66,8679
996,Toxel,-44,-58,-50,-32,-57,-30,12973
997,Toxtricity,-9,2,-15,28,-22,5,1603
998,Sizzlipede,-34,-31,-40,-36,-42,-25,7402
999,Centiskorch,16,19,-20,4,-2,-5,1062
1000,Clobbopus,-34,-28,-25,-36,-42,-38,7069
1001,Grapploct,-4,22,5,-16,-12,-28,1709
1002,Sinistea,-44,-51,-40,-12,-38,-20,8125
1003,Polteageist,-24,-31,-20,48,22,0,4725
1004,Hatenna,-42,-66,-40,-30,-39,-31,11102
1005,Hattrem,-27,-56,-20,0,-19,-21,5067
1006,Hatterene,-27,-6,10,50,11,-41,5167
1007,Impidimp,-39,-51,-55,-31,-52,-20,11212
1008,Morgrem,-19,-36,-40,-11,-37,0,4747
1009,Grimmsnarl,11,24,-20,9,-17,-10,1567
1010,Obstagoon,9,-6,16,-26,-11,25,1795
1011,Perrserker,-14,14,15,-36,-32,-20,3337
1012,Cursola,-24,-1,-35,59,38,-40,8327
1013,Sirfetch'd,-22,39,10,-18,-10,-5,2554
1014,Mr. Rime,-4,-11,-10,24,8,0,877
1015,Runerigus,-26,-1,60,-36,13,-40,7342
1016,Milcery,-39,-56,-45,-36,-31,-36,10235
1017,Alcremie,-19,-36,-10,24,29,-6,3210
1018,Falinks,-19,4,15,-16,-32,5,1907
1019,Pincurchin,-36,5,10,5,-7,-55,4520
1020,Snom,-54,-71,-50,-41,-62,-50,18482
1021,Frosmoth,-14,-31,-25,39,-2,-5,3332
1022,Stonjourner,16,29,50,-66,-72,0,13137
1023,Eiscue (Ice Face),-9,-16,25,-21,-2,-20,1807
1024,Eiscue (Noice Face),-9,-16,-15,-21,-42,60,6367
1025,Indeedee (Male),-24,-31,-30,19,3,25,3432
1026,Indeedee (Female),-14,-41,-20,9,13,15,2752
1027,Morpeko,-26,-1,-27,-16,-34,27,3547
1028,Cufant,-12,-16,-36,-46,-43,-30,6561
1029,Copperajah,38,34,-16,-6,-23,-40,5021
1030,Dracozolt,6,4,5,-6,-22,5,622
1031,Arctozolt,6,4,5,4,-12,-15,462
1032,Dracovish,6,-6,15,-16,-12,5,722
1033,Arctovish,6,-6,15,-6,-2,-15,562
1034,Duraludon,-14,-1,30,34,-42,15,4242
1035,Dreepy,-56,-36,-55,-46,-62,12,13561
1036,Drakloak,-16,-16,-35,-26,-42,32,5201
1037,Dragapult,4,24,-10,14,-17,72,6361
1038,Zacian (Hero of Many Battles),8,24,30,-6,23,68,6729
1039,Zacian (Crowned Sword),8,54,30,-6,23,78,10529
1040,Zamazenta (Hero of Many Battles),8,24,30,-6,23,68,6729
1041,Zamazenta (Crowned Shield),8,24,55,-6,48,58,9369
1042,Eternatus,56,-11,10,59,3,60,10447
1043,Eternatus (Eternamax Eternatus),171,19,165,39,158,60,86912
1044,Kubfu,-24,-6,-25,-33,-42,2,4094
1045,Urshifu,16,34,15,-23,-32,27,3919
1046,Zarude,21,24,20,-16,3,35,2907
1047,Regieleki,-4,4,-35,14,-42,130,20117
1048,Regidrago,116,4,-35,14,-42,10,16757
1049,Glastrier,16,49,45,-21,18,-40,7047
1050,Spectrier,16,-31,-25,59,-12,60,9067
1051,Calyrex,16,-16,-5,-6,-12,10,817
1052,Calyrex (Ice Rider Calyrex),16,69,65,-1,38,-20,11087
1053,Calyrex (Shadow Rider Calyrex),16,-11,-5,79,8,80,13107
1054,Wyrdeer,19,9,-13,19,-17,-5,1286
1055,Kleavor,-14,39,10,-41,-22,15,4207
1056,Ursaluna,46,44,20,-41,-12,-20,6677
1057,Basculegion (Male),36,16,-20,-6,-17,8,2341
1058,Basculegion (Female),36,-4,-20,14,-17,8,2261
1059,Sneasler,-4,34,-25,-46,-12,50,6557
1060,Overqwil,1,19,10,-21,-27,15,1857
1061,Enamorus (Incarnate Forme),-10,19,-15,49,-12,36,4527
1062,Enamorus (Therian Forme),-10,19,25,49,8,-24,4127
1063,Sprigatito,-44,-35,-31,-41,-47,-5,8037
1064,Floragato,-23,-16,-22,-26,-29,13,2955
1065,Meowscarada,-8,14,-15,-5,-22,53,3803
1066,Fuecoco,-17,-51,-26,-23,-52,-34,7955
1067,Crocalor,-3,-41,-7,4,-34,-21,3352
1068,Skeledirge,20,-21,15,24,-17,-4,1947
1069,Quaxly,-29,-31,-40,-36,-47,-20,7307
1070,Quaxwell,-14,-11,-20,-21,-32,-5,2207
1071,Quaquaval,1,24,-5,-1,-17,15,1117
1072,Lechonk,-30,-51,-45,-51,-47,-35,11561
1073,Oinkologne (Male),26,4,-10,-27,-12,-5,1690
1074,Oinkologne (Female),31,-6,-15,-27,-2,-5,1980
1075,Tarountula,-49,-55,-40,-57,-52,-50,15479
1076,Spidops,-24,-17,7,-34,-6,-35,3331
1077,Nymble,-51,-50,-45,-65,-67,-25,16465
1078,Lokix,-13,6,-7,-34,-37,22,3263
1079,Pawmi,-39,-46,-65,-46,-67,-10,14567
1080,Pawmo,-24,-21,-45,-36,-52,15,7267
1081,Pawmot,-14,19,-15,-16,-32,35,3287
1082,Tandemaus,-34,-46,-40,-46,-47,5,9222
1083,Maushold,-10,-21,-15,-21,-17,41,3177
1084,Fidough,-47,-41,-15,-56,-37,-5,8645
1085,Dachsbun,-27,-16,30,-36,-12,25,3950
1086,Smoliv,-43,-61,-40,-28,-41,-40,11235
1087,Dolliv,-32,-43,-25,-8,-14,-37,5127
1088,Arboliva,-6,-27,5,39,17,-31,3561
1089,Squawkabilly,-2,0,-34,-41,-41,22,5006
1090,Nacli,-29,-41,-10,-51,-57,-45,10497
1091,Naclstack,-24,-36,15,-51,-27,-35,6652
1092,Garganacl,16,4,45,-41,-2,-35,5207
1093,Charcadet,-44,-46,-45,-36,-52,-35,11302
1094,Armarouge,1,-36,15,39,-12,5,3212
1095,Ceruledge,-9,29,-5,-26,8,15,1912
1096,Tadbulb,-23,-65,-44,-27,-57,-25,11293
1097,Bellibolt,25,-32,6,17,-9,-25,2680
1098,Wattrel,-44,-56,-50,-31,-52,0,11237
1099,Kilowattrel,-14,-26,-25,19,-32,55,5907
1100,Maschiff,-24,-18,-25,-46,-41,-19,5683
1101,Mabosstiff,-4,24,5,-26,-22,15,2002
1102,Shroodle,-44,-31,-50,-46,-57,5,10787
1103,Grafaiai,-21,-1,-20,-6,-20,40,2878
1104,Bramblin,-44,-31,-55,-41,-57,-10,10952
1105,Brambleghast,-29,19,-15,-6,-22,20,2347
1106,Toedscool,-44,-56,-50,-36,8,0,8932
1107,Toedscruel,-4,-26,-20,-6,28,30,2812
1108,Klawf,-14,4,30,-51,-37,5,5107
1109,Capsakid,-34,-34,-45,-24,-52,-20,8017
1110,Scovillain,-19,12,-20,22,-27,5,2143
1111,Rellor,-43,-46,-25,-55,-34,-40,10371
1112,Rabsca,-9,-46,0,29,8,-25,3727
1113,Flittle,-54,-61,-55,-31,-62,5,14492
1114,Espathra,11,-36,-25,15,-32,35,4516
1115,Tinkatink,-34,-51,-40,-51,-28,-12,8886
1116,Tinkatuff,-19,-41,-30,-41,-10,8,4787
1117,Tinkaton,1,-21,-8,-16,13,24,1507
1118,Wiglett,-74,-41,-60,-51,-67,25,18472
1119,Wugtrio,-49,4,-35,-36,-22,50,7922
1120,Bombirdier,-14,7,0,-26,-7,12,1114
1121,Finizen,-14,-51,-45,-41,-52,5,9232
1122,Palafin,16,-26,-13,-33,-30,30,3990
1123,Palafin,16,64,12,20,-5,30,5821
1124,Varoom,-39,-26,-22,-56,-47,-23,8555
1125,Revavroom,-4,23,5,-32,-25,20,2619
1126,Cyclizar,-14,-1,-20,-1,-27,51,3928
1127,Orthworm,-14,-11,60,-26,-37,-5,5987
1128,Glimmet,-36,-61,-43,19,-32,-10,8351
1129,Glimmora,-1,-41,5,44,-11,16,4020
1130,Greavard,-34,-35,-25,-56,-37,-36,8807
1131,Houndstone,-12,5,15,-36,5,-2,1719
1132,Flamigo,-2,19,-11,-11,-28,20,1791
1133,Cetoddle,24,-28,-40,-56,-52,-27,9529
1134,Cetitan,86,17,-20,-41,-37,3,11144
1135,Veluza,6,6,-12,-8,-27,0,1009
1136,Dondozo,66,4,30,-21,-27,-35,7667
1137,Tatsugiri,-16,-46,-25,34,3,12,4306
1138,Annihilape,26,19,-5,-36,-2,20,2762
1139,Clodsire,46,-21,-25,-41,8,-50,7427
1140,Farigiraf,36,-6,-15,24,-22,-10,2717
1141,Dudunsparce,41,4,-5,-1,-17,-15,2237
1142,Kingambit,16,39,35,-26,-7,-20,4127
1143,Great Tusk,31,35,46,-33,-39,17,7201
1144,Scream Tail,31,-31,14,-21,23,41,4769
1145,Brute Bonnet,27,31,14,-7,7,-15,2209
1146,Flutter Mane,-29,-41,-30,49,43,65,11897
1147,Slither Wing,1,39,-6,-1,13,11,1849
1148,Sandy Shocks,1,-15,12,35,-7,31,2605
1149,Iron Treads,6,16,35,-14,-22,36,3493
1150,Iron Bundle,-28,-16,29,38,-32,66,8705
1151,Iron Hands,70,44,23,-36,-24,-20,9637
1152,Iron Jugulis,10,-16,1,36,-12,38,3241
1153,Iron Moth,-4,-26,-25,54,18,40,6157
1154,Iron Thorns,16,38,25,-16,-8,2,2649
1155,Frigibax,-19,-21,-40,-51,-47,-15,7437
1156,Arctibax,6,-1,-19,-41,-27,-8,2872
1157,Baxcalibur,31,49,7,-11,-6,17,3857
1158,Gimmighoul (Chest Form),-39,-66,-15,-11,-22,-60,10307
1159,Gimmighoul (Roaming Form),-39,-66,-60,-11,-47,10,11907
1160,Gholdengo,3,-36,10,47,-1,14,3811
1161,Wo-Chien,1,-11,15,9,43,0,2277
1162,Chien-Pao,-4,24,-5,4,-27,65,5587
1163,Ting-Lu,71,14,40,-31,-12,-25,8567
1164,Chi-Yu,-29,-16,-5,49,28,30,5207
1165,Roaring Moon,21,43,-14,-31,9,49,5929
1166,Iron Valiant,-10,34,5,34,-32,46,5577
1167,Koraidon,16,39,30,-1,8,65,6967
1168,Miraidon,16,-11,15,49,23,65,7757
