Helen Dunn vs. Pokemon SSE,pokemon,D_HP,D_ATK,D_DEF,D_SPA,D_SPD,D_SPE,SSE
0,Bulbasaur,-41,-29,-45,-4,-14,-28,5543
1,Ivysaur,-26,-16,-31,11,1,-13,2184
2,Venusaur,-6,4,-11,31,21,7,1624
3,Venusaur (Mega Venusaur),-6,22,29,53,41,7,5900
4,Charmander,-47,-26,-51,-9,-29,-8,6472
5,Charmeleon,-28,-14,-36,11,-14,7,2642
6,Charizard,-8,6,-16,40,6,27,2721
7,Charizard (Mega Charizard X),-8,52,17,61,6,27,7543
8,Charizard (Mega Charizard Y),-8,26,-16,90,36,27,11121
9,Squirtle,-42,-30,-29,-19,-15,-30,4991
10,Wartortle,-27,-15,-14,-4,1,-15,1392
11,Blastoise,-7,5,6,16,26,5,1067
12,Blastoise (Mega Blastoise),-7,25,26,66,36,5,7027
13,Caterpie,-41,-48,-59,-49,-59,-28,14132
14,Metapod,-36,-58,-39,-44,-54,-43,12882
15,Butterfree,-26,-33,-44,21,1,-3,4152
16,Weedle,-46,-43,-64,-49,-59,-23,14472
17,Kakuna,-41,-53,-44,-44,-54,-38,12722
18,Beedrill,-21,12,-54,-24,1,2,4082
19,Beedrill (Mega Beedrill),-21,72,-54,-54,1,72,16642
20,Pidgey,-46,-33,-54,-34,-44,-17,9502
21,Pidgeotto,-23,-18,-39,-19,-29,-2,3580
22,Pidgeot,-3,2,-19,1,-9,28,1240
23,Pidgeot (Mega Pidgeot),-3,2,-14,66,1,48,6870
24,Rattata,-56,-22,-59,-44,-44,-1,10974
25,Rattata (Alolan Rattata),-56,-22,-59,-44,-44,-1,10974
26,Raticate,-31,3,-34,-19,-9,24,3144
27,Raticate (Alolan Raticate),-11,-7,-24,-29,1,4,1604
28,Spearow,-46,-18,-64,-38,-48,-3,10293
29,Fearow,-21,12,-29,-8,-18,27,2543
30,Ekans,-51,-18,-50,-29,-25,-18,7215
31,Arbok,-26,17,-25,-4,0,7,1655
32,Pikachu,-51,-23,-54,-19,-29,17,7537
33,Pikachu (Partner Pikachu),-41,2,-44,6,-19,47,6227
34,Raichu,-26,12,-39,21,1,37,4152
35,Raichu (Alolan Raichu),-26,7,-44,26,6,37,4742
36,Sandshrew,-36,-3,-9,-49,-49,-33,7277
37,Sandshrew (Alolan Sandshrew),-36,-3,-4,-59,-44,-33,7827
38,Sandslash,-11,22,16,-24,-24,-8,2077
39,Sandslash (Alolan Sandslash),-11,22,26,-44,-14,-8,3477
40,Nidoran♀,-31,-31,-42,-29,-39,-32,7072
41,Nidorina,-16,-16,-27,-14,-24,-17,2302
42,Nidoqueen,4,14,-7,6,6,3,342
43,Nidoran♂,-40,-21,-54,-29,-39,-23,7848
44,Nidorino,-25,-6,-37,-14,-24,-8,2866
45,Nidoking,-5,24,-17,16,-4,12,1306
46,Clefairy,-16,-33,-46,-9,-14,-38,5182
47,Clefable,9,-8,-21,26,11,-13,1552
48,Vulpix,-48,-37,-54,-19,-14,-8,7210
49,Vulpix (Alolan Vulpix),-48,-37,-54,-19,-14,-8,7210
50,Ninetales,-13,-2,-19,12,21,27,1848
51,Ninetales (Alolan Ninetales),-13,-11,-19,12,21,36,2532
52,Jigglypuff,29,-33,-74,-24,-54,-53,13707
53,Wigglytuff,54,-8,-49,16,-29,-28,7262
54,Zubat,-46,-33,-59,-39,-39,-18,10052
55,Golbat,-11,2,-24,-4,-4,17,1022
56,Oddish,-41,-28,-39,6,-14,-43,6067
57,Gloom,-26,-13,-24,16,-4,-33,2782
58,Vileplume,-11,2,-9,41,11,-23,2537
59,Paras,-51,-8,-39,-24,-24,-48,7642
60,Parasect,-26,17,-14,-9,1,-43,3092
61,Venonat,-26,-23,-44,-29,-24,-28,5342
62,Venomoth,-16,-13,-34,21,-4,17,2327
63,Diglett,-76,-23,-69,-34,-34,22,13862
64,Diglett (Alolan Diglett),-76,-23,-64,-34,-34,17,13002
65,Dugtrio,-51,22,-44,-19,-9,47,7672
66,Dugtrio (Alolan Dugtrio),-51,22,-34,-19,-9,37,6052
67,Meowth,-46,-33,-59,-29,-39,17,9337
68,Meowth (Alolan Meowth),-46,-43,-59,-19,-39,17,9617
69,Meowth (Galarian Meowth),-36,-13,-39,-29,-39,-33,6437
70,Persian,-21,-8,-34,-4,-14,42,3637
71,Persian (Alolan Persian),-21,-18,-34,6,-14,42,3917
72,Psyduck,-36,-26,-46,-4,-29,-18,5269
73,Golduck,-6,4,-16,26,1,12,1129
74,Mankey,-46,2,-59,-34,-34,-3,7922
75,Primeape,-21,27,-34,-9,-9,22,2972
76,Growlithe,-31,-8,-49,1,-29,-13,4437
77,Growlithe (Hisuian Growlithe),-26,-3,-49,-4,-29,-18,4267
78,Arcanine,4,32,-14,31,1,22,2682
79,Arcanine (Hisuian Arcanine),9,37,-14,26,1,17,2612
80,Poliwag,-46,-28,-54,-29,-39,17,8467
81,Poliwhirl,-21,-13,-29,-19,-29,17,2942
82,Poliwrath,4,17,1,1,11,-3,437
83,Abra,-61,-58,-79,36,-24,17,15487
84,Kadabra,-46,-43,-64,51,-9,32,11767
85,Alakazam,-31,-28,-49,66,16,47,10967
86,Alakazam (Mega Alakazam),-31,-28,-29,106,26,77,20427
87,Machop,-16,2,-44,-34,-44,-38,6732
88,Machoke,-6,22,-24,-19,-19,-28,2602
89,Machamp,4,52,-14,-4,6,-18,3292
90,Bellsprout,-36,-3,-59,1,-49,-33,8277
91,Weepinbell,-21,12,-44,16,-34,-18,4257
92,Victreebel,-6,27,-29,31,-9,-3,2657
93,Tentacool,-46,-38,-59,-19,21,-3,7852
94,Tentacruel,-6,-8,-29,11,41,27,3472
95,Geodude,-46,2,6,-39,-49,-53,8887
96,Geodude (Alolan Geodude),-46,2,6,-39,-49,-53,8887
97,Graveler,-31,17,21,-24,-34,-38,4867
98,Graveler (Alolan Graveler),-31,17,21,-24,-34,-38,4867
99,Golem,-6,42,36,-14,-14,-28,4272
100,Golem (Alolan Golem),-6,42,36,-14,-14,-28,4272
101,Ponyta,-36,7,-39,-4,-14,17,3367
102,Ponyta (Galarian Ponyta),-36,7,-39,-4,-14,17,3367
103,Rapidash,-21,22,-24,11,1,32,2647
104,Rapidash (Galarian Rapidash),-21,22,-24,11,1,32,2647
105,Slowpoke,4,-13,-29,-29,-39,-58,6752
106,Slowpoke (Galarian Slowpoke),4,-13,-29,-29,-39,-58,6752
107,Slowbro,9,-3,16,31,1,-43,3157
108,Slowbro (Mega Slowbro),9,-3,86,61,1,-43,13057
109,Slowbro (Galarian Slowbro),9,22,1,31,-9,-43,3457
110,Magnemite,-61,-43,-24,26,-24,-28,8182
111,Magneton,-36,-18,1,51,-9,-3,4312
112,Farfetch'd,-34,12,-39,-11,-17,-13,3400
113,Farfetch'd (Galarian Farfetch'd),-34,17,-39,-11,-17,-18,3700
114,Doduo,-51,7,-49,-34,-44,2,8147
115,Dodrio,-26,32,-24,-9,-19,37,4087
116,Seel,-21,-33,-39,-24,-9,-28,4492
117,Dewgong,4,-8,-14,1,16,-3,542
118,Grimer,-6,2,-44,-29,-29,-48,5962
119,Grimer (Alolan Grimer),-6,2,-44,-29,-29,-48,5962
120,Muk,19,27,-19,-4,21,-23,2437
121,Muk (Alolan Muk),19,27,-19,-4,21,-23,2437
122,Shellder,-56,-13,6,-24,-54,-33,7922
123,Cloyster,-36,17,86,16,-34,-3,10402
124,Gastly,-56,-43,-64,31,-44,7,12027
125,Haunter,-41,-28,-49,46,-24,22,8042
126,Gengar,-26,-13,-34,61,-4,37,7107
127,Gengar (Mega Gengar),-26,-13,-14,101,16,57,14747
128,Onix,-51,-33,66,-39,-34,-3,10732
129,Drowzee,-26,-30,-49,-26,11,-31,5735
130,Hypno,-1,-5,-24,4,36,-6,1950
131,Krabby,-56,27,-4,-44,-54,-23,9262
132,Kingler,-31,52,21,-19,-29,2,5312
133,Voltorb,-46,-48,-44,-14,-24,27,7857
134,Voltorb (Hisuian Voltorb),-46,-48,-44,-14,-24,27,7857
135,Electrode,-26,-28,-24,11,1,77,8087
136,Electrode (Hisuian Electrode),-26,-28,-24,11,1,77,8087
137,Exeggcute,-26,-38,-14,-9,-34,-33,4642
138,Exeggutor,9,17,-9,56,-4,-18,3927
139,Exeggutor (Alolan Exeggutor),9,27,-9,56,-4,-28,4827
140,Cubone,-36,-28,1,-29,-29,-38,5207
141,Marowak,-26,2,16,-19,1,-28,2082
142,Marowak (Alolan Marowak),-26,2,16,-19,1,-28,2082
143,Hitmonlee,-36,42,-41,-34,31,14,7054
144,Hitmonchan,-36,27,-15,-34,31,3,4376
145,Lickitung,4,-23,-19,-9,-4,-43,2852
146,Koffing,-46,-13,1,-9,-34,-38,4967
147,Weezing,-21,12,26,16,-9,-13,1767
148,Weezing (Galarian Weezing),-21,12,26,16,-9,-13,1767
149,Rhyhorn,-6,7,1,-39,-49,-48,6312
150,Rhydon,19,52,26,-24,-34,-33,6562
151,Chansey,164,-73,-89,-34,26,-23,42507
152,Tangela,-21,-23,21,31,-39,-13,4062
153,Kangaskhan,19,17,-14,-29,1,17,1977
154,Kangaskhan (Mega Kangaskhan),19,47,6,-9,21,27,3857
155,Horsea,-56,-38,-24,1,-54,-13,8242
156,Seadra,-31,-13,1,26,-34,12,3107
157,Goldeen,-41,-11,-34,-34,-29,-10,5055
158,Seaking,-6,14,-29,-4,1,-5,1115
159,Staryu,-56,-33,-39,1,-24,12,6467
160,Starmie,-26,-3,-9,31,6,42,3527
161,Mr. Mime,-46,-33,-29,31,41,17,6977
162,Mr. Mime (Galarian Mr. Mime),-36,-13,-29,21,11,27,3597
163,Scyther,-16,32,-14,-14,1,32,2697
164,Jynx,-21,-28,-59,46,16,22,7562
165,Electabuzz,-21,5,-37,26,6,32,3571
166,Magmar,-21,17,-37,31,6,20,3496
167,Pinsir,-21,47,6,-14,-9,12,3107
168,Pinsir (Mega Pinsir),-21,77,26,-4,11,32,8207
169,Tauros,-11,22,1,-29,-9,37,2897
170,Tauros (Paldean Tauros (Combat Breed)),-11,32,11,-39,-9,27,3597
171,Tauros (Paldean Tauros (Blaze Breed)),-11,32,11,-39,-9,27,3597
172,Tauros (Paldean Tauros (Aqua Breed)),-11,32,11,-39,-9,27,3597
173,Magikarp,-66,-68,-39,-54,-59,7,16947
174,Gyarados,9,47,-15,-9,21,8,3101
175,Gyarados (Mega Gyarados),9,77,15,1,51,8,8901
176,Lapras,44,7,-14,16,16,-13,2862
177,Ditto,-38,-30,-46,-21,-31,-25,6487
178,Eevee,-31,-23,-44,-24,-14,-18,4522
179,Eevee (Partner Eevee),-21,-3,-24,-4,6,2,1082
180,Vaporeon,44,-13,-34,41,16,-8,5262
181,Jolteon,-21,-13,-34,41,16,57,6952
182,Flareon,-21,52,-34,26,31,-8,6002
183,Porygon,-21,-18,-24,16,-4,-33,2702
184,Omanyte,-51,-38,6,21,-24,-38,6542
185,Omastar,-16,-18,31,46,-9,-18,4062
186,Kabuto,-56,2,-4,-14,-34,-18,4832
187,Kabutops,-26,37,11,-4,-9,7,2312
188,Aerodactyl,-6,27,-29,-9,-4,57,4952
189,Aerodactyl (Mega Aerodactyl),-6,57,-9,1,16,77,9552
190,Snorlax,74,32,-29,-4,31,-43,10167
191,Articuno,4,7,6,26,46,12,3037
192,Articuno (Galarian Articuno),4,7,-9,56,21,22,4207
193,Zapdos,4,12,-9,56,11,27,4227
194,Zapdos (Galarian Zapdos),4,47,-4,16,11,27,3347
195,Moltres,4,22,-4,56,6,17,3977
196,Moltres (Galarian Moltres),4,7,-4,31,46,17,3447
197,Dratini,-45,-14,-49,-19,-29,-23,6353
198,Dragonair,-25,6,-29,1,-9,-3,1593
199,Dragonite,5,56,1,31,21,7,4613
200,Mewtwo,20,32,-4,85,11,57,12035
201,Mewtwo (Mega Mewtwo X),20,112,6,85,21,57,23895
202,Mewtwo (Mega Mewtwo Y),20,72,-24,125,41,67,27955
203,Mew,14,22,6,31,21,27,2847
204,Chikorita,-41,-29,-29,-20,-14,-28,4743
205,Bayleef,-26,-16,-14,-6,1,-13,1334
206,Meganium,-6,4,6,14,21,7,774
207,Cyndaquil,-47,-26,-51,-9,-29,-8,6472
208,Quilava,-28,-14,-36,11,-14,7,2642
209,Typhlosion,-8,6,-16,40,6,27,2721
210,Typhlosion (Hisuian Typhlosion),-13,6,-16,50,6,22,3481
211,Totodile,-36,-13,-30,-25,-31,-30,4851
212,Croconaw,-21,2,-14,-10,-16,-15,1222
213,Feraligatr,-1,27,6,10,4,5,907
214,Sentret,-51,-32,-60,-34,-34,-53,12346
215,Furret,-1,-2,-30,-24,-24,17,2346
216,Hoothoot,-26,-48,-64,-33,-23,-23,9223
217,Noctowl,14,-28,-44,17,17,-3,3503
218,Ledyba,-46,-58,-64,-29,1,-18,10742
219,Ledian,-31,-43,-44,-14,31,12,6047
220,Spinarak,-46,-18,-54,-29,-39,-43,9567
221,Ariados,-16,12,-24,-9,-9,-33,2227
222,Crobat,-1,12,-14,1,1,57,3592
223,Chinchou,-11,-40,-56,-13,-23,-6,5591
224,Lanturn,39,-20,-36,7,-3,-6,3311
225,Pichu,-66,-38,-79,-34,-44,-13,15302
226,Cleffa,-36,-53,-66,-24,-24,-58,12977
227,Igglybuff,4,-48,-79,-29,-59,-58,16247
228,Togepi,-51,-58,-29,-29,-14,-53,10652
229,Togetic,-31,-38,-9,11,26,-33,4372
230,Natu,-46,-28,-49,1,-34,-3,6467
231,Xatu,-21,-3,-24,26,-9,22,2267
232,Mareep,-31,-38,-54,-4,-34,-38,7937
233,Flaaffy,-16,-23,-39,11,-19,-28,3572
234,Ampharos,4,-3,-9,46,11,-18,2667
235,Ampharos (Mega Ampharos),4,17,11,96,31,-28,11387
236,Bellossom,-11,2,1,21,21,-23,1537
237,Marill,-16,-58,-44,-49,-29,-33,9887
238,Azumarill,14,-28,-14,-9,1,-23,1787
239,Sudowoodo,-16,22,21,-39,-14,-43,4747
240,Politoed,4,-3,-19,21,21,-3,1277
241,Hoppip,-51,-43,-54,-34,-24,-23,9627
242,Skiploom,-31,-33,-44,-24,-14,7,4807
243,Jumpluff,-11,-23,-24,-14,16,37,3047
244,Aipom,-31,-8,-39,-29,-24,12,4107
245,Sunkern,-56,-48,-64,-39,-49,-43,15307
246,Sunflora,-11,-3,-39,36,6,-43,4832
247,Yanma,-21,-13,-49,6,-34,22,4687
248,Wooper,-31,-33,-49,-44,-54,-58,12667
249,Wooper (Paldean Wooper),-31,-33,-49,-44,-54,-58,12667
250,Quagsire,9,7,-9,-4,-14,-38,1867
251,Espeon,-21,-13,-34,61,16,37,7112
252,Umbreon,9,-13,16,-9,51,-8,3252
253,Murkrow,-26,7,-52,16,-37,18,5378
254,Slowking,9,-3,-14,31,31,-43,4057
255,Slowking (Galarian Slowking),9,-13,-14,41,31,-43,4937
256,Misdreavus,-26,-18,-34,16,6,12,2592
257,Unown,-38,-6,-46,3,-31,-25,5191
258,Wobbuffet,104,-45,-36,-36,-21,-40,17474
259,Girafarig,-16,2,-29,21,-14,12,1882
260,Pineco,-36,-13,-4,-34,-44,-58,7937
261,Forretress,-11,12,46,-9,-19,-33,3912
262,Dunsparce,14,-8,-24,-4,-14,-28,1832
263,Gligar,-21,-3,11,-34,-14,12,2067
264,Steelix,-11,7,106,-14,-14,-43,13647
265,Steelix (Mega Steelix),-11,47,136,-14,16,-43,23127
266,Snubbull,-26,2,-44,-29,-39,-43,6827
267,Granbull,4,42,-19,-9,-19,-28,3367
268,Qwilfish,-21,17,-9,-14,-24,12,1727
269,Qwilfish (Hisuian Qwilfish),-21,17,-9,-14,-24,12,1727
270,Scizor,-16,52,6,-14,1,-8,3257
271,Scizor (Mega Scizor),-16,72,46,-4,21,2,8017
272,Shuckle,-66,-68,136,-59,151,-68,58382
273,Heracross,-6,47,-19,-29,16,12,3847
274,Heracross (Mega Heracross),-6,107,21,-29,26,2,13447
275,Sneasel,-31,17,-39,-34,-4,42,5707
276,Sneasel (Hisuian Sneasel),-31,17,-39,-34,-4,42,5707
277,Teddiursa,-26,2,-44,-19,-29,-33,4907
278,Ursaring,4,52,-19,6,-4,-18,3457
279,Slugma,-46,-38,-54,1,-39,-53,10807
280,Magcargo,-26,-28,26,21,1,-43,4427
281,Swinub,-36,-28,-54,-39,-49,-23,9447
282,Piloswine,14,22,-14,-9,-19,-23,1847
283,Corsola,-21,-23,1,-4,16,-38,2687
284,Corsola (Galarian Corsola),-26,-23,6,-4,21,-43,3547
285,Remoraid,-51,-13,-59,-4,-44,-8,8267
286,Octillery,-11,27,-19,36,-4,-28,3307
287,Delibird,-41,-23,-49,-4,-34,2,5787
288,Mantine,-1,-38,-24,11,61,-3,5872
289,Skarmory,-21,2,46,-29,-9,-3,3492
290,Houndour,-41,-18,-64,11,-29,-8,7127
291,Houndoom,-11,12,-44,41,1,22,4367
292,Houndoom (Mega Houndoom),-11,12,-4,71,11,42,7207
293,Kingdra,-11,17,1,26,16,12,1487
294,Phanpy,4,-18,-34,-29,-39,-33,4947
295,Donphan,4,42,26,-9,-19,-23,3427
296,Porygon2,-1,2,-4,36,16,-13,1742
297,Stantler,-13,17,-32,16,-14,12,2078
298,Smeargle,-31,-58,-59,-49,-34,2,11367
299,Tyrogue,-51,-43,-59,-34,-44,-38,12467
300,Hitmontop,-36,17,1,-34,31,-3,3712
301,Smoochum,-41,-48,-79,16,-14,-8,10742
302,Elekid,-41,-15,-57,-4,-24,22,6231
303,Magby,-41,-3,-57,1,-24,10,5616
304,Miltank,9,2,11,-29,-9,27,1857
305,Blissey,169,-68,-84,6,56,-18,43737
306,Raikou,4,7,-19,46,21,42,4747
307,Entei,29,37,-9,21,-4,27,3477
308,Suicune,14,-3,21,21,36,12,2527
309,Larvitar,-36,-14,-44,-24,-29,-32,5869
310,Pupitar,-16,6,-24,-4,-9,-22,1449
311,Tyranitar,14,56,16,26,21,-12,4849
312,Tyranitar (Mega Tyranitar),14,86,56,26,41,-2,13089
313,Lugia,20,12,36,21,75,37,9275
314,Ho-Oh,20,52,-4,41,75,17,10715
315,Celebi,14,22,6,31,21,27,2847
316,Treecko,-46,-33,-59,-4,-24,-3,7287
317,Grovyle,-36,-13,-49,16,-14,22,4802
318,Sceptile,-16,7,-29,36,6,47,4687
319,Sceptile (Mega Sceptile),-16,32,-19,76,6,72,12637
320,Torchic,-41,-18,-54,1,-29,-28,6547
321,Combusken,-26,7,-34,16,-19,-18,2822
322,Blaziken,-6,42,-24,41,-9,7,4187
323,Blaziken (Mega Blaziken),-6,82,-14,61,1,27,11407
324,Mudkip,-36,-8,-44,-19,-29,-33,5587
325,Marshtomp,-16,7,-24,-9,-9,-23,1572
326,Swampert,14,32,-4,16,11,-13,1782
327,Swampert (Mega Swampert),14,72,16,26,31,-3,7282
328,Poochyena,-51,-23,-59,-39,-49,-38,11977
329,Mightyena,-16,12,-24,-9,-19,-3,1427
330,Zigzagoon,-48,-48,-53,-39,-38,-13,10551
331,Zigzagoon (Galarian Zigzagoon),-48,-48,-53,-39,-38,-13,10551
332,Linoone,-8,-8,-33,-19,-18,27,2631
333,Linoone (Galarian Linoone),-8,-8,-33,-19,-18,27,2631
334,Wurmple,-41,-33,-59,-49,-49,-53,13862
335,Silcoon,-36,-43,-39,-44,-54,-58,12882
336,Beautifly,-26,-8,-44,31,-29,-8,4542
337,Cascoon,-36,-43,-39,-44,-54,-58,12882
338,Dustox,-26,-28,-24,-19,11,-8,2582
339,Lotad,-46,-48,-64,-29,-29,-43,12047
340,Lombre,-26,-28,-44,-9,-9,-23,4087
341,Ludicolo,-6,-8,-24,21,21,-3,1567
342,Seedot,-46,-38,-44,-39,-49,-43,11267
343,Nuzleaf,-16,-8,-54,-9,-39,-13,5007
344,Shiftry,4,22,-34,21,-19,7,2507
345,Taillow,-46,-23,-64,-39,-49,12,10807
346,Swellow,-26,7,-34,6,-29,52,5462
347,Wingull,-46,-48,-64,-14,-49,12,11257
348,Pelipper,-26,-28,6,26,-9,-8,2317
349,Ralts,-58,-53,-69,-24,-44,-33,14535
350,Kirlia,-48,-43,-59,-4,-24,-23,8755
351,Gardevoir,-18,-13,-29,56,36,7,5815
352,Gardevoir (Mega Gardevoir),-18,7,-29,96,56,27,14295
353,Surskit,-46,-48,-62,-19,-27,-8,9418
354,Masquerain,-16,-18,-32,31,3,7,2623
355,Shroomish,-26,-38,-34,-29,-19,-38,5922
356,Breloom,-26,52,-14,-9,-19,-3,4027
357,Slakoth,-26,-18,-34,-34,-44,-43,7097
358,Vigoroth,-6,2,-14,-14,-24,17,1297
359,Slaking,64,82,6,26,-14,27,12457
360,Nincada,-55,-33,-4,-39,-49,-33,9141
361,Ninjask,-25,12,-49,-19,-29,87,11941
362,Shedinja,-85,12,-49,-39,-49,-33,14781
363,Whismur,-22,-27,-71,-18,-56,-45,11739
364,Loudred,-2,-7,-51,2,-36,-25,4579
365,Exploud,18,13,-31,22,-6,-5,1999
366,Makuhita,-14,-18,-64,-49,-49,-48,11722
367,Hariyama,58,42,-34,-29,-19,-23,8015
368,Azurill,-36,-58,-54,-49,-39,-53,14307
369,Nosepass,-56,-33,41,-24,11,-43,8452
370,Skitty,-36,-33,-49,-34,-44,-23,8407
371,Delcatty,-16,-13,-29,-14,-24,17,2327
372,Sableye,-36,-3,-19,-4,-14,-23,2407
373,Sableye (Mega Sableye),-36,7,31,16,36,-53,6667
374,Mawile,-36,7,-9,-14,-24,-23,2727
375,Mawile (Mega Mawile),-36,27,31,-14,16,-23,3967
376,Aron,-36,-8,6,-29,-39,-43,5607
377,Lairon,-26,12,46,-19,-29,-33,5227
378,Aggron,-16,32,86,-9,-19,-23,9647
379,Aggron (Mega Aggron),-16,62,136,-9,1,-23,23207
380,Meditite,-56,-38,-39,-29,-24,-13,7687
381,Medicham,-26,-18,-19,-9,-4,7,1507
382,Medicham (Mega Medicham),-26,22,-9,11,6,27,2127
383,Electrike,-46,-33,-54,-4,-39,-8,7722
384,Manectric,-16,-3,-34,36,-19,32,4102
385,Manectric (Mega Manectric),-16,-3,-14,66,1,62,8662
386,Plusle,-26,-28,-54,16,-4,22,5132
387,Minun,-26,-38,-44,6,6,22,4612
388,Volbeat,-21,-5,-19,-22,6,12,1491
389,Illumise,-21,-31,-19,4,6,12,1959
390,Roselia,-36,-18,-49,31,1,-8,5047
391,Gulpin,-16,-35,-41,-26,-26,-33,5603
392,Swalot,14,-5,-11,4,4,-18,698
393,Carvanha,-41,12,-74,-4,-59,-8,10862
394,Sharpedo,-16,42,-54,26,-39,22,7617
395,Sharpedo (Mega Sharpedo),-16,62,-24,41,-14,32,7577
396,Wailmer,44,-8,-59,1,-44,-13,7587
397,Wailord,84,12,-49,21,-34,-13,11367
398,Numel,-26,-18,-54,-4,-34,-38,6532
399,Camerupt,-16,22,-24,36,-4,-33,3717
400,Camerupt (Mega Camerupt),-16,42,6,76,26,-53,11317
401,Torkoal,-16,7,46,16,-9,-53,5567
402,Spoink,-26,-53,-59,1,1,-13,7137
403,Grumpig,-6,-33,-29,21,31,7,3417
404,Spinda,-26,-18,-34,-9,-19,-13,2767
405,Trapinch,-41,22,-49,-24,-34,-63,10267
406,Vibrava,-36,-8,-44,-19,-29,-3,4507
407,Flygon,-6,22,-14,11,1,27,1567
408,Cacnea,-36,7,-54,16,-39,-38,7482
409,Cacturne,-16,37,-34,46,-19,-18,5582
410,Swablu,-41,-38,-34,-29,-4,-23,5667
411,Altaria,-11,-8,-4,1,26,7,927
412,Altaria (Mega Altaria),-11,32,16,41,26,7,3807
413,Zangoose,-13,37,-34,-9,-19,17,3425
414,Seviper,-13,22,-34,31,-19,-8,3195
415,Lunatone,4,-23,-29,26,6,-3,2107
416,Solrock,4,17,-9,-14,-14,-3,787
417,Barboach,-36,-30,-51,-23,-38,-13,6939
418,Whiscash,24,0,-21,7,-8,-13,1299
419,Corphish,-43,2,-29,-19,-44,-38,6435
420,Crawdaunt,-23,42,-9,21,-24,-18,3715
421,Baltoy,-46,-38,-39,-29,-9,-18,6327
422,Claydol,-26,-8,11,1,41,2,2547
423,Lileep,-20,-37,-17,-8,8,-50,4686
424,Cradily,0,3,3,12,28,-30,1846
425,Anorith,-41,17,-44,-29,-29,2,5592
426,Armaldo,-11,47,6,1,1,-28,3152
427,Feebas,-66,-63,-74,-59,-24,7,17907
428,Milotic,9,-18,-15,31,46,8,3771
429,Castform,-16,-8,-24,1,-9,-3,987
430,Kecleon,-26,12,-24,-9,41,-33,4247
431,Shuppet,-42,-3,-59,-6,-46,-28,8190
432,Banette,-22,37,-29,14,-16,-8,3210
433,Banette (Mega Banette),-22,87,-19,24,4,2,9010
434,Duskull,-66,-38,-4,-39,11,-48,9762
435,Dusclops,-46,-8,36,-9,51,-48,8462
436,Tropius,13,-10,-11,3,8,-22,947
437,Chimecho,-11,-28,-14,26,11,-8,1962
438,Absol,-21,52,-34,6,-19,2,4702
439,Absol (Mega Absol),-21,72,-34,46,-19,42,11022
440,Wynaut,9,-55,-46,-46,-31,-50,10799
441,Snorunt,-36,-28,-44,-19,-29,-23,5747
442,Glalie,-6,2,-14,11,1,7,407
443,Glalie (Mega Glalie),-6,42,-14,51,1,27,5327
444,Spheal,-16,-38,-44,-14,-29,-48,6977
445,Sealeo,4,-18,-24,6,-9,-28,1817
446,Walrein,24,2,-4,26,11,-8,1457
447,Clamperl,-51,-14,-9,5,-24,-41,5160
448,Huntail,-31,26,11,25,-4,-21,2840
449,Gorebyss,-31,6,11,45,-4,-21,3600
450,Relicanth,14,12,36,-24,-14,-18,2732
451,Luvdisc,-43,-48,-39,-29,-14,24,7287
452,Bagon,-41,-3,-34,-29,-49,-23,6617
453,Shelgon,-21,17,6,-9,-29,-23,2217
454,Salamence,9,57,-14,41,1,27,5937
455,Salamence (Mega Salamence),9,67,36,51,11,47,10797
456,Beldum,-46,-23,-14,-34,-19,-43,6207
457,Metang,-26,-3,6,-14,1,-23,1447
458,Metagross,-6,57,36,26,11,-3,5387
459,Metagross (Mega Metagross),-6,67,56,36,31,37,11287
460,Regirock,-6,22,106,-19,21,-23,13087
461,Regice,-6,-28,6,31,121,-23,16987
462,Registeel,-6,-3,56,6,71,-23,8787
463,Latias,-6,2,-4,41,51,37,5707
464,Latias (Mega Latias),-6,22,26,71,71,37,12647
465,Latios,-6,12,-14,61,31,37,6427
466,Latios (Mega Latios),-6,52,6,91,41,37,14107
467,Kyogre,14,22,-4,81,61,17,11267
468,Kyogre (Primal Kyogre),14,72,-4,111,81,17,24567
469,Groudon,14,72,46,31,11,17,8867
470,Groudon (Primal Groudon),14,102,66,81,11,17,21927
471,Rayquaza,19,72,-4,81,11,22,12727
472,Rayquaza (Mega Rayquaza),19,102,6,111,21,42,25327
473,Jirachi,14,22,6,31,21,27,2847
474,Deoxys (Normal Forme),-36,72,-44,81,-29,77,21747
475,Deoxys (Attack Forme),-36,102,-74,111,-59,77,38907
476,Deoxys (Defense Forme),-36,-8,66,1,81,17,12567
477,Deoxys (Speed Forme),-36,17,-4,26,11,107,13847
478,Turtwig,-31,-10,-30,-24,-24,-42,4877
479,Grotle,-11,11,-9,-14,-14,-37,2084
480,Torterra,9,31,11,6,6,-17,1524
481,Chimchar,-42,-20,-50,-11,-35,-12,6154
482,Monferno,-22,0,-42,9,-27,8,3122
483,Infernape,-10,26,-23,35,-8,35,3819
484,Piplup,-33,-27,-41,-8,-23,-33,5181
485,Prinplup,-22,-12,-26,12,-3,-23,1986
486,Empoleon,-2,8,-6,42,22,-13,2521
487,Starly,-46,-23,-64,-39,-49,-13,10832
488,Staravia,-31,-3,-44,-29,-39,7,5317
489,Staraptor,-1,42,-24,-19,-19,27,3792
490,Bidoof,-27,-33,-54,-34,-39,-42,9175
491,Bibarel,-7,7,-34,-14,-19,-2,1815
492,Kricketot,-49,-53,-53,-44,-38,-48,13703
493,Kricketune,-9,7,-43,-14,-28,-8,3023
494,Shinx,-41,-13,-60,-29,-45,-28,9100
495,Luxio,-26,7,-45,-9,-30,-13,3900
496,Luxray,-6,42,-15,26,0,-3,2710
497,Budew,-46,-48,-59,-19,-9,-18,8667
498,Roserade,-26,-8,-29,56,26,17,5682
499,Cranidos,-19,47,-54,-39,-49,-15,9633
500,Rampardos,11,87,-34,-4,-29,-15,9928
501,Shieldon,-56,-36,24,-27,9,-43,7667
502,Bastiodon,-26,-26,74,-22,59,-43,12642
503,Burmy,-46,-49,-49,-40,-34,-37,11043
504,Wormadam (Plant Cloak),-26,-19,-9,10,26,-37,3263
505,Wormadam (Sandy Cloak),-26,1,11,-10,6,-37,2303
506,Wormadam (Trash Cloak),-26,-9,1,0,16,-37,2383
507,Mothim,-16,16,-44,25,-29,-7,3963
508,Combee,-56,-48,-52,-39,-37,-3,11043
509,Vespiquen,-16,2,8,11,23,-33,2063
510,Pachirisu,-26,-33,-24,-24,11,22,3522
511,Buizel,-31,-13,-59,-9,-49,12,7237
512,Floatzel,-1,27,-39,16,-29,42,5112
513,Cherubi,-41,-43,-49,-7,-26,-38,8100
514,Cherrim,-16,-18,-24,18,-1,12,1625
515,Shellos,-10,-30,-46,-12,-17,-39,5070
516,Gastrodon,25,5,-26,23,3,-34,3020
517,Ambipom,-11,22,-28,-9,-13,42,3403
518,Drifloon,4,-28,-60,-9,-35,-3,5715
519,Drifblim,64,2,-50,21,-25,7,7715
520,Buneary,-31,-12,-50,-25,-23,12,4903
521,Lopunny,-21,-2,-10,-15,17,32,2083
522,Lopunny (Mega Lopunny),-21,58,0,-15,17,62,8163
523,Mismagius,-26,-18,-34,36,26,32,5152
524,Honchkrow,14,47,-42,36,-27,-2,6198
525,Glameow,-37,-23,-52,-27,-42,12,7239
526,Purugly,-15,4,-30,-5,-20,39,3087
527,Chingling,-41,-48,-44,-4,-29,-28,7562
528,Stunky,-23,-15,-47,-28,-38,1,5192
529,Skuntank,17,15,-27,2,-18,11,1692
530,Bronzor,-29,-54,-8,-45,7,-50,8395
531,Bronzong,-19,11,22,10,37,-40,4035
532,Bonsly,-36,2,1,-59,-34,-63,9907
533,Mime Jr.,-66,-53,-49,1,11,-13,9857
534,Happiny,14,-73,-89,-54,-14,-43,18407
535,Chatot,-10,-13,-49,23,-37,18,4892
536,Spiritomb,-36,14,14,23,29,-38,4502
537,Gible,-28,-8,-49,-29,-34,-31,6207
538,Gabite,-18,12,-29,-19,-24,9,2327
539,Garchomp,22,52,1,11,6,29,4187
540,Garchomp (Mega Garchomp),22,92,21,51,16,19,12607
541,Munchlax,49,7,-54,-29,6,-68,10867
542,Riolu,-46,-8,-54,-34,-39,-13,7942
543,Lucario,-16,32,-24,46,-9,17,4342
544,Lucario (Mega Lucario),-16,67,-6,71,-9,39,11424
545,Hippopotas,-18,-6,-16,-31,-37,-41,4627
546,Hippowdon,22,34,24,-1,-7,-26,2942
547,Skorupi,-46,-28,-4,-39,-24,-8,5077
548,Drapion,-16,12,16,-9,-4,22,1237
549,Croagunk,-38,-17,-54,-8,-39,-23,6763
550,Toxicroak,-3,28,-29,17,-14,12,2263
551,Carnivine,-12,22,-22,21,-7,-27,2331
552,Finneon,-37,-29,-38,-20,-18,-7,4427
553,Lumineon,-17,-9,-18,0,7,18,1067
554,Mantyke,-41,-58,-44,-9,41,-23,9272
555,Snover,-26,-16,-44,-7,-19,-33,4367
556,Abomasnow,4,14,-19,23,6,-13,1307
557,Abomasnow (Mega Abomasnow),4,54,11,63,26,-43,9547
558,Weavile,-16,42,-29,-24,6,52,6177
559,Magnezone,-16,-8,21,61,11,-13,4772
560,Lickilicky,24,7,1,11,16,-23,1532
561,Rhyperior,29,62,36,-14,-24,-33,7842
562,Tangrowth,14,22,31,41,-29,-23,4692
563,Electivire,-11,45,-27,26,6,22,4071
564,Magmortar,-11,17,-27,56,16,10,4631
565,Togekiss,-1,-28,1,51,36,7,4732
566,Yanmega,0,-2,-8,47,-23,22,3290
567,Leafeon,-21,32,36,-9,-14,22,3522
568,Glaceon,-21,-18,16,61,16,-8,5062
569,Gliscor,-11,17,31,-24,-4,22,2447
570,Mamoswine,24,52,-14,1,-19,7,3887
571,Porygon-Z,-1,2,-24,66,-4,17,5242
572,Gallade,-18,47,-29,-4,36,7,4735
573,Gallade (Mega Gallade),-18,87,1,-4,36,37,10575
574,Probopass,-26,-23,51,6,71,-33,9972
575,Dusknoir,-41,22,41,-4,56,-28,7782
576,Froslass,-16,2,-24,11,-9,37,2407
577,Rotom,-36,-28,-17,26,-2,18,3373
578,Rotom (Heat Rotom),-36,-13,13,36,28,13,3883
579,Rotom (Wash Rotom),-36,-13,13,36,28,13,3883
580,Rotom (Frost Rotom),-36,-13,13,36,28,13,3883
581,Rotom (Fan Rotom),-36,-13,13,36,28,13,3883
582,Rotom (Mow Rotom),-36,-13,13,36,28,13,3883
583,Uxie,-11,-3,36,6,51,22,4547
584,Mesprit,-6,27,11,36,26,7,2907
585,Azelf,-11,47,-24,56,-9,42,7887
586,Dialga,14,42,26,81,21,17,9927
587,Dialga (Origin Forme),14,22,26,81,41,17,9887
588,Palkia,4,42,6,81,41,27,10787
589,Palkia (Origin Forme),4,22,6,81,41,47,10987
590,Heatran,5,12,12,61,27,4,4779
591,Regigigas,24,82,16,11,31,27,9367
592,Giratina (Altered Forme),64,22,26,31,41,17,8187
593,Giratina (Origin Forme),64,42,6,51,21,17,9227
594,Cresselia,34,-8,26,6,51,12,4677
595,Phione,-6,2,-14,11,1,7,407
596,Manaphy,14,22,6,31,21,27,2847
597,Darkrai,-16,12,-4,66,11,52,7597
598,Shaymin (Land Forme),14,22,6,31,21,27,2847
599,Shaymin (Sky Forme),14,25,-19,51,-4,54,6715
600,Arceus,34,42,26,51,41,47,10087
601,Victini,14,22,6,31,21,27,2847
602,Snivy,-41,-33,-39,-24,-24,-10,5543
603,Servine,-26,-18,-19,-9,-4,10,1558
604,Serperior,-11,-3,1,6,16,40,2023
605,Tepig,-21,-15,-49,-24,-34,-28,5583
606,Pignite,4,15,-39,1,-24,-18,2663
607,Emboar,24,45,-29,31,-14,-8,4663
608,Oshawott,-31,-23,-49,-6,-34,-28,5867
609,Dewott,-11,-3,-34,14,-19,-13,2012
610,Samurott,9,22,-9,39,-9,-3,2257
611,Samurott (Hisuian Samurott),4,30,-14,31,-14,12,2413
612,Patrat,-41,-23,-55,-34,-40,-31,8952
613,Watchog,-26,7,-25,-9,-10,4,1547
614,Lillipup,-41,-18,-49,-44,-34,-18,7822
615,Herdier,-21,2,-29,-34,-14,-13,2807
616,Stoutland,-1,32,-4,-24,11,7,1787
617,Purrloin,-45,-28,-57,-19,-42,-7,8232
618,Liepard,-22,10,-44,19,-29,33,4811
619,Pansage,-36,-25,-46,-16,-31,-9,5335
620,Simisage,-11,20,-31,29,-16,28,3363
621,Pansear,-36,-25,-46,-16,-31,-9,5335
622,Simisear,-11,20,-31,29,-16,28,3363
623,Panpour,-36,-25,-46,-16,-31,-9,5335
624,Simipour,-11,20,-31,29,-16,28,3363
625,Munna,-10,-53,-49,-2,-24,-49,8291
626,Musharna,30,-23,-9,38,16,-44,5146
627,Pidove,-36,-23,-44,-33,-49,-30,8151
628,Tranquill,-24,-1,-32,-19,-37,-8,3395
629,Unfezant,-6,37,-14,-4,-24,20,2593
630,Blitzle,-41,-18,-62,-19,-47,3,8428
631,Zebstrika,-11,22,-31,11,-16,43,3792
632,Roggenrola,-31,-3,-9,-44,-54,-58,9267
633,Boldore,-16,27,11,-19,-39,-53,5797
634,Gigalith,-1,57,36,-9,1,-48,6932
635,Woobat,-21,-33,-51,-14,-36,-1,5624
636,Swoobat,-19,-21,-39,8,-24,41,4644
637,Drilbur,-26,7,-54,-39,-34,-5,6343
638,Excadrill,24,57,-34,-19,-14,15,5763
639,Audino,17,-18,-8,-9,7,-23,1336
640,Audino (Mega Audino),17,-18,32,11,47,-23,4496
641,Timburr,-11,2,-39,-44,-44,-38,6962
642,Gurdurr,-1,27,-9,-29,-29,-33,3582
643,Conkeldurr,19,62,1,-14,-14,-28,5382
644,Tympole,-36,-28,-54,-19,-39,-9,6959
645,Palpitoad,-11,-13,-39,-4,-24,-4,2419
646,Seismitoad,19,17,-19,16,-4,1,1284
647,Throh,34,22,-9,-39,6,-28,4062
648,Sawk,-11,47,-19,-39,-4,12,4372
649,Sewaddle,-41,-25,-24,-29,-19,-31,5045
650,Swadloon,-31,-15,-4,-19,1,-31,2525
651,Leavanny,-11,25,-14,1,1,19,1305
652,Venipede,-56,-33,-35,-39,-40,-16,8827
653,Whirlipede,-46,-23,5,-29,0,-26,4187
654,Scolipede,-26,22,-5,-14,-10,39,3002
655,Cottonee,-46,-51,-34,-32,-29,-7,7787
656,Whimsicott,-26,-11,-9,8,-4,43,2807
657,Petilil,-41,-43,-44,1,-29,-43,8157
658,Lilligant,-16,-18,-19,41,-4,17,2927
659,Lilligant (Hisuian Lilligant),-16,27,-19,-19,-4,32,2747
660,Basculin,-16,14,-29,11,-24,25,2615
661,Sandile,-36,-6,-59,-34,-44,-8,7969
662,Krokorok,-26,4,-49,-24,-34,1,4826
663,Krookodile,9,39,-14,-4,-9,19,2256
664,Darumaka,-16,12,-49,-54,-34,-23,7402
665,Darumaka (Galarian Darumaka),-16,12,-49,-54,-34,-23,7402
666,Darmanitan (Standard Mode),19,62,-39,-39,-24,22,8307
667,Darmanitan (Zen Mode),19,-48,11,71,26,-18,8827
668,Darmanitan (Galarian Standard Mode),19,62,-39,-39,-24,22,8307
669,Darmanitan (Galarian Zen Mode),19,82,-39,-39,-24,62,14547
670,Maractus,-11,8,-27,37,-12,-13,2596
671,Dwebble,-36,-13,-9,-34,-44,-18,4962
672,Crustle,-16,27,31,-4,-4,-28,2762
673,Scraggy,-36,-3,-24,-34,-9,-25,3743
674,Scrafty,-21,12,21,-24,36,-15,3123
675,Sigilyph,-14,-20,-14,34,1,24,2525
676,Yamask,-48,-48,-9,-14,-14,-43,6930
677,Yamask (Galarian Yamask),-48,-23,-9,-39,-14,-43,6480
678,Cofagrigus,-28,-28,51,26,26,-43,7370
679,Tirtouga,-32,0,9,-16,-34,-51,5118
680,Carracosta,-12,30,39,14,-14,-41,4638
681,Archen,-31,34,-49,5,-34,-3,5708
682,Archeops,-11,62,-29,43,-14,37,8220
683,Trubbish,-36,-28,-32,-29,-17,-8,4298
684,Garbodor,-6,17,-12,-9,3,2,563
685,Zorua,-46,-13,-54,11,-39,-8,6907
686,Zorua (Hisuian Zorua),-51,-18,-54,16,-39,-3,7627
687,Zoroark,-26,27,-34,51,-19,32,6547
688,Zoroark (Hisuian Zoroark),-31,22,-34,56,-19,37,7467
689,Minccino,-31,-28,-54,-29,-39,2,7027
690,Cinccino,-11,17,-34,-4,-19,42,3707
691,Gothita,-41,-48,-44,-14,-14,-28,7097
692,Gothorita,-26,-33,-24,6,6,-18,2737
693,Gothitelle,-16,-23,1,26,31,-8,2487
694,Solosis,-41,-48,-54,36,-29,-53,11847
695,Duosion,-21,-38,-44,56,-19,-43,9167
696,Reuniclus,24,-13,-19,56,6,-43,6127
697,Ducklett,-24,-34,-44,-25,-29,-18,5458
698,Swanna,-11,9,-31,18,-16,25,2368
699,Vanillite,-50,-28,-44,-4,-19,-29,6438
700,Vanillish,-35,-13,-29,11,-4,-14,2568
701,Vanilluxe,-15,17,-9,41,16,6,2568
702,Deerling,-26,-18,-44,-29,-29,2,4622
703,Sawsbuck,-6,22,-24,-9,-9,22,1742
704,Emolga,-31,-3,-34,6,-19,30,3423
705,Karrablast,-36,-3,-49,-29,-34,-13,5872
706,Escavalier,-16,57,11,-9,26,-53,7192
707,Foongus,-17,-23,-49,-14,-24,-58,7355
708,Amoonguss,28,7,-24,16,1,-43,3515
709,Frillish,-31,-38,-44,-4,6,-33,5482
710,Jellicent,14,-18,-24,16,26,-13,2197
711,Alomomola,79,-3,-14,-29,-34,-8,8507
712,Joltik,-36,-31,-44,-12,-29,-8,5242
713,Galvantula,-16,-1,-34,28,-19,35,3783
714,Ferroseed,-42,-28,-3,-45,7,-63,8600
715,Ferrothorn,-12,16,37,-15,37,-53,6172
716,Klink,-46,-23,-24,-24,-19,-43,6007
717,Klang,-26,2,1,1,6,-23,1247
718,Klinklang,-26,22,21,1,6,17,1927
719,Tynamo,-51,-23,-54,-24,-39,-13,8312
720,Eelektrik,-21,7,-24,6,-9,-33,2272
721,Eelektross,-1,37,-14,36,1,-23,3392
722,Elgyem,-31,-23,-39,16,-24,-43,5692
723,Beheeyem,-11,-3,-19,56,16,-33,4972
724,Litwick,-36,-48,-39,-4,-24,-53,8522
725,Lampent,-26,-38,-34,26,-19,-18,4637
726,Chandelure,-26,-23,-4,76,11,7,7167
727,Axew,-40,9,-34,-39,-39,-16,6135
728,Fraxure,-20,39,-24,-29,-29,-6,4215
729,Haxorus,-10,69,-4,-9,-9,24,5615
730,Cubchoo,-31,-8,-54,-9,-39,-33,6632
731,Beartic,9,52,-14,1,1,-23,3512
732,Cryogonal,-6,-28,-44,26,56,32,7592
733,Shelmet,-36,-38,-9,-29,-14,-48,6162
734,Accelgor,-6,-8,-54,31,-19,72,9522
735,Stunfisk,23,-12,-10,12,20,-41,2998
736,Stunfisk (Galarian Stunfisk),23,3,5,-3,5,-41,2278
737,Mienfoo,-41,7,-44,-14,-29,-8,4767
738,Mienshao,-21,47,-34,26,-19,32,5867
739,Druddigon,-9,42,-4,-9,11,-25,2688
740,Golett,-27,-4,-44,-34,-29,-38,6122
741,Golurk,3,46,-14,-14,1,-18,2842
742,Pawniard,-41,7,-24,-29,-39,-13,4837
743,Bisharp,-21,47,6,-9,-9,-3,2857
744,Bouffalant,9,32,1,-29,16,-18,2527
745,Rufflet,-16,5,-44,-32,-29,-13,4251
746,Braviary,14,45,-19,-12,-4,7,2791
747,Braviary (Hisuian Braviary),24,5,-24,43,-9,-8,3171
748,Vullaby,-16,-23,-19,-24,-14,-13,2087
749,Mandibuzz,24,-13,11,-14,16,7,1367
750,Heatmor,-1,19,-28,36,-13,-8,2675
751,Durant,-28,31,18,-21,-31,36,4767
752,Deino,-34,-13,-44,-24,-29,-35,5903
753,Zweilous,-14,7,-24,-4,-9,-15,1143
754,Hydreigon,6,27,-4,56,11,25,4663
755,Larvesta,-31,7,-39,-19,-24,-13,3637
756,Volcarona,-1,-18,-29,66,26,27,6927
757,Cobalion,5,12,35,21,-7,35,3109
758,Terrakion,5,51,-4,3,11,35,3997
759,Virizion,5,12,-22,21,50,35,4819
760,Tornadus (Incarnate Forme),-7,37,-24,56,1,38,6575
761,Tornadus (Therian Forme),-7,22,-14,41,11,48,4835
762,Thundurus (Incarnate Forme),-7,37,-24,56,1,38,6575
763,Thundurus (Therian Forme),-7,27,-24,76,1,28,7915
764,Reshiram,14,42,6,81,41,17,10527
765,Zekrom,14,72,26,51,21,17,9387
766,Landorus (Incarnate Forme),3,47,-4,46,1,28,5135
767,Landorus (Therian Forme),3,67,-4,36,1,18,6135
768,Kyurem,39,52,-4,61,11,22,8567
769,Kyurem (Black Kyurem),39,92,6,51,11,22,13227
770,Kyurem (White Kyurem),39,42,-4,101,21,22,14427
771,Keldeo,5,-6,-4,60,11,35,5023
772,Meloetta (Aria Forme),14,-1,-17,59,49,17,6657
773,Meloetta (Pirouette Forme),14,50,-4,8,-2,55,5805
774,Genesect,-15,42,1,51,16,26,5523
775,Chespin,-30,-17,-29,-21,-34,-35,4852
776,Quilladin,-25,0,1,-13,-21,-16,1492
777,Chesnaught,2,29,28,5,-4,-9,1751
778,Fennekin,-46,-33,-54,-7,-19,-13,6700
779,Braixen,-27,-19,-36,21,-9,0,2908
780,Delphox,-11,-9,-22,45,21,31,4113
781,Froakie,-45,-22,-54,-7,-35,-2,6703
782,Frogadier,-32,-15,-42,14,-23,24,4314
783,Greninja,-14,17,-27,34,-8,49,4835
784,Greninja (Ash-Greninja),-14,67,-27,84,-8,59,16015
785,Bunnelby,-48,-42,-56,-37,-43,-16,10678
786,Diggersby,-1,-22,-17,-19,-2,5,1164
787,Fletchling,-41,-28,-51,-29,-41,-11,7709
788,Fletchinder,-24,-5,-39,-13,-27,11,3141
789,Talonflame,-8,3,-23,5,-10,53,3536
790,Scatterbug,-48,-43,-54,-42,-54,-38,13193
791,Spewpa,-41,-56,-34,-42,-49,-44,12074
792,Vivillon,-6,-26,-44,21,-29,16,4186
793,Litleo,-24,-28,-36,4,-25,-1,3298
794,Pyroar,0,-10,-22,40,-13,33,3442
795,Flabébé,-42,-40,-55,-8,0,-31,7414
796,Floette,-32,-33,-47,6,19,-21,5160
797,Florges,-8,-13,-26,43,75,2,8387
798,Skiddo,-20,-13,-46,-7,-22,-21,3659
799,Gogoat,37,22,-32,28,2,-5,3690
800,Pancham,-19,4,-32,-23,-31,-30,3791
801,Pangoro,9,46,-16,0,-8,-15,2742
802,Furfrou,-11,2,-34,-4,11,29,2259
803,Espurr,-24,-30,-40,-6,-19,-5,3498
804,Meowstic,-12,-30,-18,14,2,31,2529
805,Honedge,-41,2,6,-34,-42,-45,6666
806,Doublade,-27,32,56,-24,-30,-38,7809
807,Aegislash (Shield Forme),-26,-28,46,-19,61,-13,7827
808,Aegislash (Blade Forme),-26,62,-44,71,-29,-13,12507
809,Spritzee,-8,-26,-34,-6,-14,-50,4628
810,Aromatisse,15,-6,-22,30,10,-44,3681
811,Swirlix,-24,-30,-28,-10,-22,-24,3420
812,Slurpuff,-4,2,-8,16,-4,-1,357
813,Inkay,-33,-24,-41,-32,-33,-28,6243
814,Malamar,0,14,-6,-1,-4,0,249
815,Binacle,-44,-26,-27,-30,-23,-23,5299
816,Barbaracle,-14,27,21,-15,7,-5,1665
817,Skrelp,-36,-18,-34,-9,-19,-43,5067
818,Dragalge,-21,-3,-4,28,44,-29,4027
819,Clauncher,-36,-25,-32,-11,-16,-29,4163
820,Clawitzer,-15,-5,-6,51,10,-14,3183
821,Helioptile,-42,-40,-61,-8,-36,-3,8454
822,Heliolisk,-24,-23,-42,40,15,36,5990
823,Tyrunt,-28,11,-17,-24,-34,-25,3551
824,Tyrantrum,-4,43,25,0,-20,-2,2894
825,Amaura,-9,-19,-44,-2,-16,-27,3367
826,Aurorus,37,-1,-22,30,13,-15,3148
827,Sylveon,9,-13,-29,41,51,-13,5542
828,Hawlucha,-8,14,-19,5,-16,45,2927
829,Dedenne,-19,-20,-37,12,-12,28,3202
830,Carbink,-36,-28,56,-19,71,-23,11147
831,Goomy,-41,-28,-59,-14,-4,-33,7247
832,Sliggoo,-18,-3,-41,14,34,-13,3535
833,Sliggoo (Hisuian Sliggoo),-28,-3,-11,14,34,-33,3355
834,Goodra,4,22,-24,41,71,7,7847
835,Goodra (Hisuian Goodra),-6,22,6,41,71,-13,7447
836,Klefki,-29,2,-3,11,8,2,1043
837,Phantump,-43,-8,-46,-19,-19,-35,5976
838,Trevenant,-1,32,-18,-4,3,-17,1663
839,Pumpkaboo (Small Size),-42,-12,-24,-25,-24,-17,3974
840,Pumpkaboo (Average Size),-37,-12,-24,-25,-24,-22,3774
841,Pumpkaboo (Large Size),-32,-12,-24,-25,-24,-27,3674
842,Pumpkaboo (Super Size),-27,-12,-24,-25,-24,-32,3674
843,Gourgeist (Small Size),-31,7,28,-11,-4,26,2607
844,Gourgeist (Average Size),-21,12,28,-11,-4,11,1627
845,Gourgeist (Large Size),-11,17,28,-11,-4,-4,1347
846,Gourgeist (Super Size),-1,22,28,-11,-4,-19,1767
847,Bergmite,-31,-9,-9,-37,-44,-45,6453
848,Avalugg,9,39,90,-25,-33,-45,13441
849,Avalugg (Hisuian Avalugg),9,49,90,-35,-43,-35,14881
850,Noibat,-46,-48,-59,-24,-39,-18,10322
851,Noivern,-1,-8,-14,28,1,50,3546
852,Xerneas,40,53,1,62,19,26,9291
853,Yveltal,40,53,1,62,19,26,9291
854,Zygarde (50% Forme),22,22,27,12,16,22,2581
855,Zygarde (10% Forme),-32,22,-23,-8,6,42,3901
856,Zygarde (Complete Forme),130,22,27,22,16,12,18997
857,Diancie,-36,22,56,31,71,-23,11447
858,Diancie (Mega Diancie),-36,82,16,91,31,37,18887
859,Hoopa (Hoopa Confined),-6,32,-34,81,51,-3,11387
860,Hoopa (Hoopa Unbound),-6,82,-34,101,51,7,20767
861,Volcanion,-6,32,26,61,11,-3,5587
862,Rowlet,-18,-23,-39,-19,-29,-31,4537
863,Dartrix,-8,-3,-19,1,-9,-21,957
864,Decidueye,-8,29,-19,31,21,-3,2677
865,Decidueye (Hisuian Decidueye),2,34,-14,26,16,-13,2457
866,Litten,-41,-13,-54,-9,-39,-3,6377
867,Torracat,-21,7,-44,11,-29,17,3677
868,Incineroar,9,37,-4,11,11,-13,1877
869,Popplio,-36,-24,-40,-3,-23,-33,5099
870,Brionne,-26,-9,-25,22,2,-23,2399
871,Primarina,-6,-4,-20,57,37,-13,5239
872,Pikipek,-51,-3,-64,-39,-49,-8,10692
873,Trumbeak,-31,7,-44,-29,-29,2,4632
874,Toucannon,-6,42,-19,6,-4,-13,2382
875,Yungoos,-38,-8,-64,-39,-49,-28,10310
876,Gumshoos,2,32,-34,-14,-19,-28,3525
877,Grubbin,-39,-16,-49,-14,-34,-27,6259
878,Charjabug,-29,4,1,-14,-4,-37,2439
879,Vikavolt,-9,-8,-4,76,-4,-30,6853
880,Crabrawler,-39,4,-37,-27,-32,-10,4759
881,Crabominable,11,54,-17,-7,-12,-30,4419
882,Oricorio,-11,-8,-24,29,-9,20,2083
883,Cutiefly,-46,-33,-54,-14,-39,11,7959
884,Ribombee,-26,-23,-34,26,-9,51,5719
885,Rockruff,-41,-13,-54,-39,-39,-13,7977
886,Lycanroc (Midday Form),-11,37,-29,-14,-14,39,4244
887,Lycanroc (Midnight Form),-1,37,-19,-14,-4,9,2024
888,Lycanroc (Dusk Form),-11,39,-29,-14,-14,37,4244
889,Wishiwashi (Solo Form),-41,-58,-74,-44,-54,-33,16462
890,Wishiwashi (School Form),-41,62,36,71,56,-43,16847
891,Mareanie,-36,-25,-32,-26,-27,-28,5134
892,Toxapex,-36,-15,58,-16,63,-38,10554
893,Mudbray,-16,22,-24,-24,-24,-28,3252
894,Mudsdale,14,47,6,-14,6,-38,4117
895,Dewpider,-48,-38,-42,-29,-7,-46,8518
896,Araquanid,-18,-8,-2,-19,53,-31,4523
897,Fomantis,-46,-23,-59,-19,-44,-38,9867
898,Lurantis,-16,27,-4,11,11,-28,2027
899,Morelull,-46,-43,-39,-4,-4,-58,8882
900,Shiinotic,-26,-33,-14,21,21,-43,4692
901,Salandit,-38,-34,-54,2,-39,4,7057
902,Salazzle,-18,-14,-34,42,-19,44,5737
903,Stufful,-16,-3,-44,-24,-29,-23,4147
904,Bewear,34,47,-14,-14,-19,-13,4287
905,Bounsweet,-44,-48,-56,-39,-41,-41,12259
906,Steenee,-34,-38,-46,-29,-31,-11,6639
907,Tsareena,-14,42,4,-19,19,-1,2699
908,Comfey,-35,-26,-4,13,31,27,3776
909,Oranguru,4,-18,-14,21,31,-13,2107
910,Passimian,14,42,-4,-29,-19,7,3227
911,Wimpod,-61,-43,-54,-49,-49,7,13337
912,Golisopod,-11,47,46,-9,11,-33,5737
913,Sandygast,-31,-23,-14,1,-34,-58,6207
914,Palossand,-1,-3,16,31,-4,-38,2687
915,Pyukumuku,-31,-18,36,-39,51,-68,11327
916,Type: Null,9,17,1,26,16,-14,1499
917,Silvally,9,17,1,26,16,22,1787
918,Minior (Meteor Form),-26,-18,6,-9,21,-13,1727
919,Minior (Core),-26,22,-34,31,-19,47,5847
920,Komala,-21,37,-29,6,16,-8,3007
921,Turtonator,-26,0,41,22,6,-37,4246
922,Togedemaru,-21,20,-31,-29,-6,23,3208
923,Mimikyu,-31,12,-14,-19,26,23,2867
924,Bruxish,-18,27,-24,1,-9,19,2072
925,Drampa,-8,-18,-9,66,12,-37,6338
926,Dhelmise,-16,53,6,17,11,-33,4600
927,Jangmo-o,-41,-23,-29,-24,-34,-28,5567
928,Hakamo-o,-31,-3,-4,-4,-9,-8,1147
929,Kommo-o,-11,32,31,31,26,12,3887
930,Tapu Koko,-16,37,-9,26,-4,57,5647
931,Tapu Lele,-16,7,-19,61,36,22,6167
932,Tapu Bulu,-16,52,21,16,16,2,3917
933,Tapu Fini,-16,-3,21,26,51,12,4127
934,Cosmog,-43,-49,-63,-40,-48,-36,13419
935,Cosmoem,-43,-49,37,-40,52,-36,11219
936,Solgaleo,51,59,13,44,10,24,8863
937,Lunala,51,35,-5,68,28,24,9835
938,Nihilego,23,-25,-47,58,52,30,10331
939,Buzzwole,21,61,45,-16,-26,6,7155
940,Pheromosa,-15,59,-57,68,-42,78,19427
941,Xurkitree,-3,11,-23,104,-8,10,11639
942,Celesteela,11,23,9,38,22,-12,2803
943,Kartana,-27,103,37,-10,-48,36,16407
944,Guzzlord,137,23,-41,28,-26,-30,23339
945,Necrozma,11,29,7,58,10,6,4511
946,Necrozma (Dusk Mane Necrozma),11,79,33,44,30,4,10303
947,Necrozma (Dawn Wings Necrozma),11,35,15,88,48,4,11635
948,Necrozma (Ultra Necrozma),11,89,3,98,18,56,21115
949,Magearna,-6,17,21,61,36,-8,5847
950,Marshadow,4,47,-14,21,11,52,5687
951,Poipole,-19,-5,-27,4,-12,0,1275
952,Naganadel,-13,-5,-21,58,-6,48,6339
953,Stakataka,-25,53,117,-16,22,-60,21463
954,Blacephalon,-33,49,-41,82,0,34,13051
955,Zeraora,2,34,-19,33,1,70,7511
956,Meltan,-40,-13,-29,-14,-44,-39,6263
957,Melmetal,49,65,49,11,-14,-39,10865
958,Grookey,-36,-13,-44,-29,-39,-8,5827
959,Thwackey,-16,7,-24,-14,-19,7,1487
960,Rillaboom,14,47,-4,-9,-9,12,2727
961,Scorbunny,-36,-7,-54,-29,-39,-4,6639
962,Raboot,-21,8,-34,-14,-19,21,2659
963,Cinderace,-6,38,-19,-4,-4,46,3989
964,Sobble,-36,-38,-54,1,-39,-3,7187
965,Drizzile,-21,-18,-39,26,-24,17,3827
966,Inteleon,-16,7,-29,56,-14,47,6687
967,Skwovet,-16,-23,-39,-34,-44,-48,7702
968,Greedent,34,17,1,-14,-4,-53,4467
969,Rookidee,-48,-31,-59,-36,-44,-16,10234
970,Corvisquire,-18,-11,-39,-26,-24,4,3234
971,Corviknight,12,9,11,-16,6,-6,674
972,Blipbug,-61,-58,-74,-44,-34,-28,16437
973,Dottler,-36,-43,-14,-19,11,-43,5672
974,Orbeetle,-26,-33,16,11,41,17,4112
975,Nickit,-46,-50,-66,-22,-27,-23,10714
976,Thievul,-16,-20,-36,18,13,17,2734
977,Gossifleur,-46,-38,-34,-29,-19,-63,9887
978,Eldegoss,-26,-28,-4,11,41,-13,3447
979,Wooloo,-44,-38,-39,-29,-34,-25,7523
980,Dubwool,-14,2,6,-9,11,15,663
981,Chewtle,-36,-14,-44,-31,-41,-29,6911
982,Drednaw,4,37,-4,-21,-11,1,1964
983,Yamper,-27,-33,-44,-29,-29,-47,7645
984,Boltund,-17,12,-34,21,-19,48,4695
985,Rolycoly,-56,-38,-44,-29,-29,-43,10047
986,Carkol,-6,-18,-4,-9,-9,-23,1067
987,Coalossal,24,2,26,11,11,-43,3347
988,Applin,-46,-38,-14,-29,-39,-53,8927
989,Flapple,-16,32,-14,26,-19,-3,2522
990,Appletun,24,7,-14,31,1,-43,3632
991,Silicobra,-34,-21,-19,-34,-29,-27,4684
992,Sandaconda,-14,29,31,-4,-9,-2,2099
993,Cramorant,-16,7,-39,16,16,12,2482
994,Arrokuda,-45,-15,-54,-29,-49,-7,8457
995,Barraskewda,-25,45,-34,-9,-29,63,8697
996,Toxel,-46,-40,-59,-15,-44,-33,10447
997,Toxtricity,-11,20,-24,45,-9,2,3207
998,Sizzlipede,-36,-13,-49,-19,-29,-28,5852
999,Centiskorch,14,37,-29,21,11,-8,3032
1000,Clobbopus,-36,-10,-34,-19,-29,-41,5435
1001,Grapploct,-6,40,-4,1,1,-31,2615
1002,Sinistea,-46,-33,-49,5,-25,-23,6785
1003,Polteageist,-26,-13,-29,65,35,-3,7145
1004,Hatenna,-44,-48,-49,-13,-26,-34,8642
1005,Hattrem,-29,-38,-29,17,-6,-24,4027
1006,Hatterene,-29,12,1,67,24,-44,7987
1007,Impidimp,-41,-33,-64,-14,-39,-23,9112
1008,Morgrem,-21,-18,-49,6,-24,-3,3787
1009,Grimmsnarl,9,42,-29,26,-4,-13,3547
1010,Obstagoon,7,12,7,-9,2,22,811
1011,Perrserker,-16,32,6,-19,-19,-23,2567
1012,Cursola,-26,17,-44,76,51,-43,13127
1013,Sirfetch'd,-24,57,1,-1,3,-8,3900
1014,Mr. Rime,-6,7,-19,41,21,-3,2577
1015,Runerigus,-28,17,51,-19,26,-43,6560
1016,Milcery,-41,-38,-54,-19,-18,-39,8247
1017,Alcremie,-21,-18,-19,41,42,-9,4652
1018,Falinks,-21,22,6,1,-19,2,1327
1019,Pincurchin,-38,23,1,22,6,-58,5858
1020,Snom,-56,-53,-59,-24,-49,-53,15212
1021,Frosmoth,-16,-13,-34,56,11,-8,4902
1022,Stonjourner,14,47,41,-49,-59,-3,9977
1023,Eiscue (Ice Face),-11,2,16,-4,11,-23,1047
1024,Eiscue (Noice Face),-11,2,-24,-4,-29,57,4807
1025,Indeedee (Male),-26,-13,-39,36,16,22,4402
1026,Indeedee (Female),-16,-23,-29,26,26,12,3122
1027,Morpeko,-28,17,-36,1,-21,24,3387
1028,Cufant,-14,2,-45,-29,-30,-33,5055
1029,Copperajah,36,52,-25,11,-10,-43,6695
1030,Dracozolt,4,22,-4,11,-9,2,722
1031,Arctozolt,4,22,-4,21,1,-18,1282
1032,Dracovish,4,12,6,1,1,2,202
1033,Arctovish,4,12,6,11,11,-18,762
1034,Duraludon,-16,17,21,51,-29,12,4572
1035,Dreepy,-58,-18,-64,-29,-49,9,11107
1036,Drakloak,-18,2,-44,-9,-29,29,4027
1037,Dragapult,2,42,-19,31,-4,69,7867
1038,Zacian (Hero of Many Battles),6,42,21,11,36,65,7883
1039,Zacian (Crowned Sword),6,72,21,11,36,75,12703
1040,Zamazenta (Hero of Many Battles),6,42,21,11,36,65,7883
1041,Zamazenta (Crowned Shield),6,42,46,11,61,55,10783
1042,Eternatus,54,7,1,76,16,57,12247
1043,Eternatus (Eternamax Eternatus),169,37,156,56,171,57,89892
1044,Kubfu,-26,12,-34,-16,-29,-1,3074
1045,Urshifu,14,52,6,-6,-19,24,3909
1046,Zarude,19,42,11,1,16,32,3527
1047,Regieleki,-6,22,-44,31,-29,127,20387
1048,Regidrago,114,22,-44,31,-29,7,17267
1049,Glastrier,14,67,36,-4,31,-43,8807
1050,Spectrier,14,-13,-34,76,1,57,10547
1051,Calyrex,14,2,-14,11,1,7,567
1052,Calyrex (Ice Rider Calyrex),14,87,56,16,51,-23,14287
1053,Calyrex (Shadow Rider Calyrex),14,7,-14,96,21,77,16027
1054,Wyrdeer,17,27,-22,36,-4,-8,2878
1055,Kleavor,-16,57,1,-24,-9,12,4307
1056,Ursaluna,44,62,11,-24,1,-23,7007
1057,Basculegion (Male),34,34,-29,11,-4,5,3315
1058,Basculegion (Female),34,14,-29,31,-4,5,3195
1059,Sneasler,-6,52,-34,-29,1,47,6947
1060,Overqwil,-1,37,1,-4,-14,12,1727
1061,Enamorus (Incarnate Forme),-12,37,-24,66,1,33,7535
1062,Enamorus (Therian Forme),-12,37,16,66,21,-27,7295
1063,Sprigatito,-46,-17,-40,-24,-34,-8,5801
1064,Floragato,-25,2,-31,-9,-16,10,2027
1065,Meowscarada,-10,32,-24,12,-9,50,4425
1066,Fuecoco,-19,-33,-35,-6,-39,-37,5601
1067,Crocalor,-5,-23,-16,21,-21,-24,2268
1068,Skeledirge,18,-3,6,41,-4,-7,2115
1069,Quaxly,-31,-13,-49,-19,-34,-23,5577
1070,Quaxwell,-16,7,-29,-4,-19,-8,1587
1071,Quaquaval,-1,42,-14,16,-4,12,2377
1072,Lechonk,-32,-33,-54,-34,-34,-38,8785
1073,Oinkologne (Male),24,22,-19,-10,1,-8,1586
1074,Oinkologne (Female),29,12,-24,-10,11,-8,1846
1075,Tarountula,-51,-37,-49,-40,-39,-53,12301
1076,Spidops,-26,1,-2,-17,7,-38,2463
1077,Nymble,-53,-32,-54,-48,-54,-28,12753
1078,Lokix,-15,24,-16,-17,-24,19,2283
1079,Pawmi,-41,-28,-74,-29,-54,-13,11867
1080,Pawmo,-26,-3,-54,-19,-39,12,5627
1081,Pawmot,-16,37,-24,1,-19,32,3587
1082,Tandemaus,-36,-28,-49,-29,-34,2,6482
1083,Maushold,-12,-3,-24,-4,-4,38,2205
1084,Fidough,-49,-23,-24,-39,-24,-8,5667
1085,Dachsbun,-29,2,21,-19,1,22,2132
1086,Smoliv,-45,-43,-49,-11,-28,-43,9029
1087,Dolliv,-34,-25,-34,9,-1,-40,4619
1088,Arboliva,-8,-9,-4,56,30,-34,5353
1089,Squawkabilly,-4,18,-43,-24,-28,19,3910
1090,Nacli,-31,-23,-19,-34,-44,-48,7247
1091,Naclstack,-26,-18,6,-34,-14,-38,3832
1092,Garganacl,14,22,36,-24,11,-38,4117
1093,Charcadet,-46,-28,-54,-19,-39,-38,9142
1094,Armarouge,-1,-18,6,56,1,2,3502
1095,Ceruledge,-11,47,-14,-9,21,12,3192
1096,Tadbulb,-25,-47,-53,-10,-44,-28,8463
1097,Bellibolt,23,-14,-3,34,4,-28,2690
1098,Wattrel,-46,-38,-59,-14,-39,-3,8767
1099,Kilowattrel,-16,-8,-34,36,-19,52,5837
1100,Maschiff,-26,0,-34,-29,-28,-22,3941
1101,Mabosstiff,-6,42,-4,-9,-9,12,2122
1102,Shroodle,-46,-13,-59,-29,-44,2,8547
1103,Grafaiai,-23,17,-29,11,-7,37,3198
1104,Bramblin,-46,-13,-64,-24,-44,-13,9062
1105,Brambleghast,-31,37,-24,11,-9,17,3397
1106,Toedscool,-46,-38,-59,-19,21,-3,7852
1107,Toedscruel,-6,-8,-29,11,41,27,3472
1108,Klawf,-16,22,21,-34,-24,2,2917
1109,Capsakid,-36,-16,-54,-7,-39,-23,6567
1110,Scovillain,-21,30,-29,39,-14,2,3903
1111,Rellor,-45,-28,-34,-38,-21,-43,7699
1112,Rabsca,-11,-28,-9,46,21,-28,4327
1113,Flittle,-56,-43,-64,-14,-49,2,11682
1114,Espathra,9,-18,-34,32,-19,32,3970
1115,Tinkatink,-36,-33,-49,-34,-15,-15,6392
1116,Tinkatuff,-21,-23,-39,-24,3,5,3101
1117,Tinkaton,-1,-3,-17,1,26,21,1417
1118,Wiglett,-76,-23,-69,-34,-54,22,15622
1119,Wugtrio,-51,22,-44,-19,-9,47,7672
1120,Bombirdier,-16,25,-9,-9,6,9,1160
1121,Finizen,-16,-33,-54,-24,-39,2,6362
1122,Palafin,14,-8,-22,-16,-17,27,2018
1123,Palafin,14,82,3,37,8,27,9091
1124,Varoom,-41,-8,-31,-39,-34,-26,6059
1125,Revavroom,-6,41,-4,-15,-12,17,2391
1126,Cyclizar,-16,17,-29,16,-14,48,4142
1127,Orthworm,-16,7,51,-9,-24,-8,3627
1128,Glimmet,-38,-43,-52,36,-19,-13,7823
1129,Glimmora,-3,-23,-4,61,2,13,4448
1130,Greavard,-36,-17,-34,-39,-24,-39,6359
1131,Houndstone,-14,23,6,-19,18,-5,1471
1132,Flamigo,-4,37,-20,6,-15,17,2335
1133,Cetoddle,22,-10,-49,-39,-39,-30,6927
1134,Cetitan,84,35,-29,-24,-24,0,10274
1135,Veluza,4,24,-21,9,-14,-3,1319
1136,Dondozo,64,22,21,-4,-14,-38,6677
1137,Tatsugiri,-18,-28,-34,51,16,9,5202
1138,Annihilape,24,37,-14,-19,11,17,2912
1139,Clodsire,44,-3,-34,-24,21,-53,6927
1140,Farigiraf,34,12,-24,41,-9,-13,3807
1141,Dudunsparce,39,22,-14,16,-4,-18,2797
1142,Kingambit,14,57,26,-9,6,-23,4767
1143,Great Tusk,29,53,37,-16,-26,14,6147
1144,Scream Tail,29,-13,5,-4,36,38,3791
1145,Brute Bonnet,25,49,5,10,20,-18,3875
1146,Flutter Mane,-31,-23,-39,66,56,62,14347
1147,Slither Wing,-1,57,-15,16,26,8,4471
1148,Sandy Shocks,-1,3,3,52,6,28,3543
1149,Iron Treads,4,34,26,3,-9,33,3027
1150,Iron Bundle,-30,2,20,55,-19,63,8659
1151,Iron Hands,68,62,14,-19,-11,-23,9675
1152,Iron Jugulis,8,2,-8,53,1,35,4167
1153,Iron Moth,-6,-8,-34,71,31,37,8627
1154,Iron Thorns,14,56,16,1,5,-1,3615
1155,Frigibax,-21,-3,-49,-34,-34,-18,5487
1156,Arctibax,4,17,-28,-24,-14,-11,1982
1157,Baxcalibur,29,67,-2,6,7,14,5615
1158,Gimmighoul (Chest Form),-41,-48,-24,6,-9,-63,8647
1159,Gimmighoul (Roaming Form),-41,-48,-69,6,-34,7,9987
1160,Gholdengo,1,-18,1,64,12,11,4687
1161,Wo-Chien,-1,7,6,26,56,-3,3907
1162,Chien-Pao,-6,42,-14,21,-14,62,6477
1163,Ting-Lu,69,32,31,-14,1,-28,7727
1164,Chi-Yu,-31,2,-14,66,41,27,7927
1165,Roaring Moon,19,61,-23,-14,22,46,7407
1166,Iron Valiant,-12,52,-4,51,-19,43,7675
1167,Koraidon,14,57,21,16,21,62,8427
1168,Miraidon,14,7,6,66,36,62,9777
