Ann Hall vs. Pokemon SSE,pokemon,D_HP,D_ATK,D_DEF,D_SPA,D_SPD,D_SPE,SSE
0,Bulbasaur,-41,-37,-45,-24,-31,-13,6781
1,Ivysaur,-26,-24,-31,-9,-16,2,2554
2,Venusaur,-6,-4,-11,11,4,22,794
3,Venusaur (Mega Venusaur),-6,14,29,33,24,22,3222
4,Charmander,-47,-34,-51,-29,-46,7,8972
5,Charmeleon,-28,-22,-36,-9,-31,22,4090
6,Charizard,-8,-2,-16,20,-11,42,2609
7,Charizard (Mega Charizard X),-8,44,17,41,-11,42,5855
8,Charizard (Mega Charizard Y),-8,18,-16,70,19,42,7669
9,Squirtle,-42,-38,-29,-39,-32,-15,6819
10,Wartortle,-27,-23,-14,-24,-16,0,2286
11,Blastoise,-7,-3,6,-4,9,20,591
12,Blastoise (Mega Blastoise),-7,17,26,46,19,20,3891
13,Caterpie,-41,-56,-59,-69,-76,-13,19004
14,Metapod,-36,-66,-39,-64,-71,-28,17094
15,Butterfree,-26,-41,-44,1,-16,12,4694
16,Weedle,-46,-51,-64,-69,-76,-8,19414
17,Kakuna,-41,-61,-44,-64,-71,-23,17004
18,Beedrill,-21,4,-54,-44,-16,17,5854
19,Beedrill (Mega Beedrill),-21,64,-54,-74,-16,87,20754
20,Pidgey,-46,-41,-54,-54,-61,-2,13354
21,Pidgeotto,-23,-26,-39,-39,-46,13,6532
22,Pidgeot,-3,-6,-19,-19,-26,43,3292
23,Pidgeot (Mega Pidgeot),-3,-6,-14,46,-16,63,6582
24,Rattata,-56,-30,-59,-64,-61,14,15530
25,Rattata (Alolan Rattata),-56,-30,-59,-64,-61,14,15530
26,Raticate,-31,-5,-34,-39,-26,39,5860
27,Raticate (Alolan Raticate),-11,-15,-24,-49,-16,19,3940
28,Spearow,-46,-26,-64,-58,-65,12,14621
29,Fearow,-21,4,-29,-28,-35,42,5071
30,Ekans,-51,-26,-50,-49,-42,-3,9951
31,Arbok,-26,9,-25,-24,-17,22,2731
32,Pikachu,-51,-31,-54,-39,-46,32,11139
33,Pikachu (Partner Pikachu),-41,-6,-44,-14,-36,62,8989
34,Raichu,-26,4,-39,1,-16,52,5174
35,Raichu (Alolan Raichu),-26,-1,-44,6,-11,52,5474
36,Sandshrew,-36,-11,-9,-69,-66,-18,10939
37,Sandshrew (Alolan Sandshrew),-36,-11,-4,-79,-61,-18,11719
38,Sandslash,-11,14,16,-44,-41,7,4239
39,Sandslash (Alolan Sandslash),-11,14,26,-64,-31,7,6099
40,Nidoran♀,-31,-39,-42,-49,-56,-17,10072
41,Nidorina,-16,-24,-27,-34,-41,-2,4402
42,Nidoqueen,4,6,-7,-14,-11,18,742
43,Nidoran♂,-40,-29,-54,-49,-56,-8,10958
44,Nidorino,-25,-14,-37,-34,-41,7,5076
45,Nidoking,-5,16,-17,-4,-21,27,1756
46,Clefairy,-16,-41,-46,-29,-31,-23,6384
47,Clefable,9,-16,-21,6,-6,2,854
48,Vulpix,-48,-45,-54,-39,-31,7,9776
49,Vulpix (Alolan Vulpix),-48,-45,-54,-39,-31,7,9776
50,Ninetales,-13,-10,-19,-8,4,42,2474
51,Ninetales (Alolan Ninetales),-13,-19,-19,-8,4,51,3572
52,Jigglypuff,29,-41,-74,-44,-71,-38,16419
53,Wigglytuff,54,-16,-49,-4,-46,-13,7874
54,Zubat,-46,-41,-59,-59,-56,-3,13904
55,Golbat,-11,-6,-24,-24,-21,32,2774
56,Oddish,-41,-36,-39,-14,-31,-28,6439
57,Gloom,-26,-21,-24,-4,-21,-18,2474
58,Vileplume,-11,-6,-9,21,-6,-8,779
59,Paras,-51,-16,-39,-44,-41,-33,9084
60,Parasect,-26,9,-14,-29,-16,-28,2834
61,Venonat,-26,-31,-44,-49,-41,-13,7824
62,Venomoth,-16,-21,-34,1,-21,32,3319
63,Diglett,-76,-31,-69,-54,-51,37,18384
64,Diglett (Alolan Diglett),-76,-31,-64,-54,-51,32,17374
65,Dugtrio,-51,14,-44,-39,-26,62,10774
66,Dugtrio (Alolan Dugtrio),-51,14,-34,-39,-26,52,8854
67,Meowth,-46,-41,-59,-49,-56,32,13839
68,Meowth (Alolan Meowth),-46,-51,-59,-39,-56,32,13879
69,Meowth (Galarian Meowth),-36,-21,-39,-49,-56,-18,9119
70,Persian,-21,-16,-34,-24,-31,57,6639
71,Persian (Alolan Persian),-21,-26,-34,-14,-31,57,6679
72,Psyduck,-36,-34,-46,-24,-46,-3,7269
73,Golduck,-6,-4,-16,6,-16,27,1329
74,Mankey,-46,-6,-59,-54,-51,12,11294
75,Primeape,-21,19,-34,-29,-26,37,4844
76,Growlithe,-31,-16,-49,-19,-46,2,6099
77,Growlithe (Hisuian Growlithe),-26,-11,-49,-24,-46,-3,5899
78,Arcanine,4,24,-14,11,-16,37,2534
79,Arcanine (Hisuian Arcanine),9,29,-14,6,-16,32,2434
80,Poliwag,-46,-36,-54,-49,-56,32,12889
81,Poliwhirl,-21,-21,-29,-39,-46,32,6384
82,Poliwrath,4,9,1,-19,-6,12,639
83,Abra,-61,-66,-79,16,-41,32,17279
84,Kadabra,-46,-51,-64,31,-26,47,12659
85,Alakazam,-31,-36,-49,46,-1,62,10619
86,Alakazam (Mega Alakazam),-31,-36,-29,86,9,92,19039
87,Machop,-16,-6,-44,-54,-61,-23,9394
88,Machoke,-6,14,-24,-39,-36,-13,3794
89,Machamp,4,44,-14,-24,-11,-3,2854
90,Bellsprout,-36,-11,-59,-19,-66,-18,9939
91,Weepinbell,-21,4,-44,-4,-51,-3,5019
92,Victreebel,-6,19,-29,11,-26,12,2179
93,Tentacool,-46,-46,-59,-39,4,12,9394
94,Tentacruel,-6,-16,-29,-9,24,42,3554
95,Geodude,-46,-6,6,-59,-66,-38,11469
96,Geodude (Alolan Geodude),-46,-6,6,-59,-66,-38,11469
97,Graveler,-31,9,21,-44,-51,-23,6549
98,Graveler (Alolan Graveler),-31,9,21,-44,-51,-23,6549
99,Golem,-6,34,36,-34,-31,-13,4774
100,Golem (Alolan Golem),-6,34,36,-34,-31,-13,4774
101,Ponyta,-36,-1,-39,-24,-31,32,5379
102,Ponyta (Galarian Ponyta),-36,-1,-39,-24,-31,32,5379
103,Rapidash,-21,14,-24,-9,-16,47,3759
104,Rapidash (Galarian Rapidash),-21,14,-24,-9,-16,47,3759
105,Slowpoke,4,-21,-29,-49,-56,-43,8684
106,Slowpoke (Galarian Slowpoke),4,-21,-29,-49,-56,-43,8684
107,Slowbro,9,-11,16,11,-16,-28,1619
108,Slowbro (Mega Slowbro),9,-11,86,41,-16,-28,10319
109,Slowbro (Galarian Slowbro),9,14,1,11,-26,-28,1859
110,Magnemite,-61,-51,-24,6,-41,-13,8784
111,Magneton,-36,-26,1,31,-26,12,3754
112,Farfetch'd,-34,4,-39,-31,-34,2,4814
113,Farfetch'd (Galarian Farfetch'd),-34,9,-39,-31,-34,-3,4884
114,Doduo,-51,-1,-49,-54,-61,17,11929
115,Dodrio,-26,24,-24,-29,-36,52,6669
116,Seel,-21,-41,-39,-44,-26,-13,6424
117,Dewgong,4,-16,-14,-19,-1,12,974
118,Grimer,-6,-6,-44,-49,-46,-33,7614
119,Grimer (Alolan Grimer),-6,-6,-44,-49,-46,-33,7614
120,Muk,19,19,-19,-24,4,-8,1739
121,Muk (Alolan Muk),19,19,-19,-24,4,-8,1739
122,Shellder,-56,-21,6,-44,-71,-18,10914
123,Cloyster,-36,9,86,-4,-51,12,11534
124,Gastly,-56,-51,-64,11,-61,22,14159
125,Haunter,-41,-36,-49,26,-41,37,9104
126,Gengar,-26,-21,-34,41,-21,52,7099
127,Gengar (Mega Gengar),-26,-21,-14,81,-1,72,13059
128,Onix,-51,-41,66,-59,-51,12,14864
129,Drowzee,-26,-38,-49,-46,-6,-16,6929
130,Hypno,-1,-13,-24,-16,19,9,1444
131,Krabby,-56,19,-4,-64,-71,-8,12714
132,Kingler,-31,44,21,-39,-46,17,7264
133,Voltorb,-46,-56,-44,-34,-41,42,11789
134,Voltorb (Hisuian Voltorb),-46,-56,-44,-34,-41,42,11789
135,Electrode,-26,-36,-24,-9,-16,92,11349
136,Electrode (Hisuian Electrode),-26,-36,-24,-9,-16,92,11349
137,Exeggcute,-26,-46,-14,-29,-51,-18,6754
138,Exeggutor,9,9,-9,36,-21,-3,1989
139,Exeggutor (Alolan Exeggutor),9,19,-9,36,-21,-13,2429
140,Cubone,-36,-36,1,-49,-46,-23,7639
141,Marowak,-26,-6,16,-39,-16,-13,2914
142,Marowak (Alolan Marowak),-26,-6,16,-39,-16,-13,2914
143,Hitmonlee,-36,34,-41,-54,14,29,8086
144,Hitmonchan,-36,19,-15,-54,14,18,5318
145,Lickitung,4,-31,-19,-29,-21,-28,3404
146,Koffing,-46,-21,1,-29,-51,-23,6529
147,Weezing,-21,4,26,-4,-26,2,1829
148,Weezing (Galarian Weezing),-21,4,26,-4,-26,2,1829
149,Rhyhorn,-6,-1,1,-59,-66,-33,8964
150,Rhydon,19,44,26,-44,-51,-18,7834
151,Chansey,164,-81,-89,-54,9,-8,44439
152,Tangela,-21,-31,21,11,-56,2,5104
153,Kangaskhan,19,9,-14,-49,-16,32,4319
154,Kangaskhan (Mega Kangaskhan),19,39,6,-29,4,42,4539
155,Horsea,-56,-46,-24,-19,-71,2,11234
156,Seadra,-31,-21,1,6,-51,27,4769
157,Goldeen,-41,-19,-34,-54,-46,5,8255
158,Seaking,-6,6,-29,-24,-16,10,1845
159,Staryu,-56,-41,-39,-19,-41,27,9109
160,Starmie,-26,-11,-9,11,-11,57,4369
161,Mr. Mime,-46,-41,-29,11,24,32,6359
162,Mr. Mime (Galarian Mr. Mime),-36,-21,-29,1,-6,42,4379
163,Scyther,-16,24,-14,-34,-16,47,4649
164,Jynx,-21,-36,-59,26,-1,37,7264
165,Electabuzz,-21,-3,-37,6,-11,47,4185
166,Magmar,-21,9,-37,11,-11,35,3358
167,Pinsir,-21,39,6,-34,-26,27,4559
168,Pinsir (Mega Pinsir),-21,69,26,-24,-6,47,8699
169,Tauros,-11,14,1,-49,-26,52,6099
170,Tauros (Paldean Tauros (Combat Breed)),-11,24,11,-59,-26,42,6739
171,Tauros (Paldean Tauros (Blaze Breed)),-11,24,11,-59,-26,42,6739
172,Tauros (Paldean Tauros (Aqua Breed)),-11,24,11,-59,-26,42,6739
173,Magikarp,-66,-76,-39,-74,-76,22,23389
174,Gyarados,9,39,-15,-29,4,23,3213
175,Gyarados (Mega Gyarados),9,69,15,-19,34,23,7113
176,Lapras,44,-1,-14,-4,-1,2,2154
177,Ditto,-38,-38,-46,-41,-48,-10,9089
178,Eevee,-31,-31,-44,-44,-31,-3,6764
179,Eevee (Partner Eevee),-21,-11,-24,-24,-11,17,2124
180,Vaporeon,44,-21,-34,21,-1,7,4024
181,Jolteon,-21,-21,-34,21,-1,72,7664
182,Flareon,-21,44,-34,6,14,7,3814
183,Porygon,-21,-26,-24,-4,-21,-18,2474
184,Omanyte,-51,-46,6,1,-41,-23,6964
185,Omastar,-16,-26,31,26,-26,-3,3254
186,Kabuto,-56,-6,-4,-34,-51,-3,6954
187,Kabutops,-26,29,11,-24,-26,22,3374
188,Aerodactyl,-6,19,-29,-29,-21,72,7704
189,Aerodactyl (Mega Aerodactyl),-6,49,-9,-19,-1,92,11344
190,Snorlax,74,24,-29,-24,14,-28,8449
191,Articuno,4,-1,6,6,29,27,1659
192,Articuno (Galarian Articuno),4,-1,-9,36,4,37,2779
193,Zapdos,4,4,-9,36,-6,42,3209
194,Zapdos (Galarian Zapdos),4,39,-4,-4,-6,42,3369
195,Moltres,4,14,-4,36,-11,32,2669
196,Moltres (Galarian Moltres),4,-1,-4,11,29,32,2019
197,Dratini,-45,-22,-49,-39,-46,-8,8611
198,Dragonair,-25,-2,-29,-19,-26,12,2651
199,Dragonite,5,48,1,11,4,22,2951
200,Mewtwo,20,24,-4,65,-6,72,10437
201,Mewtwo (Mega Mewtwo X),20,104,6,65,4,72,20677
202,Mewtwo (Mega Mewtwo Y),20,64,-24,105,24,82,23397
203,Mew,14,14,6,11,4,42,2329
204,Chikorita,-41,-37,-29,-40,-31,-13,6621
205,Bayleef,-26,-24,-14,-26,-16,2,2384
206,Meganium,-6,-4,6,-6,4,22,624
207,Cyndaquil,-47,-34,-51,-29,-46,7,8972
208,Quilava,-28,-22,-36,-9,-31,22,4090
209,Typhlosion,-8,-2,-16,20,-11,42,2609
210,Typhlosion (Hisuian Typhlosion),-13,-2,-16,30,-11,37,2819
211,Totodile,-36,-21,-30,-45,-48,-15,7191
212,Croconaw,-21,-6,-14,-30,-33,0,2662
213,Feraligatr,-1,19,6,-10,-13,20,1067
214,Sentret,-51,-40,-60,-54,-51,-38,14762
215,Furret,-1,-10,-30,-44,-41,32,5642
216,Hoothoot,-26,-56,-64,-53,-40,-8,12381
217,Noctowl,14,-36,-44,-3,0,12,3581
218,Ledyba,-46,-66,-64,-49,-16,-3,13234
219,Ledian,-31,-51,-44,-34,14,27,7579
220,Spinarak,-46,-26,-54,-49,-56,-28,12029
221,Ariados,-16,4,-24,-29,-26,-18,2689
222,Crobat,-1,4,-14,-19,-16,72,6014
223,Chinchou,-11,-48,-56,-33,-40,9,8331
224,Lanturn,39,-28,-36,-13,-20,9,4251
225,Pichu,-66,-46,-79,-54,-61,2,19354
226,Cleffa,-36,-61,-66,-44,-41,-43,14839
227,Igglybuff,4,-56,-79,-49,-76,-43,19419
228,Togepi,-51,-66,-29,-49,-31,-38,12604
229,Togetic,-31,-46,-9,-9,9,-18,3644
230,Natu,-46,-36,-49,-19,-51,12,8919
231,Xatu,-21,-11,-24,6,-26,37,3219
232,Mareep,-31,-46,-54,-24,-51,-23,9699
233,Flaaffy,-16,-31,-39,-9,-36,-13,4284
234,Ampharos,4,-11,-9,26,-6,-3,939
235,Ampharos (Mega Ampharos),4,9,11,76,14,-13,6359
236,Bellossom,-11,-6,1,1,4,-8,239
237,Marill,-16,-66,-44,-69,-46,-18,13749
238,Azumarill,14,-36,-14,-29,-16,-8,2849
239,Sudowoodo,-16,14,21,-59,-31,-28,6119
240,Politoed,4,-11,-19,1,4,12,659
241,Hoppip,-51,-51,-54,-54,-41,-8,12779
242,Skiploom,-31,-41,-44,-44,-31,22,7959
243,Jumpluff,-11,-31,-24,-34,-1,52,5519
244,Aipom,-31,-16,-39,-49,-41,27,7549
245,Sunkern,-56,-56,-64,-59,-66,-28,18989
246,Sunflora,-11,-11,-39,16,-11,-28,2924
247,Yanma,-21,-21,-49,-14,-51,37,7449
248,Wooper,-31,-41,-49,-64,-71,-43,16029
249,Wooper (Paldean Wooper),-31,-41,-49,-64,-71,-43,16029
250,Quagsire,9,-1,-9,-24,-31,-23,2229
251,Espeon,-21,-21,-34,41,-1,52,6424
252,Umbreon,9,-21,16,-29,34,7,2824
253,Murkrow,-26,-1,-52,-4,-54,33,7402
254,Slowking,9,-11,-14,11,14,-28,1499
255,Slowking (Galarian Slowking),9,-21,-14,21,14,-28,2139
256,Misdreavus,-26,-26,-34,-4,-11,27,3374
257,Unown,-38,-14,-46,-17,-48,-10,6449
258,Wobbuffet,104,-53,-36,-56,-38,-25,20126
259,Girafarig,-16,-6,-29,1,-31,27,2824
260,Pineco,-36,-21,-4,-54,-61,-43,10239
261,Forretress,-11,4,46,-29,-36,-18,4714
262,Dunsparce,14,-16,-24,-24,-31,-13,2734
263,Gligar,-21,-11,11,-54,-31,27,5289
264,Steelix,-11,-1,106,-34,-31,-28,14259
265,Steelix (Mega Steelix),-11,39,136,-34,-1,-28,22079
266,Snubbull,-26,-6,-44,-49,-56,-28,8969
267,Granbull,4,34,-19,-29,-36,-13,3839
268,Qwilfish,-21,9,-9,-34,-41,27,4169
269,Qwilfish (Hisuian Qwilfish),-21,9,-9,-34,-41,27,4169
270,Scizor,-16,44,6,-34,-16,7,3689
271,Scizor (Mega Scizor),-16,64,46,-24,4,17,7349
272,Shuckle,-66,-76,136,-79,134,-53,55634
273,Heracross,-6,39,-19,-49,-1,27,5049
274,Heracross (Mega Heracross),-6,99,21,-49,9,17,13049
275,Sneasel,-31,9,-39,-54,-21,57,9169
276,Sneasel (Hisuian Sneasel),-31,9,-39,-54,-21,57,9169
277,Teddiursa,-26,-6,-44,-39,-46,-18,6609
278,Ursaring,4,44,-19,-14,-21,-3,2959
279,Slugma,-46,-46,-54,-19,-56,-38,12089
280,Magcargo,-26,-36,26,1,-16,-28,3689
281,Swinub,-36,-36,-54,-59,-66,-8,13409
282,Piloswine,14,14,-14,-29,-36,-8,2789
283,Corsola,-21,-31,1,-24,-1,-23,2509
284,Corsola (Galarian Corsola),-26,-31,6,-24,4,-28,3049
285,Remoraid,-51,-21,-59,-24,-61,7,10869
286,Octillery,-11,19,-19,16,-21,-13,1709
287,Delibird,-41,-31,-49,-24,-51,17,8509
288,Mantine,-1,-46,-24,-9,44,12,4854
289,Skarmory,-21,-6,46,-49,-26,12,5814
290,Houndour,-41,-26,-64,-9,-46,7,8699
291,Houndoom,-11,4,-44,21,-16,37,4139
292,Houndoom (Mega Houndoom),-11,4,-4,51,-6,57,6039
293,Kingdra,-11,9,1,6,-1,27,969
294,Phanpy,4,-26,-34,-49,-56,-18,7709
295,Donphan,4,34,26,-29,-36,-8,4049
296,Porygon2,-1,-6,-4,16,-1,2,314
297,Stantler,-13,9,-32,-4,-31,27,2980
298,Smeargle,-31,-66,-59,-69,-51,17,16449
299,Tyrogue,-51,-51,-59,-54,-61,-23,15849
300,Hitmontop,-36,9,1,-54,14,12,4634
301,Smoochum,-41,-56,-79,-4,-31,7,12084
302,Elekid,-41,-23,-57,-24,-41,37,9085
303,Magby,-41,-11,-57,-19,-41,25,7718
304,Miltank,9,-6,11,-49,-26,42,5079
305,Blissey,169,-76,-84,-14,39,-3,43119
306,Raikou,4,-1,-19,26,4,57,4319
307,Entei,29,29,-9,1,-21,42,3969
308,Suicune,14,-11,21,1,19,27,1849
309,Larvitar,-36,-22,-44,-44,-46,-17,8057
310,Pupitar,-16,-2,-24,-24,-26,-7,2137
311,Tyranitar,14,48,16,6,4,3,2817
312,Tyranitar (Mega Tyranitar),14,78,56,6,24,13,10197
313,Lugia,20,4,36,1,58,52,7781
314,Ho-Oh,20,44,-4,21,58,32,7181
315,Celebi,14,14,6,11,4,42,2329
316,Treecko,-46,-41,-59,-24,-41,12,9679
317,Grovyle,-36,-21,-49,-4,-31,37,6484
318,Sceptile,-16,-1,-29,16,-11,62,5319
319,Sceptile (Mega Sceptile),-16,24,-19,56,-11,87,12019
320,Torchic,-41,-26,-54,-19,-46,-13,7919
321,Combusken,-26,-1,-34,-4,-36,-3,3154
322,Blaziken,-6,34,-24,21,-26,22,3369
323,Blaziken (Mega Blaziken),-6,74,-14,41,-16,42,9409
324,Mudkip,-36,-16,-44,-39,-46,-18,7449
325,Marshtomp,-16,-1,-24,-29,-26,-8,2414
326,Swampert,14,24,-4,-4,-6,2,844
327,Swampert (Mega Swampert),14,64,16,6,14,12,4924
328,Poochyena,-51,-31,-59,-59,-66,-23,15409
329,Mightyena,-16,4,-24,-29,-36,12,3129
330,Zigzagoon,-48,-56,-53,-59,-55,2,14759
331,Zigzagoon (Galarian Zigzagoon),-48,-56,-53,-59,-55,2,14759
332,Linoone,-8,-16,-33,-39,-35,42,5919
333,Linoone (Galarian Linoone),-8,-16,-33,-39,-35,42,5919
334,Wurmple,-41,-41,-59,-69,-66,-38,17404
335,Silcoon,-36,-51,-39,-64,-71,-43,16404
336,Beautifly,-26,-16,-44,11,-46,7,5154
337,Cascoon,-36,-51,-39,-64,-71,-43,16404
338,Dustox,-26,-36,-24,-39,-6,7,4154
339,Lotad,-46,-56,-64,-49,-46,-28,14649
340,Lombre,-26,-36,-44,-29,-26,-8,5489
341,Ludicolo,-6,-16,-24,1,4,12,1029
342,Seedot,-46,-46,-44,-59,-66,-28,14789
343,Nuzleaf,-16,-16,-54,-29,-56,2,7409
344,Shiftry,4,14,-34,1,-36,22,3149
345,Taillow,-46,-31,-64,-59,-66,27,15739
346,Swellow,-26,-1,-34,-14,-46,67,8634
347,Wingull,-46,-56,-64,-34,-66,27,15589
348,Pelipper,-26,-36,6,6,-26,7,2769
349,Ralts,-58,-61,-69,-44,-61,-18,17827
350,Kirlia,-48,-51,-59,-24,-41,-8,10707
351,Gardevoir,-18,-21,-29,36,19,22,3747
352,Gardevoir (Mega Gardevoir),-18,-1,-29,76,39,42,10227
353,Surskit,-46,-56,-62,-39,-44,7,12602
354,Masquerain,-16,-26,-32,11,-14,22,2757
355,Shroomish,-26,-46,-34,-49,-36,-23,8174
356,Breloom,-26,44,-14,-29,-36,12,5089
357,Slakoth,-26,-26,-34,-54,-61,-28,9929
358,Vigoroth,-6,-6,-14,-34,-41,32,4129
359,Slaking,64,74,6,6,-31,42,12369
360,Nincada,-55,-41,-4,-59,-66,-18,12883
361,Ninjask,-25,4,-49,-39,-46,102,17083
362,Shedinja,-85,4,-49,-59,-66,-18,17803
363,Whismur,-22,-35,-71,-38,-73,-30,14423
364,Loudred,-2,-15,-51,-18,-53,-10,6063
365,Exploud,18,5,-31,2,-23,10,1943
366,Makuhita,-14,-26,-64,-69,-66,-33,15174
367,Hariyama,58,34,-34,-49,-36,-8,9437
368,Azurill,-36,-66,-54,-69,-56,-38,17909
369,Nosepass,-56,-41,41,-44,-6,-28,9254
370,Skitty,-36,-41,-49,-54,-61,-8,12079
371,Delcatty,-16,-21,-29,-34,-41,32,5399
372,Sableye,-36,-11,-19,-24,-31,-8,3379
373,Sableye (Mega Sableye),-36,-1,31,-4,19,-38,4079
374,Mawile,-36,-1,-9,-34,-41,-8,4279
375,Mawile (Mega Mawile),-36,19,31,-34,-1,-8,3839
376,Aron,-36,-16,6,-49,-56,-28,7909
377,Lairon,-26,4,46,-39,-46,-18,6769
378,Aggron,-16,24,86,-29,-36,-8,10429
379,Aggron (Mega Aggron),-16,54,136,-29,-16,-8,22829
380,Meditite,-56,-46,-39,-49,-41,2,10859
381,Medicham,-26,-26,-19,-29,-21,22,3479
382,Medicham (Mega Medicham),-26,14,-9,-9,-11,42,2919
383,Electrike,-46,-41,-54,-24,-56,7,10474
384,Manectric,-16,-11,-34,16,-36,47,5294
385,Manectric (Mega Manectric),-16,-11,-14,46,-16,77,8874
386,Plusle,-26,-36,-54,-4,-21,37,6714
387,Minun,-26,-46,-44,-14,-11,37,6414
388,Volbeat,-21,-13,-19,-42,-11,27,3585
389,Illumise,-21,-39,-19,-16,-11,27,3429
390,Roselia,-36,-26,-49,11,-16,7,4799
391,Gulpin,-16,-43,-41,-46,-43,-18,8075
392,Swalot,14,-13,-11,-16,-13,-3,920
393,Carvanha,-41,4,-74,-24,-76,7,13574
394,Sharpedo,-16,34,-54,6,-56,37,8869
395,Sharpedo (Mega Sharpedo),-16,54,-24,21,-31,47,7359
396,Wailmer,44,-16,-59,-19,-61,2,9759
397,Wailord,84,4,-49,1,-51,2,12079
398,Numel,-26,-26,-54,-24,-51,-23,7974
399,Camerupt,-16,14,-24,16,-21,-18,2049
400,Camerupt (Mega Camerupt),-16,34,6,56,9,-38,6109
401,Torkoal,-16,-1,46,-4,-26,-38,4509
402,Spoink,-26,-61,-59,-19,-16,2,8499
403,Grumpig,-6,-41,-29,1,14,22,3239
404,Spinda,-26,-26,-34,-29,-36,2,4649
405,Trapinch,-41,14,-49,-44,-51,-48,11119
406,Vibrava,-36,-16,-44,-39,-46,12,7269
407,Flygon,-6,14,-14,-9,-16,42,2529
408,Cacnea,-36,-1,-54,-4,-56,-23,7894
409,Cacturne,-16,29,-34,26,-36,-3,4234
410,Swablu,-41,-46,-34,-49,-21,-8,7859
411,Altaria,-11,-16,-4,-19,9,22,1319
412,Altaria (Mega Altaria),-11,24,16,21,9,22,1959
413,Zangoose,-13,29,-34,-29,-36,32,5327
414,Seviper,-13,14,-34,11,-36,7,2987
415,Lunatone,4,-31,-29,6,-11,12,2119
416,Solrock,4,9,-9,-34,-31,12,2439
417,Barboach,-36,-38,-51,-43,-55,2,10219
418,Whiscash,24,-8,-21,-13,-25,2,1879
419,Corphish,-43,-6,-29,-39,-61,-23,8497
420,Crawdaunt,-23,34,-9,1,-41,-3,3457
421,Baltoy,-46,-46,-39,-49,-26,-3,8839
422,Claydol,-26,-16,11,-19,24,17,2279
423,Lileep,-20,-45,-17,-28,-9,-35,4804
424,Cradily,0,-5,3,-8,11,-15,444
425,Anorith,-41,9,-44,-49,-46,17,8504
426,Armaldo,-11,39,6,-19,-16,-13,2464
427,Feebas,-66,-71,-74,-79,-41,22,23279
428,Milotic,9,-26,-15,11,29,23,2473
429,Castform,-16,-16,-24,-19,-26,12,2269
430,Kecleon,-26,4,-24,-29,24,-18,3009
431,Shuppet,-42,-11,-59,-26,-63,-13,10180
432,Banette,-22,29,-29,-6,-33,7,3340
433,Banette (Mega Banette),-22,79,-19,4,-13,17,7560
434,Duskull,-66,-46,-4,-59,-6,-33,11094
435,Dusclops,-46,-16,36,-29,34,-33,6754
436,Tropius,13,-18,-11,-17,-9,-7,1033
437,Chimecho,-11,-36,-14,6,-6,7,1734
438,Absol,-21,44,-34,-14,-36,17,5314
439,Absol (Mega Absol),-21,64,-34,26,-36,57,10914
440,Wynaut,9,-63,-46,-66,-48,-35,14051
441,Snorunt,-36,-36,-44,-39,-46,-8,8229
442,Glalie,-6,-6,-14,-9,-16,22,1089
443,Glalie (Mega Glalie),-6,34,-14,31,-16,42,4369
444,Spheal,-16,-46,-44,-34,-46,-33,8669
445,Sealeo,4,-26,-24,-14,-26,-13,2309
446,Walrein,24,-6,-4,6,-6,7,749
447,Clamperl,-51,-22,-9,-15,-41,-26,5748
448,Huntail,-31,18,11,5,-21,-6,1908
449,Gorebyss,-31,-2,11,25,-21,-6,2188
450,Relicanth,14,4,36,-44,-31,-3,4414
451,Luvdisc,-43,-56,-39,-49,-31,39,11389
452,Bagon,-41,-11,-34,-49,-66,-8,9779
453,Shelgon,-21,9,6,-29,-46,-8,3579
454,Salamence,9,49,-14,21,-16,42,5139
455,Salamence (Mega Salamence),9,59,36,31,-6,62,9699
456,Beldum,-46,-31,-14,-54,-36,-28,8269
457,Metang,-26,-11,6,-34,-16,-8,2309
458,Metagross,-6,49,36,6,-6,12,3949
459,Metagross (Mega Metagross),-6,59,56,16,14,52,9809
460,Regirock,-6,14,106,-39,4,-8,13069
461,Regice,-6,-36,6,11,104,-8,12369
462,Registeel,-6,-11,56,-14,54,-8,6469
463,Latias,-6,-6,-4,21,34,52,4389
464,Latias (Mega Latias),-6,14,26,51,54,52,9129
465,Latios,-6,4,-14,41,14,52,4829
466,Latios (Mega Latios),-6,44,6,71,24,52,10329
467,Kyogre,14,14,-4,61,44,32,7089
468,Kyogre (Primal Kyogre),14,64,-4,91,64,32,17709
469,Groudon,14,64,46,11,-6,32,7589
470,Groudon (Primal Groudon),14,94,66,61,-6,32,18169
471,Rayquaza,19,64,-4,61,-6,37,9599
472,Rayquaza (Mega Rayquaza),19,94,6,91,4,57,20779
473,Jirachi,14,14,6,11,4,42,2329
474,Deoxys (Normal Forme),-36,64,-44,61,-46,92,21629
475,Deoxys (Attack Forme),-36,94,-74,91,-76,92,38129
476,Deoxys (Defense Forme),-36,-16,66,-19,64,32,11389
477,Deoxys (Speed Forme),-36,9,-4,6,-6,122,16349
478,Turtwig,-31,-18,-30,-44,-41,-27,6531
479,Grotle,-11,3,-9,-34,-31,-22,2812
480,Torterra,9,23,11,-14,-11,-2,1052
481,Chimchar,-42,-28,-50,-31,-52,3,8722
482,Monferno,-22,-8,-42,-11,-44,23,4898
483,Infernape,-10,18,-23,15,-25,50,4303
484,Piplup,-33,-35,-41,-28,-40,-18,6703
485,Prinplup,-22,-20,-26,-8,-20,-8,2088
486,Empoleon,-2,0,-6,22,5,2,553
487,Starly,-46,-31,-64,-59,-66,2,15014
488,Staravia,-31,-11,-44,-49,-56,22,9039
489,Staraptor,-1,34,-24,-39,-36,42,6314
490,Bidoof,-27,-41,-54,-54,-56,-27,12107
491,Bibarel,-7,-1,-34,-34,-36,13,3827
492,Kricketot,-49,-61,-53,-64,-55,-33,17141
493,Kricketune,-9,-1,-43,-34,-45,7,5161
494,Shinx,-41,-21,-60,-49,-62,-13,12136
495,Luxio,-26,-1,-45,-29,-47,2,5756
496,Luxray,-6,34,-15,6,-17,12,1886
497,Budew,-46,-56,-59,-39,-26,-3,10939
498,Roserade,-26,-16,-29,36,9,32,4174
499,Cranidos,-19,39,-54,-59,-66,0,12635
500,Rampardos,11,79,-34,-24,-46,0,10210
501,Shieldon,-56,-44,24,-47,-8,-28,8705
502,Bastiodon,-26,-34,74,-42,42,-28,11620
503,Burmy,-46,-57,-49,-60,-51,-22,14451
504,Wormadam (Plant Cloak),-26,-27,-9,-10,9,-22,2151
505,Wormadam (Sandy Cloak),-26,-7,11,-30,-11,-22,2351
506,Wormadam (Trash Cloak),-26,-17,1,-20,-1,-22,1851
507,Mothim,-16,8,-44,5,-46,8,4461
508,Combee,-56,-56,-52,-59,-54,12,15517
509,Vespiquen,-16,-6,8,-9,6,-18,797
510,Pachirisu,-26,-41,-24,-44,-6,37,6274
511,Buizel,-31,-21,-59,-29,-66,27,10809
512,Floatzel,-1,19,-39,-4,-46,57,7264
513,Cherubi,-41,-51,-49,-27,-43,-23,9790
514,Cherrim,-16,-26,-24,-2,-18,27,2565
515,Shellos,-10,-38,-46,-32,-34,-24,6416
516,Gastrodon,25,-3,-26,3,-14,-19,1876
517,Ambipom,-11,14,-28,-29,-30,57,6091
518,Drifloon,4,-36,-60,-29,-52,12,8601
519,Drifblim,64,-6,-50,1,-42,22,8881
520,Buneary,-31,-20,-50,-45,-40,27,8215
521,Lopunny,-21,-10,-10,-35,0,47,4075
522,Lopunny (Mega Lopunny),-21,50,0,-35,0,77,10095
523,Mismagius,-26,-26,-34,16,9,47,5054
524,Honchkrow,14,39,-42,16,-44,13,5842
525,Glameow,-37,-31,-52,-47,-59,27,11453
526,Purugly,-15,-4,-30,-25,-37,54,6051
527,Chingling,-41,-56,-44,-24,-46,-13,9614
528,Stunky,-23,-23,-47,-48,-55,16,8852
529,Skuntank,17,7,-27,-18,-35,26,3292
530,Bronzor,-29,-62,-8,-65,-10,-35,10299
531,Bronzong,-19,3,22,-10,20,-25,1979
532,Bonsly,-36,-6,1,-79,-51,-48,12479
533,Mime Jr.,-66,-61,-49,-19,-6,2,10879
534,Happiny,14,-81,-89,-74,-31,-28,21899
535,Chatot,-10,-21,-49,3,-54,33,6956
536,Spiritomb,-36,6,14,3,12,-23,2210
537,Gible,-28,-16,-49,-49,-51,-16,8699
538,Gabite,-18,4,-29,-39,-41,24,4959
539,Garchomp,22,44,1,-9,-11,44,4559
540,Garchomp (Mega Garchomp),22,84,21,31,-1,34,10099
541,Munchlax,49,-1,-54,-49,-11,-53,10649
542,Riolu,-46,-16,-54,-54,-56,2,11344
543,Lucario,-16,24,-24,26,-26,32,3784
544,Lucario (Mega Lucario),-16,59,-6,51,-26,54,9966
545,Hippopotas,-18,-14,-16,-51,-54,-26,6969
546,Hippowdon,22,26,24,-21,-24,-11,2874
547,Skorupi,-46,-36,-4,-59,-41,7,8639
548,Drapion,-16,4,16,-29,-21,37,3179
549,Croagunk,-38,-25,-54,-28,-56,-8,8969
550,Toxicroak,-3,20,-29,-3,-31,27,2949
551,Carnivine,-12,14,-22,1,-24,-12,1545
552,Finneon,-37,-37,-38,-40,-35,8,7071
553,Lumineon,-17,-17,-18,-20,-10,33,2491
554,Mantyke,-41,-66,-44,-29,24,-8,9454
555,Snover,-26,-24,-44,-27,-36,-18,5537
556,Abomasnow,4,6,-19,3,-11,2,547
557,Abomasnow (Mega Abomasnow),4,46,11,43,9,-28,4967
558,Weavile,-16,34,-29,-44,-11,67,8799
559,Magnezone,-16,-16,21,41,-6,2,2674
560,Lickilicky,24,-1,1,-9,-1,-8,724
561,Rhyperior,29,54,36,-34,-41,-18,8214
562,Tangrowth,14,14,31,21,-46,-8,3974
563,Electivire,-11,37,-27,6,-11,37,3745
564,Magmortar,-11,9,-27,36,-1,25,2853
565,Togekiss,-1,-36,1,31,19,22,3104
566,Yanmega,0,-10,-8,27,-40,37,3862
567,Leafeon,-21,24,36,-29,-31,37,5484
568,Glaceon,-21,-26,16,41,-1,7,3104
569,Gliscor,-11,9,31,-44,-21,37,4909
570,Mamoswine,24,44,-14,-19,-36,22,4849
571,Porygon-Z,-1,-6,-24,46,-21,32,4194
572,Gallade,-18,39,-29,-24,19,22,4107
573,Gallade (Mega Gallade),-18,79,1,-24,19,52,10207
574,Probopass,-26,-31,51,-14,54,-18,7674
575,Dusknoir,-41,14,41,-24,39,-13,5824
576,Froslass,-16,-6,-24,-9,-26,52,4329
577,Rotom,-36,-36,-17,6,-19,33,4367
578,Rotom (Heat Rotom),-36,-21,13,16,11,28,3067
579,Rotom (Wash Rotom),-36,-21,13,16,11,28,3067
580,Rotom (Frost Rotom),-36,-21,13,16,11,28,3067
581,Rotom (Fan Rotom),-36,-21,13,16,11,28,3067
582,Rotom (Mow Rotom),-36,-21,13,16,11,28,3067
583,Uxie,-11,-11,36,-14,34,37,4259
584,Mesprit,-6,19,11,16,9,22,1339
585,Azelf,-11,39,-24,36,-26,57,7439
586,Dialga,14,34,26,61,4,32,6789
587,Dialga (Origin Forme),14,14,26,61,24,32,6389
588,Palkia,4,34,6,61,24,42,7269
589,Palkia (Origin Forme),4,14,6,61,24,62,8389
590,Heatran,5,4,12,41,10,19,2327
591,Regigigas,24,74,16,-9,14,42,8349
592,Giratina (Altered Forme),64,14,26,11,24,32,6689
593,Giratina (Origin Forme),64,34,6,31,4,32,7289
594,Cresselia,34,-16,26,-14,34,27,4169
595,Phione,-6,-6,-14,-9,-16,22,1089
596,Manaphy,14,14,6,11,4,42,2329
597,Darkrai,-16,4,-4,46,-6,67,6929
598,Shaymin (Land Forme),14,14,6,11,4,42,2329
599,Shaymin (Sky Forme),14,17,-19,31,-21,69,7009
600,Arceus,34,34,26,31,24,62,8369
601,Victini,14,14,6,11,4,42,2329
602,Snivy,-41,-41,-39,-44,-41,5,8525
603,Servine,-26,-26,-19,-29,-21,25,3620
604,Serperior,-11,-11,1,-14,-1,55,3465
605,Tepig,-21,-23,-49,-44,-51,-13,8077
606,Pignite,4,7,-39,-19,-41,-3,3637
607,Emboar,24,37,-29,11,-31,7,3917
608,Oshawott,-31,-31,-49,-26,-51,-13,7769
609,Dewott,-11,-11,-34,-6,-36,2,2734
610,Samurott,9,14,-9,19,-26,12,1539
611,Samurott (Hisuian Samurott),4,22,-14,11,-31,27,2507
612,Patrat,-41,-31,-55,-54,-57,-16,12088
613,Watchog,-26,-1,-25,-29,-27,19,3233
614,Lillipup,-41,-26,-49,-64,-51,-3,11464
615,Herdier,-21,-6,-29,-54,-31,2,5199
616,Stoutland,-1,24,-4,-44,-6,22,3049
617,Purrloin,-45,-36,-57,-39,-59,8,11636
618,Liepard,-22,2,-44,-1,-46,48,6845
619,Pansage,-36,-33,-46,-36,-48,6,8137
620,Simisage,-11,12,-31,9,-33,43,4245
621,Pansear,-36,-33,-46,-36,-48,6,8137
622,Simisear,-11,12,-31,9,-33,43,4245
623,Panpour,-36,-33,-46,-36,-48,6,8137
624,Simipour,-11,12,-31,9,-33,43,4245
625,Munna,-10,-61,-49,-22,-41,-34,9543
626,Musharna,30,-31,-9,18,-1,-29,3108
627,Pidove,-36,-31,-44,-53,-66,-15,11583
628,Tranquill,-24,-9,-32,-39,-54,7,6167
629,Unfezant,-6,29,-14,-24,-41,35,4555
630,Blitzle,-41,-26,-62,-39,-64,18,12142
631,Zebstrika,-11,14,-31,-9,-33,58,5812
632,Roggenrola,-31,-11,-9,-64,-71,-43,12149
633,Boldore,-16,19,11,-39,-56,-38,6839
634,Gigalith,-1,49,36,-29,-16,-33,5884
635,Woobat,-21,-41,-51,-34,-53,14,8884
636,Swoobat,-19,-29,-39,-12,-41,56,7684
637,Drilbur,-26,-1,-54,-59,-51,10,9775
638,Excadrill,24,49,-34,-39,-31,30,7515
639,Audino,17,-26,-8,-29,-10,-8,2034
640,Audino (Mega Audino),17,-26,32,-9,30,-8,3034
641,Timburr,-11,-6,-39,-64,-61,-23,10024
642,Gurdurr,-1,19,-9,-49,-46,-18,5284
643,Conkeldurr,19,54,1,-34,-31,-13,5564
644,Tympole,-36,-36,-54,-39,-56,6,10201
645,Palpitoad,-11,-21,-39,-24,-41,11,4461
646,Seismitoad,19,9,-19,-4,-21,16,1516
647,Throh,34,14,-9,-59,-11,-13,5204
648,Sawk,-11,39,-19,-59,-21,27,6654
649,Sewaddle,-41,-33,-24,-49,-36,-16,7299
650,Swadloon,-31,-23,-4,-39,-16,-16,3539
651,Leavanny,-11,17,-14,-19,-16,34,2379
652,Venipede,-56,-41,-35,-59,-57,-1,12773
653,Whirlipede,-46,-31,5,-49,-17,-11,5913
654,Scolipede,-26,14,-5,-34,-27,54,5698
655,Cottonee,-46,-59,-34,-52,-46,8,11637
656,Whimsicott,-26,-19,-9,-12,-21,58,5067
657,Petilil,-41,-51,-44,-19,-46,-28,9479
658,Lilligant,-16,-26,-19,21,-21,32,3199
659,Lilligant (Hisuian Lilligant),-16,19,-19,-39,-21,47,5149
660,Basculin,-16,6,-29,-9,-41,40,4495
661,Sandile,-36,-14,-59,-54,-61,7,11659
662,Krokorok,-26,-4,-49,-44,-51,16,7886
663,Krookodile,9,31,-14,-24,-26,34,3646
664,Darumaka,-16,4,-49,-74,-51,-8,10814
665,Darumaka (Galarian Darumaka),-16,4,-49,-74,-51,-8,10814
666,Darmanitan (Standard Mode),19,54,-39,-59,-41,37,11329
667,Darmanitan (Zen Mode),19,-56,11,51,9,-3,6309
668,Darmanitan (Galarian Standard Mode),19,54,-39,-59,-41,37,11329
669,Darmanitan (Galarian Zen Mode),19,74,-39,-59,-41,77,18449
670,Maractus,-11,0,-27,17,-29,2,1984
671,Dwebble,-36,-21,-9,-54,-61,-3,8464
672,Crustle,-16,19,31,-24,-21,-13,2764
673,Scraggy,-36,-11,-24,-54,-26,-10,5685
674,Scrafty,-21,4,21,-44,19,0,3195
675,Sigilyph,-14,-28,-14,14,-16,39,3149
676,Yamask,-48,-56,-9,-34,-31,-28,8422
677,Yamask (Galarian Yamask),-48,-31,-9,-59,-31,-28,8572
678,Cofagrigus,-28,-36,51,6,9,-28,5582
679,Tirtouga,-32,-8,9,-36,-51,-36,6362
680,Carracosta,-12,22,39,-6,-31,-26,3822
681,Archen,-31,26,-49,-15,-51,12,7008
682,Archeops,-11,54,-29,23,-31,52,8072
683,Trubbish,-36,-36,-32,-49,-34,7,7222
684,Garbodor,-6,9,-12,-29,-14,17,1587
685,Zorua,-46,-21,-54,-9,-56,7,8739
686,Zorua (Hisuian Zorua),-51,-26,-54,-4,-56,12,9489
687,Zoroark,-26,19,-34,31,-36,47,6659
688,Zoroark (Hisuian Zoroark),-31,14,-34,36,-36,52,7609
689,Minccino,-31,-36,-54,-49,-56,17,10999
690,Cinccino,-11,9,-34,-24,-36,57,6479
691,Gothita,-41,-56,-44,-34,-31,-13,9039
692,Gothorita,-26,-41,-24,-14,-11,-3,3259
693,Gothitelle,-16,-31,1,6,14,7,1499
694,Solosis,-41,-56,-54,16,-46,-38,11549
695,Duosion,-21,-46,-44,36,-36,-28,7869
696,Reuniclus,24,-21,-19,36,-11,-28,3579
697,Ducklett,-24,-42,-44,-45,-46,-3,8426
698,Swanna,-11,1,-31,-2,-33,40,3776
699,Vanillite,-50,-36,-44,-24,-36,-14,7800
700,Vanillish,-35,-21,-29,-9,-21,1,3030
701,Vanilluxe,-15,9,-9,21,-1,21,1270
702,Deerling,-26,-26,-44,-49,-46,17,8094
703,Sawsbuck,-6,14,-24,-29,-26,37,3694
704,Emolga,-31,-11,-34,-14,-36,45,5755
705,Karrablast,-36,-11,-49,-49,-51,2,8824
706,Escavalier,-16,49,11,-29,9,-38,5144
707,Foongus,-17,-31,-49,-34,-41,-43,8337
708,Amoonguss,28,-1,-24,-4,-16,-28,2417
709,Frillish,-31,-46,-44,-24,-11,-18,6034
710,Jellicent,14,-26,-24,-4,9,2,1549
711,Alomomola,79,-11,-14,-49,-51,7,11609
712,Joltik,-36,-39,-44,-32,-46,7,7942
713,Galvantula,-16,-9,-34,8,-36,50,5353
714,Ferroseed,-42,-36,-3,-65,-10,-48,9698
715,Ferrothorn,-12,8,37,-35,20,-38,4646
716,Klink,-46,-31,-24,-44,-36,-28,7669
717,Klang,-26,-6,1,-19,-11,-8,1259
718,Klinklang,-26,14,21,-19,-11,32,2819
719,Tynamo,-51,-31,-54,-44,-56,2,11554
720,Eelektrik,-21,-1,-24,-14,-26,-18,2214
721,Eelektross,-1,29,-14,16,-16,-8,1614
722,Elgyem,-31,-31,-39,-4,-41,-28,5924
723,Beheeyem,-11,-11,-19,36,-1,-18,2224
724,Litwick,-36,-56,-39,-24,-41,-38,9654
725,Lampent,-26,-46,-34,6,-36,-3,5289
726,Chandelure,-26,-31,-4,56,-6,22,5309
727,Axew,-40,1,-34,-59,-56,-1,9375
728,Fraxure,-20,31,-24,-49,-46,9,6535
729,Haxorus,-10,61,-4,-29,-26,39,6875
730,Cubchoo,-31,-16,-54,-29,-56,-18,8434
731,Beartic,9,44,-14,-19,-16,-8,2894
732,Cryogonal,-6,-36,-44,6,39,47,7034
733,Shelmet,-36,-46,-9,-49,-31,-33,7944
734,Accelgor,-6,-16,-54,11,-36,87,12194
735,Stunfisk,23,-20,-10,-8,3,-26,1778
736,Stunfisk (Galarian Stunfisk),23,-5,5,-23,-12,-26,1928
737,Mienfoo,-41,-1,-44,-34,-46,7,6939
738,Mienshao,-21,39,-34,6,-36,47,6659
739,Druddigon,-9,34,-4,-29,-6,-10,2230
740,Golett,-27,-12,-44,-54,-46,-23,8370
741,Golurk,3,38,-14,-34,-16,-3,3070
742,Pawniard,-41,-1,-24,-49,-56,2,7799
743,Bisharp,-21,39,6,-29,-26,12,3659
744,Bouffalant,9,24,1,-49,-1,-3,3069
745,Rufflet,-16,-3,-44,-52,-46,2,7025
746,Braviary,14,37,-19,-32,-21,22,3875
747,Braviary (Hisuian Braviary),24,-3,-24,23,-26,7,2415
748,Vullaby,-16,-31,-19,-44,-31,2,4479
749,Mandibuzz,24,-21,11,-34,-1,22,2779
750,Heatmor,-1,11,-28,16,-30,7,2111
751,Durant,-28,23,18,-41,-48,51,8223
752,Deino,-34,-21,-44,-44,-46,-20,7985
753,Zweilous,-14,-1,-24,-24,-26,0,2025
754,Hydreigon,6,19,-4,36,-6,40,3345
755,Larvesta,-31,-1,-39,-39,-41,2,5689
756,Volcarona,-1,-26,-29,46,9,42,5479
757,Cobalion,5,4,35,1,-24,50,4343
758,Terrakion,5,43,-4,-17,-6,50,4715
759,Virizion,5,4,-22,1,33,50,4115
760,Tornadus (Incarnate Forme),-7,29,-24,36,-16,53,5827
761,Tornadus (Therian Forme),-7,14,-14,21,-6,63,4887
762,Thundurus (Incarnate Forme),-7,29,-24,36,-16,53,5827
763,Thundurus (Therian Forme),-7,19,-24,56,-16,43,6227
764,Reshiram,14,34,6,61,24,32,6709
765,Zekrom,14,64,26,31,4,32,6969
766,Landorus (Incarnate Forme),3,39,-4,26,-16,43,4327
767,Landorus (Therian Forme),3,59,-4,16,-16,33,5107
768,Kyurem,39,44,-4,41,-6,37,6559
769,Kyurem (Black Kyurem),39,84,6,31,-6,37,10979
770,Kyurem (White Kyurem),39,34,-4,81,4,37,10639
771,Keldeo,5,-14,-4,40,-6,50,4373
772,Meloetta (Aria Forme),14,-9,-17,39,32,32,4135
773,Meloetta (Pirouette Forme),14,42,-4,-12,-19,70,7381
774,Genesect,-15,34,1,31,-1,41,4025
775,Chespin,-30,-25,-29,-41,-51,-20,7048
776,Quilladin,-25,-8,1,-33,-38,-1,3224
777,Chesnaught,2,21,28,-15,-21,6,1931
778,Fennekin,-46,-41,-54,-27,-36,2,8742
779,Braixen,-27,-27,-36,1,-26,15,3656
780,Delphox,-11,-17,-22,25,4,46,3651
781,Froakie,-45,-30,-54,-27,-52,13,9443
782,Frogadier,-32,-23,-42,-6,-40,39,6474
783,Greninja,-14,9,-27,14,-25,64,5923
784,Greninja (Ash-Greninja),-14,59,-27,64,-25,74,14603
785,Bunnelby,-48,-50,-56,-57,-60,-1,14790
786,Diggersby,-1,-30,-17,-39,-19,20,3472
787,Fletchling,-41,-36,-51,-49,-58,4,11359
788,Fletchinder,-24,-13,-39,-33,-44,26,5967
789,Talonflame,-8,-5,-23,-15,-27,68,6196
790,Scatterbug,-48,-51,-54,-62,-71,-23,17235
791,Spewpa,-41,-64,-34,-62,-66,-29,15974
792,Vivillon,-6,-34,-44,1,-46,31,6206
793,Litleo,-24,-36,-36,-16,-42,14,5384
794,Pyroar,0,-18,-22,20,-30,48,4412
795,Flabébé,-42,-48,-55,-28,-17,-16,8422
796,Floette,-32,-41,-47,-14,2,-6,5150
797,Florges,-8,-21,-26,23,58,17,5363
798,Skiddo,-20,-21,-46,-27,-39,-6,5243
799,Gogoat,37,14,-32,8,-15,10,2978
800,Pancham,-19,-4,-32,-43,-48,-15,5779
801,Pangoro,9,38,-16,-20,-25,0,2806
802,Furfrou,-11,-6,-34,-24,-6,44,3861
803,Espurr,-24,-38,-40,-26,-36,10,5692
804,Meowstic,-12,-38,-18,-6,-15,46,4289
805,Honedge,-41,-6,6,-54,-59,-30,9050
806,Doublade,-27,24,56,-44,-47,-23,9115
807,Aegislash (Shield Forme),-26,-36,46,-39,44,2,7549
808,Aegislash (Blade Forme),-26,54,-44,51,-46,2,10249
809,Spritzee,-8,-34,-34,-26,-31,-35,5238
810,Aromatisse,15,-14,-22,10,-7,-29,1895
811,Swirlix,-24,-38,-28,-30,-39,-9,5306
812,Slurpuff,-4,-6,-8,-4,-21,14,769
813,Inkay,-33,-32,-41,-52,-50,-13,9167
814,Malamar,0,6,-6,-21,-21,15,1179
815,Binacle,-44,-34,-27,-50,-40,-8,7985
816,Barbaracle,-14,19,21,-35,-10,10,2423
817,Skrelp,-36,-26,-34,-29,-36,-28,6049
818,Dragalge,-21,-11,-4,8,27,-14,1567
819,Clauncher,-36,-33,-32,-31,-33,-14,5655
820,Clawitzer,-15,-13,-6,31,-7,1,1441
821,Helioptile,-42,-48,-61,-28,-53,12,11526
822,Heliolisk,-24,-31,-42,20,-2,51,6306
823,Tyrunt,-28,3,-17,-44,-51,-10,5719
824,Tyrantrum,-4,35,25,-20,-37,13,3804
825,Amaura,-9,-27,-44,-22,-33,-12,4463
826,Aurorus,37,-9,-22,10,-4,0,2050
827,Sylveon,9,-21,-29,21,34,2,2964
828,Hawlucha,-8,6,-19,-15,-33,60,5375
829,Dedenne,-19,-28,-37,-8,-29,43,5268
830,Carbink,-36,-36,56,-39,54,-8,10229
831,Goomy,-41,-36,-59,-34,-21,-18,8379
832,Sliggoo,-18,-11,-41,-6,17,2,2455
833,Sliggoo (Hisuian Sliggoo),-28,-11,-11,-6,17,-18,1675
834,Goodra,4,14,-24,21,54,22,4629
835,Goodra (Hisuian Goodra),-6,14,6,21,54,2,3629
836,Klefki,-29,-6,-3,-9,-9,17,1337
837,Phantump,-43,-16,-46,-39,-36,-20,7438
838,Trevenant,-1,24,-18,-24,-14,-2,1677
839,Pumpkaboo (Small Size),-42,-20,-24,-45,-41,-2,6450
840,Pumpkaboo (Average Size),-37,-20,-24,-45,-41,-7,6100
841,Pumpkaboo (Large Size),-32,-20,-24,-45,-41,-12,5850
842,Pumpkaboo (Super Size),-27,-20,-24,-45,-41,-17,5700
843,Gourgeist (Small Size),-31,-1,28,-31,-21,41,4829
844,Gourgeist (Average Size),-21,4,28,-31,-21,26,3319
845,Gourgeist (Large Size),-11,9,28,-31,-21,11,2509
846,Gourgeist (Super Size),-1,14,28,-31,-21,-4,2399
847,Bergmite,-31,-17,-9,-57,-61,-30,9201
848,Avalugg,9,31,90,-45,-50,-30,14567
849,Avalugg (Hisuian Avalugg),9,41,90,-55,-60,-20,16887
850,Noibat,-46,-56,-59,-44,-56,-3,13814
851,Noivern,-1,-16,-14,8,-16,65,4998
852,Xerneas,40,45,1,42,2,41,7075
853,Yveltal,40,45,1,42,2,41,7075
854,Zygarde (50% Forme),22,14,27,-8,-1,37,2843
855,Zygarde (10% Forme),-32,14,-23,-28,-11,57,5903
856,Zygarde (Complete Forme),130,14,27,2,-1,27,18559
857,Diancie,-36,14,56,11,54,-8,7729
858,Diancie (Mega Diancie),-36,74,16,71,14,52,14969
859,Hoopa (Hoopa Confined),-6,24,-34,61,34,12,6789
860,Hoopa (Hoopa Unbound),-6,74,-34,81,34,22,14869
861,Volcanion,-6,24,26,41,-6,12,3149
862,Rowlet,-18,-31,-39,-39,-46,-16,6699
863,Dartrix,-8,-11,-19,-19,-26,-6,1619
864,Decidueye,-8,21,-19,11,4,12,1147
865,Decidueye (Hisuian Decidueye),2,26,-14,6,-1,2,917
866,Litten,-41,-21,-54,-29,-56,12,9159
867,Torracat,-21,-1,-44,-9,-46,32,5599
868,Incineroar,9,29,-4,-9,-6,2,1059
869,Popplio,-36,-32,-40,-23,-40,-18,6373
870,Brionne,-26,-17,-25,2,-15,-8,1883
871,Primarina,-6,-12,-20,37,20,2,2353
872,Pikipek,-51,-11,-64,-59,-66,7,14704
873,Trumbeak,-31,-1,-44,-49,-46,17,7704
874,Toucannon,-6,34,-19,-14,-21,2,2194
875,Yungoos,-38,-16,-64,-59,-66,-13,13802
876,Gumshoos,2,24,-34,-34,-36,-13,4357
877,Grubbin,-39,-24,-49,-34,-51,-12,8399
878,Charjabug,-29,-4,1,-34,-21,-22,2939
879,Vikavolt,-9,-16,-4,56,-21,-15,4155
880,Crabrawler,-39,-4,-37,-47,-49,5,7541
881,Crabominable,11,46,-17,-27,-29,-15,4321
882,Oricorio,-11,-16,-24,9,-26,35,2935
883,Cutiefly,-46,-41,-54,-34,-56,26,11681
884,Ribombee,-26,-31,-34,6,-26,66,7861
885,Rockruff,-41,-21,-54,-59,-56,2,11659
886,Lycanroc (Midday Form),-11,29,-29,-34,-31,54,6836
887,Lycanroc (Midnight Form),-1,29,-19,-34,-21,24,3376
888,Lycanroc (Dusk Form),-11,31,-29,-34,-31,52,6744
889,Wishiwashi (Solo Form),-41,-66,-74,-64,-71,-18,20974
890,Wishiwashi (School Form),-41,54,36,51,39,-28,10799
891,Mareanie,-36,-33,-32,-46,-44,-13,7630
892,Toxapex,-36,-23,58,-36,46,-23,9130
893,Mudbray,-16,14,-24,-44,-41,-13,4814
894,Mudsdale,14,39,6,-34,-11,-23,3559
895,Dewpider,-48,-46,-42,-49,-24,-31,10122
896,Araquanid,-18,-16,-2,-39,36,-16,3657
897,Fomantis,-46,-31,-59,-39,-61,-23,12329
898,Lurantis,-16,19,-4,-9,-6,-13,919
899,Morelull,-46,-51,-39,-24,-21,-43,9104
900,Shiinotic,-26,-41,-14,1,4,-28,3354
901,Salandit,-38,-42,-54,-18,-56,19,9945
902,Salazzle,-18,-22,-34,22,-36,59,7225
903,Stufful,-16,-11,-44,-44,-46,-8,6429
904,Bewear,34,39,-14,-34,-36,2,5329
905,Bounsweet,-44,-56,-56,-59,-58,-26,15729
906,Steenee,-34,-46,-46,-49,-48,4,10109
907,Tsareena,-14,34,4,-39,2,14,3089
908,Comfey,-35,-34,-4,-7,14,42,4406
909,Oranguru,4,-26,-14,1,14,2,1089
910,Passimian,14,34,-4,-49,-36,22,5549
911,Wimpod,-61,-51,-54,-69,-66,22,18839
912,Golisopod,-11,39,46,-29,-6,-18,4959
913,Sandygast,-31,-31,-14,-19,-51,-43,6929
914,Palossand,-1,-11,16,11,-21,-23,1469
915,Pyukumuku,-31,-26,36,-59,34,-53,10379
916,Type: Null,9,9,1,6,-1,1,201
917,Silvally,9,9,1,6,-1,37,1569
918,Minior (Meteor Form),-26,-26,6,-29,4,2,2249
919,Minior (Core),-26,14,-34,11,-36,62,7289
920,Komala,-21,29,-29,-14,-1,7,2369
921,Turtonator,-26,-8,41,2,-11,-22,3030
922,Togedemaru,-21,12,-31,-49,-23,38,5920
923,Mimikyu,-31,4,-14,-39,9,38,4219
924,Bruxish,-18,19,-24,-19,-26,34,3454
925,Drampa,-8,-26,-9,46,-5,-22,3446
926,Dhelmise,-16,45,6,-3,-6,-18,2686
927,Jangmo-o,-41,-31,-29,-44,-51,-13,8189
928,Hakamo-o,-31,-11,-4,-24,-26,7,2399
929,Kommo-o,-11,24,31,11,9,27,2589
930,Tapu Koko,-16,29,-9,6,-21,72,6839
931,Tapu Lele,-16,-1,-19,41,19,37,4029
932,Tapu Bulu,-16,44,21,-4,-1,17,2939
933,Tapu Fini,-16,-11,21,6,34,27,2739
934,Cosmog,-43,-57,-63,-60,-65,-21,17333
935,Cosmoem,-43,-57,37,-60,35,-21,11733
936,Solgaleo,51,51,13,24,-7,39,7517
937,Lunala,51,27,-5,48,11,39,7301
938,Nihilego,23,-33,-47,38,35,45,8521
939,Buzzwole,21,53,45,-36,-43,21,8861
940,Pheromosa,-15,51,-57,48,-59,93,20509
941,Xurkitree,-3,3,-23,84,-25,25,8853
942,Celesteela,11,15,9,18,5,3,785
943,Kartana,-27,95,37,-30,-65,51,18849
944,Guzzlord,137,15,-41,8,-43,-15,22813
945,Necrozma,11,21,7,38,-7,21,2545
946,Necrozma (Dusk Mane Necrozma),11,71,33,24,13,19,7357
947,Necrozma (Dawn Wings Necrozma),11,27,15,68,31,19,7021
948,Necrozma (Ultra Necrozma),11,81,3,78,1,71,17817
949,Magearna,-6,9,21,41,19,7,2649
950,Marshadow,4,39,-14,1,-6,67,6259
951,Poipole,-19,-13,-27,-16,-29,15,2581
952,Naganadel,-13,-13,-21,38,-23,63,6721
953,Stakataka,-25,45,117,-36,5,-45,19685
954,Blacephalon,-33,41,-41,62,-17,49,10985
955,Zeraora,2,26,-19,13,-16,85,8691
956,Meltan,-40,-21,-29,-34,-61,-24,8335
957,Melmetal,49,57,49,-9,-31,-24,9669
958,Grookey,-36,-21,-44,-49,-56,7,9259
959,Thwackey,-16,-1,-24,-34,-36,22,3769
960,Rillaboom,14,39,-4,-29,-26,27,3979
961,Scorbunny,-36,-15,-54,-49,-56,11,10095
962,Raboot,-21,0,-34,-34,-36,36,5345
963,Cinderace,-6,30,-19,-24,-21,61,6035
964,Sobble,-36,-46,-54,-19,-56,12,9969
965,Drizzile,-21,-26,-39,6,-41,32,5379
966,Inteleon,-16,-1,-29,36,-31,62,7199
967,Skwovet,-16,-31,-39,-54,-61,-33,10464
968,Greedent,34,9,1,-34,-21,-38,4279
969,Rookidee,-48,-39,-59,-56,-61,-1,14164
970,Corvisquire,-18,-19,-39,-46,-41,19,6364
971,Corviknight,12,1,11,-36,-11,9,1764
972,Blipbug,-61,-66,-74,-64,-51,-13,20419
973,Dottler,-36,-51,-14,-39,-6,-28,6434
974,Orbeetle,-26,-41,16,-9,24,32,4294
975,Nickit,-46,-58,-66,-42,-44,-8,13600
976,Thievul,-16,-28,-36,-2,-4,32,3380
977,Gossifleur,-46,-46,-34,-49,-36,-48,11389
978,Eldegoss,-26,-36,-4,-9,24,2,2649
979,Wooloo,-44,-46,-39,-49,-51,-10,10675
980,Dubwool,-14,-6,6,-29,-6,30,2045
981,Chewtle,-36,-22,-44,-51,-58,-14,9877
982,Drednaw,4,29,-4,-41,-28,16,3594
983,Yamper,-27,-41,-44,-49,-46,-32,9887
984,Boltund,-17,4,-34,1,-36,63,6727
985,Rolycoly,-56,-46,-44,-49,-46,-28,12489
986,Carkol,-6,-26,-4,-29,-26,-8,2309
987,Coalossal,24,-6,26,-9,-6,-28,2189
988,Applin,-46,-46,-14,-49,-56,-38,11409
989,Flapple,-16,24,-14,6,-36,12,2504
990,Appletun,24,-1,-14,11,-16,-28,1934
991,Silicobra,-34,-29,-19,-54,-46,-12,7534
992,Sandaconda,-14,21,31,-24,-26,13,3019
993,Cramorant,-16,-1,-39,-4,-1,27,2524
994,Arrokuda,-45,-23,-54,-49,-66,8,12291
995,Barraskewda,-25,37,-34,-29,-46,78,12191
996,Toxel,-46,-48,-59,-35,-61,-18,13171
997,Toxtricity,-11,12,-24,25,-26,17,2431
998,Sizzlipede,-36,-21,-49,-39,-46,-13,7944
999,Centiskorch,14,29,-29,1,-6,7,1964
1000,Clobbopus,-36,-18,-34,-39,-46,-26,7089
1001,Grapploct,-6,32,-4,-19,-16,-16,1949
1002,Sinistea,-46,-41,-49,-15,-42,-8,8251
1003,Polteageist,-26,-21,-29,45,18,12,4451
1004,Hatenna,-44,-56,-49,-33,-43,-19,10772
1005,Hattrem,-29,-46,-29,-3,-23,-9,4417
1006,Hatterene,-29,4,1,47,7,-29,3957
1007,Impidimp,-41,-41,-64,-34,-56,-8,11814
1008,Morgrem,-21,-26,-49,-14,-41,12,5539
1009,Grimmsnarl,9,34,-29,6,-21,2,2559
1010,Obstagoon,7,4,7,-29,-15,37,2549
1011,Perrserker,-16,24,6,-39,-36,-8,3749
1012,Cursola,-26,9,-44,56,34,-28,7769
1013,Sirfetch'd,-24,49,1,-21,-14,7,3664
1014,Mr. Rime,-6,-1,-19,21,4,12,999
1015,Runerigus,-28,9,51,-39,9,-28,5852
1016,Milcery,-41,-46,-54,-39,-35,-24,10035
1017,Alcremie,-21,-26,-19,21,25,6,2580
1018,Falinks,-21,14,6,-19,-36,17,2619
1019,Pincurchin,-38,15,1,2,-11,-43,3644
1020,Snom,-56,-61,-59,-44,-66,-38,18074
1021,Frosmoth,-16,-21,-34,36,-6,7,3234
1022,Stonjourner,14,39,41,-69,-76,12,14079
1023,Eiscue (Ice Face),-11,-6,16,-24,-6,-8,1089
1024,Eiscue (Noice Face),-11,-6,-24,-24,-46,72,8609
1025,Indeedee (Male),-26,-21,-39,16,-1,37,4264
1026,Indeedee (Female),-16,-31,-29,6,9,27,2904
1027,Morpeko,-28,9,-36,-19,-38,39,5487
1028,Cufant,-14,-6,-45,-49,-47,-18,7191
1029,Copperajah,36,44,-25,-9,-27,-28,5451
1030,Dracozolt,4,14,-4,-9,-26,17,1274
1031,Arctozolt,4,14,-4,1,-16,-3,494
1032,Dracovish,4,4,6,-19,-16,17,974
1033,Arctovish,4,4,6,-9,-6,-3,194
1034,Duraludon,-16,9,21,31,-46,27,4584
1035,Dreepy,-58,-26,-64,-49,-66,24,15469
1036,Drakloak,-18,-6,-44,-29,-46,44,7189
1037,Dragapult,2,34,-19,11,-21,84,9139
1038,Zacian (Hero of Many Battles),6,34,21,-9,19,80,8475
1039,Zacian (Crowned Sword),6,64,21,-9,19,90,13115
1040,Zamazenta (Hero of Many Battles),6,34,21,-9,19,80,8475
1041,Zamazenta (Crowned Shield),6,34,46,-9,44,70,10225
1042,Eternatus,54,-1,1,56,-1,72,11239
1043,Eternatus (Eternamax Eternatus),169,29,156,36,154,72,83934
1044,Kubfu,-26,4,-34,-36,-46,14,5456
1045,Urshifu,14,44,6,-26,-36,39,5661
1046,Zarude,19,34,11,-19,-1,47,4209
1047,Regieleki,-6,14,-44,11,-46,142,24569
1048,Regidrago,114,14,-44,11,-46,22,17849
1049,Glastrier,14,59,36,-24,14,-28,6529
1050,Spectrier,14,-21,-34,56,-16,72,10369
1051,Calyrex,14,-6,-14,-9,-16,22,1249
1052,Calyrex (Ice Rider Calyrex),14,79,56,-4,34,-8,10809
1053,Calyrex (Shadow Rider Calyrex),14,-1,-14,76,4,92,14649
1054,Wyrdeer,17,19,-22,16,-21,7,1880
1055,Kleavor,-16,49,1,-44,-26,27,5999
1056,Ursaluna,44,54,11,-44,-16,-8,7229
1057,Basculegion (Male),34,26,-29,-9,-21,20,3595
1058,Basculegion (Female),34,6,-29,11,-21,20,2995
1059,Sneasler,-6,44,-34,-49,-16,62,9629
1060,Overqwil,-1,29,1,-24,-31,27,3109
1061,Enamorus (Incarnate Forme),-12,29,-24,46,-16,48,6237
1062,Enamorus (Therian Forme),-12,29,16,46,4,-12,3517
1063,Sprigatito,-46,-25,-40,-44,-51,7,8927
1064,Floragato,-25,-6,-31,-29,-33,25,4177
1065,Meowscarada,-10,24,-24,-8,-26,65,6217
1066,Fuecoco,-19,-41,-35,-26,-56,-22,7563
1067,Crocalor,-5,-31,-16,1,-38,-9,2768
1068,Skeledirge,18,-11,6,21,-21,8,1427
1069,Quaxly,-31,-21,-49,-39,-51,-8,7989
1070,Quaxwell,-16,-1,-29,-24,-36,7,3019
1071,Quaquaval,-1,34,-14,-4,-21,27,2539
1072,Lechonk,-32,-41,-54,-54,-51,-23,11667
1073,Oinkologne (Male),24,14,-19,-30,-16,7,2338
1074,Oinkologne (Female),29,4,-24,-30,-6,7,2418
1075,Tarountula,-51,-45,-49,-60,-56,-38,15207
1076,Spidops,-26,-7,-2,-37,-10,-23,2727
1077,Nymble,-53,-40,-54,-68,-71,-13,17159
1078,Lokix,-15,16,-16,-37,-41,34,4943
1079,Pawmi,-41,-36,-74,-49,-71,2,15899
1080,Pawmo,-26,-11,-54,-39,-56,27,9099
1081,Pawmot,-16,29,-24,-19,-36,47,5539
1082,Tandemaus,-36,-36,-49,-49,-51,17,10284
1083,Maushold,-12,-11,-24,-24,-21,53,4667
1084,Fidough,-49,-31,-24,-59,-41,7,9149
1085,Dachsbun,-29,-6,21,-39,-16,37,4464
1086,Smoliv,-45,-51,-49,-31,-45,-28,10797
1087,Dolliv,-34,-33,-34,-11,-18,-25,4471
1088,Arboliva,-8,-17,-4,36,13,-19,2195
1089,Squawkabilly,-4,10,-43,-44,-45,34,7082
1090,Nacli,-31,-31,-19,-54,-61,-33,10009
1091,Naclstack,-26,-26,6,-54,-31,-23,5794
1092,Garganacl,14,14,36,-44,-6,-23,4189
1093,Charcadet,-46,-36,-54,-39,-56,-23,11514
1094,Armarouge,-1,-26,6,36,-16,17,2554
1095,Ceruledge,-11,39,-14,-29,4,27,3424
1096,Tadbulb,-25,-55,-53,-30,-61,-13,11249
1097,Bellibolt,23,-22,-3,14,-13,-13,1556
1098,Wattrel,-46,-46,-59,-34,-56,12,12149
1099,Kilowattrel,-16,-16,-34,16,-36,67,7709
1100,Maschiff,-26,-8,-34,-49,-45,-7,6371
1101,Mabosstiff,-6,34,-4,-29,-26,27,3454
1102,Shroodle,-46,-21,-59,-49,-61,17,12449
1103,Grafaiai,-23,9,-29,-9,-24,52,4812
1104,Bramblin,-46,-21,-64,-44,-61,2,12314
1105,Brambleghast,-31,29,-24,-9,-26,32,4159
1106,Toedscool,-46,-46,-59,-39,4,12,9394
1107,Toedscruel,-6,-16,-29,-9,24,42,3554
1108,Klawf,-16,14,21,-54,-41,17,5779
1109,Capsakid,-36,-24,-54,-27,-56,-8,8717
1110,Scovillain,-21,22,-29,19,-31,17,3377
1111,Rellor,-45,-36,-34,-58,-38,-28,10069
1112,Rabsca,-11,-36,-9,26,4,-13,2359
1113,Flittle,-56,-51,-64,-34,-66,17,15634
1114,Espathra,9,-26,-34,12,-36,47,5562
1115,Tinkatink,-36,-41,-49,-54,-32,0,9318
1116,Tinkatuff,-21,-31,-39,-44,-14,20,5455
1117,Tinkaton,-1,-11,-17,-19,9,36,2149
1118,Wiglett,-76,-31,-69,-54,-71,37,20824
1119,Wugtrio,-51,14,-44,-39,-26,62,10774
1120,Bombirdier,-16,17,-9,-29,-11,24,2164
1121,Finizen,-16,-41,-54,-44,-56,17,10214
1122,Palafin,14,-16,-22,-36,-34,42,5152
1123,Palafin,14,74,3,17,-9,42,7815
1124,Varoom,-41,-16,-31,-59,-51,-11,9101
1125,Revavroom,-6,33,-4,-35,-29,32,4231
1126,Cyclizar,-16,9,-29,-4,-31,63,6124
1127,Orthworm,-16,-1,51,-29,-41,7,5429
1128,Glimmet,-38,-51,-52,16,-36,2,8305
1129,Glimmora,-3,-31,-4,41,-15,28,3676
1130,Greavard,-36,-25,-34,-59,-41,-24,8815
1131,Houndstone,-14,15,6,-39,1,10,2079
1132,Flamigo,-4,29,-20,-14,-32,32,3501
1133,Cetoddle,22,-18,-49,-59,-56,-15,10051
1134,Cetitan,84,27,-29,-44,-41,15,12468
1135,Veluza,4,16,-21,-11,-31,12,1939
1136,Dondozo,64,14,21,-24,-31,-23,6799
1137,Tatsugiri,-18,-36,-34,31,-1,24,4314
1138,Annihilape,24,29,-14,-39,-6,32,4194
1139,Clodsire,44,-11,-34,-44,4,-38,6609
1140,Farigiraf,34,4,-24,21,-26,2,2869
1141,Dudunsparce,39,14,-14,-4,-21,-3,2379
1142,Kingambit,14,49,26,-29,-11,-8,4299
1143,Great Tusk,29,45,37,-36,-43,29,8221
1144,Scream Tail,29,-21,5,-24,19,53,5053
1145,Brute Bonnet,25,41,5,-10,3,-3,2449
1146,Flutter Mane,-31,-31,-39,46,39,77,13009
1147,Slither Wing,-1,49,-15,-4,9,23,3253
1148,Sandy Shocks,-1,-5,3,32,-11,43,3029
1149,Iron Treads,4,26,26,-17,-26,48,4637
1150,Iron Bundle,-30,-6,20,35,-36,78,9941
1151,Iron Hands,68,54,14,-39,-28,-8,10105
1152,Iron Jugulis,8,-6,-8,33,-16,50,4009
1153,Iron Moth,-6,-16,-34,51,14,52,6949
1154,Iron Thorns,14,48,16,-19,-12,14,3457
1155,Frigibax,-21,-11,-49,-54,-51,-3,8489
1156,Arctibax,4,9,-28,-44,-31,4,3794
1157,Baxcalibur,29,59,-2,-14,-10,29,5463
1158,Gimmighoul (Chest Form),-41,-56,-24,-14,-26,-48,8569
1159,Gimmighoul (Roaming Form),-41,-56,-69,-14,-51,22,12859
1160,Gholdengo,1,-26,1,44,-5,26,3315
1161,Wo-Chien,-1,-1,6,6,39,12,1739
1162,Chien-Pao,-6,34,-14,1,-31,77,8279
1163,Ting-Lu,69,24,31,-34,-16,-13,7879
1164,Chi-Yu,-31,-6,-14,46,24,42,5649
1165,Roaring Moon,19,53,-23,-34,5,61,8601
1166,Iron Valiant,-12,44,-4,31,-36,58,7717
1167,Koraidon,14,49,21,-4,4,77,8999
1168,Miraidon,14,-1,6,46,19,77,8639
