Brian Tafazoli vs. Pokemon SSE,pokemon,D_HP,D_ATK,D_DEF,D_SPA,D_SPD,D_SPE,SSE
0,Bulbasaur,-34,-14,-11,-4,-23,5,2043
1,Ivysaur,-19,-1,3,11,-8,20,956
2,Venusaur,1,19,23,31,12,40,3596
3,Venusaur (Mega Venusaur),1,37,63,53,32,40,10772
4,Charmander,-40,-11,-17,-9,-38,25,4160
5,Charmeleon,-21,1,-2,11,-23,40,2696
6,Charizard,-1,21,18,40,-3,60,5975
7,Charizard (Mega Charizard X),-1,67,51,61,-3,60,14421
8,Charizard (Mega Charizard Y),-1,41,18,90,27,60,14435
9,Squirtle,-35,-15,5,-19,-24,3,2421
10,Wartortle,-20,0,20,-4,-8,18,1204
11,Blastoise,0,20,40,16,17,38,3989
12,Blastoise (Mega Blastoise),0,40,60,66,27,38,11729
13,Caterpie,-34,-33,-25,-49,-68,5,9920
14,Metapod,-29,-43,-5,-44,-63,-10,8720
15,Butterfree,-19,-18,-10,21,-8,30,2190
16,Weedle,-39,-28,-30,-49,-68,10,10330
17,Kakuna,-34,-38,-10,-44,-63,-5,8630
18,Beedrill,-14,27,-20,-24,-8,35,3190
19,Beedrill (Mega Beedrill),-14,87,-20,-54,-8,105,22170
20,Pidgey,-39,-18,-20,-34,-53,16,6466
21,Pidgeotto,-16,-3,-5,-19,-38,31,3056
22,Pidgeot,4,17,15,1,-18,61,4576
23,Pidgeot (Mega Pidgeot),4,17,20,66,-8,81,11686
24,Rattata,-49,-7,-25,-44,-53,32,8844
25,Rattata (Alolan Rattata),-49,-7,-25,-44,-53,32,8844
26,Raticate,-24,18,0,-19,-18,57,4834
27,Raticate (Alolan Raticate),-4,8,10,-29,-8,37,2454
28,Spearow,-39,-3,-30,-38,-57,30,8023
29,Fearow,-14,27,5,-8,-27,60,5343
30,Ekans,-44,-3,-16,-29,-34,15,4423
31,Arbok,-19,32,9,-4,-9,40,3163
32,Pikachu,-44,-8,-20,-19,-38,50,6705
33,Pikachu (Partner Pikachu),-34,17,-10,6,-28,80,8765
34,Raichu,-19,27,-5,21,-8,70,6520
35,Raichu (Alolan Raichu),-19,22,-10,26,-3,70,6530
36,Sandshrew,-29,12,25,-49,-58,0,7375
37,Sandshrew (Alolan Sandshrew),-29,12,30,-59,-53,0,8175
38,Sandslash,-4,37,50,-24,-33,25,6175
39,Sandslash (Alolan Sandslash),-4,37,60,-44,-23,25,8075
40,Nidoran♀,-24,-16,-8,-29,-48,1,4042
41,Nidorina,-9,-1,7,-14,-33,16,1672
42,Nidoqueen,11,29,27,6,-3,36,3032
43,Nidoran♂,-33,-6,-20,-29,-48,10,4770
44,Nidorino,-18,9,-3,-14,-33,25,2324
45,Nidoking,2,39,17,16,-13,45,4264
46,Clefairy,-9,-18,-12,-9,-23,-5,1184
47,Clefable,16,7,13,26,2,20,1554
48,Vulpix,-41,-22,-20,-19,-23,25,4080
49,Vulpix (Alolan Vulpix),-41,-22,-20,-19,-23,25,4080
50,Ninetales,-6,13,15,12,12,60,4318
51,Ninetales (Alolan Ninetales),-6,4,15,12,12,69,5326
52,Jigglypuff,36,-18,-40,-24,-63,-20,8165
53,Wigglytuff,61,7,-15,16,-38,5,5720
54,Zubat,-39,-18,-25,-39,-48,15,6520
55,Golbat,-4,17,10,-4,-13,50,3090
56,Oddish,-34,-13,-5,6,-23,-10,2015
57,Gloom,-19,2,10,16,-13,0,890
58,Vileplume,-4,17,25,41,2,10,2715
59,Paras,-44,7,-5,-24,-33,-15,3900
60,Parasect,-19,32,20,-9,-8,-10,2030
61,Venonat,-19,-8,-10,-29,-33,5,2480
62,Venomoth,-9,2,0,21,-13,50,3195
63,Diglett,-69,-8,-35,-34,-43,55,12080
64,Diglett (Alolan Diglett),-69,-8,-30,-34,-43,50,11230
65,Dugtrio,-44,37,-10,-19,-18,80,10490
66,Dugtrio (Alolan Dugtrio),-44,37,0,-19,-18,70,8890
67,Meowth,-39,-18,-25,-29,-48,50,8115
68,Meowth (Alolan Meowth),-39,-28,-25,-19,-48,50,8095
69,Meowth (Galarian Meowth),-29,2,-5,-29,-48,0,4015
70,Persian,-14,7,0,-4,-23,75,6415
71,Persian (Alolan Persian),-14,-3,0,6,-23,75,6395
72,Psyduck,-29,-11,-12,-4,-38,15,2791
73,Golduck,1,19,18,26,-8,45,3451
74,Mankey,-39,17,-25,-34,-43,30,6340
75,Primeape,-14,42,0,-9,-18,55,5390
76,Growlithe,-24,7,-15,1,-38,20,2695
77,Growlithe (Hisuian Growlithe),-19,12,-15,-4,-38,15,2415
78,Arcanine,11,47,20,31,-8,55,6780
79,Arcanine (Hisuian Arcanine),16,52,20,26,-8,50,6600
80,Poliwag,-39,-13,-20,-29,-48,50,7735
81,Poliwhirl,-14,2,5,-19,-38,50,4530
82,Poliwrath,11,32,35,1,2,30,3275
83,Abra,-54,-43,-45,36,-33,50,11675
84,Kadabra,-39,-28,-30,51,-18,65,10355
85,Alakazam,-24,-13,-15,66,7,80,11775
86,Alakazam (Mega Alakazam),-24,-13,5,106,17,110,24395
87,Machop,-9,17,-10,-34,-53,-5,4460
88,Machoke,1,37,10,-19,-28,5,2640
89,Machamp,11,67,20,-4,-3,15,5260
90,Bellsprout,-29,12,-25,1,-58,0,4975
91,Weepinbell,-14,27,-10,16,-43,15,3355
92,Victreebel,1,42,5,31,-18,30,3975
93,Tentacool,-39,-23,-25,-19,12,30,4080
94,Tentacruel,1,7,5,11,32,60,4820
95,Geodude,-39,17,40,-39,-58,-20,8695
96,Geodude (Alolan Geodude),-39,17,40,-39,-58,-20,8695
97,Graveler,-24,32,55,-24,-43,-5,7075
98,Graveler (Alolan Graveler),-24,32,55,-24,-43,-5,7075
99,Golem,1,57,70,-14,-23,5,8900
100,Golem (Alolan Golem),1,57,70,-14,-23,5,8900
101,Ponyta,-29,22,-5,-4,-23,50,4395
102,Ponyta (Galarian Ponyta),-29,22,-5,-4,-23,50,4395
103,Rapidash,-14,37,10,11,-8,65,6075
104,Rapidash (Galarian Rapidash),-14,37,10,11,-8,65,6075
105,Slowpoke,11,2,5,-29,-48,-25,3920
106,Slowpoke (Galarian Slowpoke),11,2,5,-29,-48,-25,3920
107,Slowbro,16,12,50,31,-8,-10,4025
108,Slowbro (Mega Slowbro),16,12,120,61,-8,-10,18685
109,Slowbro (Galarian Slowbro),16,37,35,31,-18,-10,4235
110,Magnemite,-54,-28,10,26,-33,5,5590
111,Magneton,-29,-3,35,51,-18,30,5900
112,Farfetch'd,-27,27,-5,-11,-26,20,2680
113,Farfetch'd (Galarian Farfetch'd),-27,32,-5,-11,-26,15,2800
114,Doduo,-44,22,-15,-34,-53,35,7835
115,Dodrio,-19,47,10,-9,-28,70,8435
116,Seel,-14,-18,-5,-24,-18,5,1470
117,Dewgong,11,7,20,1,7,30,1520
118,Grimer,1,17,-10,-29,-38,-15,2900
119,Grimer (Alolan Grimer),1,17,-10,-29,-38,-15,2900
120,Muk,26,42,15,-4,12,10,2925
121,Muk (Alolan Muk),26,42,15,-4,12,10,2925
122,Shellder,-49,2,40,-24,-63,0,8550
123,Cloyster,-29,32,120,16,-43,30,19270
124,Gastly,-49,-28,-30,31,-53,40,9455
125,Haunter,-34,-13,-15,46,-33,55,7780
126,Gengar,-19,2,0,61,-13,70,9155
127,Gengar (Mega Gengar),-19,2,20,101,7,90,19115
128,Onix,-44,-18,100,-39,-43,30,16530
129,Drowzee,-19,-15,-15,-26,2,2,1495
130,Hypno,6,10,10,4,27,27,1710
131,Krabby,-49,42,30,-44,-63,10,11070
132,Kingler,-24,67,55,-19,-38,35,11120
133,Voltorb,-39,-33,-10,-14,-33,60,7595
134,Voltorb (Hisuian Voltorb),-39,-33,-10,-14,-33,60,7595
135,Electrode,-19,-13,10,11,-8,110,12915
136,Electrode (Hisuian Electrode),-19,-13,10,11,-8,110,12915
137,Exeggcute,-19,-23,20,-9,-43,0,3220
138,Exeggutor,16,32,25,56,-13,15,5435
139,Exeggutor (Alolan Exeggutor),16,42,25,56,-13,5,5975
140,Cubone,-29,-13,35,-29,-38,-5,4545
141,Marowak,-19,17,50,-19,-8,5,3600
142,Marowak (Alolan Marowak),-19,17,50,-19,-8,5,3600
143,Hitmonlee,-29,57,-7,-34,22,47,7988
144,Hitmonchan,-29,42,19,-34,22,36,5902
145,Lickitung,11,-8,15,-9,-13,-10,760
146,Koffing,-39,2,35,-9,-43,-5,4705
147,Weezing,-14,27,60,16,-18,20,5505
148,Weezing (Galarian Weezing),-14,27,60,16,-18,20,5505
149,Rhyhorn,1,22,35,-39,-58,-15,6820
150,Rhydon,26,67,60,-24,-43,0,11190
151,Chansey,171,-58,-55,-34,17,10,37175
152,Tangela,-14,-8,55,31,-48,20,6950
153,Kangaskhan,26,32,20,-29,-8,50,5505
154,Kangaskhan (Mega Kangaskhan),26,62,40,-9,12,60,9945
155,Horsea,-49,-23,10,1,-63,20,7400
156,Seadra,-24,2,35,26,-43,45,6355
157,Goldeen,-34,4,0,-34,-38,23,4301
158,Seaking,1,29,5,-4,-8,28,1731
159,Staryu,-49,-18,-5,1,-33,45,5865
160,Starmie,-19,12,25,31,-3,75,7725
161,Mr. Mime,-39,-18,5,31,32,50,6355
162,Mr. Mime (Galarian Mr. Mime),-29,2,5,21,2,60,4915
163,Scyther,-9,47,20,-14,-8,65,7175
164,Jynx,-14,-13,-25,46,7,55,6180
165,Electabuzz,-14,20,-3,26,-3,65,5515
166,Magmar,-14,32,-3,31,-3,53,5008
167,Pinsir,-14,62,40,-14,-18,45,8185
168,Pinsir (Mega Pinsir),-14,92,60,-4,2,65,16505
169,Tauros,-4,37,35,-29,-18,70,8675
170,Tauros (Paldean Tauros (Combat Breed)),-4,47,45,-39,-18,60,9695
171,Tauros (Paldean Tauros (Blaze Breed)),-4,47,45,-39,-18,60,9695
172,Tauros (Paldean Tauros (Aqua Breed)),-4,47,45,-39,-18,60,9695
173,Magikarp,-59,-53,-5,-54,-68,40,15455
174,Gyarados,16,62,19,-9,12,41,6367
175,Gyarados (Mega Gyarados),16,92,49,1,42,41,14567
176,Lapras,51,22,20,16,7,20,4190
177,Ditto,-31,-15,-12,-21,-40,8,3435
178,Eevee,-24,-8,-10,-24,-23,15,2070
179,Eevee (Partner Eevee),-14,12,10,-4,-3,35,1690
180,Vaporeon,51,2,0,41,7,25,4960
181,Jolteon,-14,2,0,41,7,90,10030
182,Flareon,-14,67,0,26,22,25,6470
183,Porygon,-14,-3,10,16,-13,0,730
184,Omanyte,-44,-23,40,21,-33,-5,5620
185,Omastar,-9,-3,65,46,-18,15,6980
186,Kabuto,-49,17,30,-14,-43,15,5860
187,Kabutops,-19,52,45,-4,-18,40,7030
188,Aerodactyl,1,42,5,-9,-13,90,10140
189,Aerodactyl (Mega Aerodactyl),1,72,25,1,7,110,17960
190,Snorlax,81,47,5,-4,22,-10,9395
191,Articuno,11,22,40,26,37,45,6275
192,Articuno (Galarian Articuno),11,22,25,56,12,55,7535
193,Zapdos,11,27,25,56,2,60,8215
194,Zapdos (Galarian Zapdos),11,62,30,16,2,60,8725
195,Moltres,11,37,30,56,-3,50,8035
196,Moltres (Galarian Moltres),11,22,30,31,37,50,6335
197,Dratini,-38,1,-15,-19,-38,10,3575
198,Dragonair,-18,21,5,1,-18,30,2015
199,Dragonite,12,71,35,31,12,40,9115
200,Mewtwo,27,47,30,85,2,90,19167
201,Mewtwo (Mega Mewtwo X),27,127,40,85,12,90,33927
202,Mewtwo (Mega Mewtwo Y),27,87,10,125,32,100,35047
203,Mew,21,37,40,31,12,60,8115
204,Chikorita,-34,-14,5,-20,-23,5,2331
205,Bayleef,-19,-1,20,-6,-8,20,1262
206,Meganium,1,19,40,14,12,40,3902
207,Cyndaquil,-40,-11,-17,-9,-38,25,4160
208,Quilava,-21,1,-2,11,-23,40,2696
209,Typhlosion,-1,21,18,40,-3,60,5975
210,Typhlosion (Hisuian Typhlosion),-6,21,18,50,-3,55,6335
211,Totodile,-29,2,4,-25,-40,3,3095
212,Croconaw,-14,17,20,-10,-25,18,1934
213,Feraligatr,6,42,40,10,-5,38,4969
214,Sentret,-44,-17,-26,-34,-43,-20,6306
215,Furret,6,13,4,-24,-33,50,4386
216,Hoothoot,-19,-33,-30,-33,-32,10,4563
217,Noctowl,21,-13,-10,17,8,30,1963
218,Ledyba,-39,-43,-30,-29,-8,15,5400
219,Ledian,-24,-28,-10,-14,22,45,4165
220,Spinarak,-39,-3,-20,-29,-48,-10,5175
221,Ariados,-9,27,10,-9,-18,0,1315
222,Crobat,6,27,20,1,-8,90,9330
223,Chinchou,-4,-25,-22,-13,-32,27,3047
224,Lanturn,46,-5,-2,7,-12,27,3067
225,Pichu,-59,-23,-45,-34,-53,20,10400
226,Cleffa,-29,-38,-32,-24,-33,-25,5599
227,Igglybuff,11,-33,-45,-29,-68,-25,9325
228,Togepi,-44,-43,5,-29,-23,-20,5580
229,Togetic,-24,-23,25,11,17,0,2140
230,Natu,-39,-13,-15,1,-43,30,4665
231,Xatu,-14,12,10,26,-18,55,4465
232,Mareep,-24,-23,-20,-4,-43,-5,3395
233,Flaaffy,-9,-8,-5,11,-28,5,1100
234,Ampharos,11,12,25,46,2,15,3235
235,Ampharos (Mega Ampharos),11,32,45,96,22,5,12895
236,Bellossom,-4,17,35,21,12,10,2215
237,Marill,-9,-43,-10,-49,-38,0,5875
238,Azumarill,21,-13,20,-9,-8,10,1255
239,Sudowoodo,-9,37,55,-39,-23,-10,6625
240,Politoed,11,12,15,21,12,30,1975
241,Hoppip,-44,-28,-20,-34,-33,10,5465
242,Skiploom,-24,-18,-10,-24,-23,40,3705
243,Jumpluff,-4,-8,10,-14,7,70,5325
244,Aipom,-24,7,-5,-29,-33,45,4605
245,Sunkern,-49,-33,-30,-39,-58,-10,9375
246,Sunflora,-4,12,-5,36,-3,-10,1590
247,Yanma,-14,2,-15,6,-43,55,5335
248,Wooper,-24,-18,-15,-44,-63,-25,7655
249,Wooper (Paldean Wooper),-24,-18,-15,-44,-63,-25,7655
250,Quagsire,16,22,25,-4,-23,-5,1935
251,Espeon,-14,2,0,61,7,70,8870
252,Umbreon,16,2,50,-9,42,25,5230
253,Murkrow,-19,22,-18,16,-46,51,6142
254,Slowking,16,12,20,31,22,-10,2345
255,Slowking (Galarian Slowking),16,2,20,41,22,-10,2925
256,Misdreavus,-19,-3,0,16,-3,45,2660
257,Unown,-31,9,-12,3,-40,8,2859
258,Wobbuffet,111,-30,-2,-36,-30,-7,15470
259,Girafarig,-9,17,5,21,-23,45,3390
260,Pineco,-29,2,30,-34,-53,-25,6335
261,Forretress,-4,27,80,-9,-28,0,8010
262,Dunsparce,21,7,10,-4,-23,5,1160
263,Gligar,-14,12,45,-34,-23,45,6075
264,Steelix,-4,22,140,-14,-23,-10,20925
265,Steelix (Mega Steelix),-4,62,170,-14,7,-10,33105
266,Snubbull,-19,17,-10,-29,-48,-10,3995
267,Granbull,11,57,15,-9,-28,5,4485
268,Qwilfish,-14,32,25,-14,-33,45,5155
269,Qwilfish (Hisuian Qwilfish),-14,32,25,-14,-33,45,5155
270,Scizor,-9,67,40,-14,-8,25,7055
271,Scizor (Mega Scizor),-9,87,80,-4,12,35,15435
272,Shuckle,-59,-53,170,-59,142,-35,60060
273,Heracross,1,62,15,-29,7,45,6985
274,Heracross (Mega Heracross),1,122,55,-29,17,35,20265
275,Sneasel,-24,32,-5,-34,-13,75,8575
276,Sneasel (Hisuian Sneasel),-24,32,-5,-34,-13,75,8575
277,Teddiursa,-19,17,-10,-19,-38,0,2555
278,Ursaring,11,67,15,6,-13,15,5265
279,Slugma,-39,-23,-20,1,-48,-20,5155
280,Magcargo,-19,-13,60,21,-8,-10,4735
281,Swinub,-29,-13,-20,-39,-58,10,6395
282,Piloswine,21,37,20,-9,-28,10,3175
283,Corsola,-14,-8,35,-4,7,-5,1575
284,Corsola (Galarian Corsola),-19,-8,40,-4,12,-10,2285
285,Remoraid,-44,2,-25,-4,-53,25,6015
286,Octillery,-4,42,15,36,-13,5,3495
287,Delibird,-34,-8,-15,-4,-43,35,4535
288,Mantine,6,-23,10,11,52,30,4390
289,Skarmory,-14,17,80,-29,-18,30,8950
290,Houndour,-34,-3,-30,11,-38,25,4255
291,Houndoom,-4,27,-10,41,-8,55,5615
292,Houndoom (Mega Houndoom),-4,27,30,71,2,75,12315
293,Kingdra,-4,32,35,26,7,45,5015
294,Phanpy,11,-3,0,-29,-48,0,3275
295,Donphan,11,57,60,-9,-28,10,7935
296,Porygon2,6,17,30,36,7,20,2970
297,Stantler,-6,32,2,16,-23,45,3874
298,Smeargle,-24,-43,-25,-49,-43,35,8525
299,Tyrogue,-44,-28,-25,-34,-53,-5,7335
300,Hitmontop,-29,32,35,-34,22,30,5630
301,Smoochum,-34,-33,-45,16,-23,25,5680
302,Elekid,-34,0,-23,-4,-33,55,5815
303,Magby,-34,12,-23,1,-33,43,4768
304,Miltank,16,17,45,-29,-18,60,7335
305,Blissey,176,-53,-50,6,47,15,38755
306,Raikou,11,22,15,46,12,75,8715
307,Entei,36,52,25,21,-13,60,8835
308,Suicune,21,12,55,21,27,45,6805
309,Larvitar,-29,1,-10,-24,-38,1,2963
310,Pupitar,-9,21,10,-4,-18,11,1083
311,Tyranitar,21,71,50,26,12,21,9243
312,Tyranitar (Mega Tyranitar),21,101,90,26,32,31,21403
313,Lugia,27,27,70,21,66,70,16055
314,Ho-Oh,27,67,30,41,66,50,14655
315,Celebi,21,37,40,31,12,60,8115
316,Treecko,-39,-18,-25,-4,-33,30,4475
317,Grovyle,-29,2,-15,16,-23,55,4880
318,Sceptile,-9,22,5,36,-3,80,8295
319,Sceptile (Mega Sceptile),-9,47,15,76,-3,105,19325
320,Torchic,-34,-3,-20,1,-38,5,3035
321,Combusken,-19,22,0,16,-28,15,2110
322,Blaziken,1,57,10,41,-18,40,6955
323,Blaziken (Mega Blaziken),1,97,20,61,-8,60,17195
324,Mudkip,-29,7,-10,-19,-38,0,2795
325,Marshtomp,-9,22,10,-9,-18,10,1170
326,Swampert,21,47,30,16,2,20,4210
327,Swampert (Mega Swampert),21,87,50,26,22,30,12570
328,Poochyena,-44,-8,-25,-39,-58,-5,7535
329,Mightyena,-9,27,10,-9,-28,30,2675
330,Zigzagoon,-41,-33,-19,-39,-47,20,7261
331,Zigzagoon (Galarian Zigzagoon),-41,-33,-19,-39,-47,20,7261
332,Linoone,-1,7,1,-19,-27,60,4741
333,Linoone (Galarian Linoone),-1,7,1,-19,-27,60,4741
334,Wurmple,-34,-18,-25,-49,-58,-20,8270
335,Silcoon,-29,-28,-5,-44,-63,-25,8180
336,Beautifly,-19,7,-10,31,-38,25,3540
337,Cascoon,-29,-28,-5,-44,-63,-25,8180
338,Dustox,-19,-13,10,-19,2,25,1620
339,Lotad,-39,-33,-30,-29,-38,-10,5895
340,Lombre,-19,-13,-10,-9,-18,10,1135
341,Ludicolo,1,7,10,21,12,30,1635
342,Seedot,-39,-23,-10,-39,-58,-10,7135
343,Nuzleaf,-9,7,-20,-9,-48,20,3315
344,Shiftry,11,37,0,21,-28,40,4315
345,Taillow,-39,-8,-30,-39,-58,45,9395
346,Swellow,-19,22,0,6,-38,85,9550
347,Wingull,-39,-33,-30,-14,-58,45,9095
348,Pelipper,-19,-13,40,26,-18,25,3755
349,Ralts,-51,-38,-35,-24,-53,0,8655
350,Kirlia,-41,-28,-25,-4,-33,10,4295
351,Gardevoir,-11,2,5,56,27,40,5615
352,Gardevoir (Mega Gardevoir),-11,22,5,96,47,60,15655
353,Surskit,-39,-33,-28,-19,-36,25,5676
354,Masquerain,-9,-3,2,31,-6,40,2691
355,Shroomish,-19,-23,0,-29,-28,-5,2540
356,Breloom,-19,67,20,-9,-28,30,7015
357,Slakoth,-19,-3,0,-34,-53,-10,4435
358,Vigoroth,1,17,20,-14,-33,50,4475
359,Slaking,71,97,40,26,-23,60,20855
360,Nincada,-48,-18,30,-39,-58,0,8413
361,Ninjask,-18,27,-15,-19,-38,120,17483
362,Shedinja,-78,27,-15,-39,-58,0,11923
363,Whismur,-15,-12,-37,-18,-65,-12,6431
364,Loudred,5,8,-17,2,-45,8,2471
365,Exploud,25,28,3,22,-15,28,2911
366,Makuhita,-7,-3,-30,-49,-58,-15,6948
367,Hariyama,65,57,0,-29,-28,10,9199
368,Azurill,-29,-43,-20,-49,-48,-20,8195
369,Nosepass,-49,-18,75,-24,2,-10,9030
370,Skitty,-29,-18,-15,-34,-53,10,5455
371,Delcatty,-9,2,5,-14,-33,50,3895
372,Sableye,-29,12,15,-4,-23,10,1855
373,Sableye (Mega Sableye),-29,22,65,16,27,-20,6935
374,Mawile,-29,22,25,-14,-33,10,3335
375,Mawile (Mega Mawile),-29,42,65,-14,7,10,7175
376,Aron,-29,7,40,-29,-48,-10,5735
377,Lairon,-19,27,80,-19,-38,0,9295
378,Aggron,-9,47,120,-9,-28,10,17655
379,Aggron (Mega Aggron),-9,77,170,-9,-8,10,35155
380,Meditite,-49,-23,-5,-29,-33,20,5285
381,Medicham,-19,-3,15,-9,-13,40,2445
382,Medicham (Mega Medicham),-19,37,25,11,-3,60,6085
383,Electrike,-39,-18,-20,-4,-48,25,5190
384,Manectric,-9,12,0,36,-28,65,6530
385,Manectric (Mega Manectric),-9,12,20,66,-8,95,14070
386,Plusle,-19,-13,-20,16,-13,55,4380
387,Minun,-19,-23,-10,6,-3,55,4060
388,Volbeat,-14,10,15,-22,-3,45,3039
389,Illumise,-14,-16,15,4,-3,45,2727
390,Roselia,-29,-3,-15,31,-8,25,2725
391,Gulpin,-9,-20,-7,-26,-35,0,2431
392,Swalot,21,10,23,4,-5,15,1336
393,Carvanha,-34,27,-40,-4,-68,25,8750
394,Sharpedo,-9,57,-20,26,-48,55,9735
395,Sharpedo (Mega Sharpedo),-9,77,10,41,-23,65,12545
396,Wailmer,51,7,-25,1,-53,20,6485
397,Wailord,91,27,-15,21,-43,20,11925
398,Numel,-19,-3,-20,-4,-43,-5,2660
399,Camerupt,-9,37,10,36,-13,0,3015
400,Camerupt (Mega Camerupt),-9,57,40,76,17,-20,11395
401,Torkoal,-9,22,80,16,-18,-20,7945
402,Spoink,-19,-38,-25,1,-8,20,2895
403,Grumpig,1,-18,5,21,22,40,2875
404,Spinda,-19,-3,0,-9,-28,20,1635
405,Trapinch,-34,37,-15,-24,-43,-30,6075
406,Vibrava,-29,7,-10,-19,-38,30,3695
407,Flygon,1,37,20,11,-8,60,5555
408,Cacnea,-29,22,-20,16,-48,-5,4310
409,Cacturne,-9,52,0,46,-28,15,5910
410,Swablu,-34,-23,0,-29,-13,10,2795
411,Altaria,-4,7,30,1,17,40,2855
412,Altaria (Mega Altaria),-4,47,50,41,17,40,8295
413,Zangoose,-6,52,0,-9,-28,50,6105
414,Seviper,-6,37,0,31,-28,25,3775
415,Lunatone,11,-8,5,26,-3,30,1795
416,Solrock,11,32,25,-14,-23,30,3395
417,Barboach,-29,-15,-17,-23,-47,20,4493
418,Whiscash,31,15,13,7,-17,20,2093
419,Corphish,-36,17,5,-19,-53,-5,4805
420,Crawdaunt,-16,57,25,21,-33,15,5885
421,Baltoy,-39,-23,-5,-29,-18,15,3465
422,Claydol,-19,7,45,1,32,35,4685
423,Lileep,-13,-22,17,-8,-1,-17,1296
424,Cradily,7,18,37,12,19,3,2256
425,Anorith,-34,32,-10,-29,-38,35,5790
426,Armaldo,-4,62,40,1,-8,5,5550
427,Feebas,-59,-48,-40,-59,-33,40,13555
428,Milotic,16,-3,19,31,37,41,4637
429,Castform,-9,7,10,1,-18,30,1455
430,Kecleon,-19,27,10,-9,32,0,2295
431,Shuppet,-35,12,-25,-6,-55,5,5080
432,Banette,-15,52,5,14,-25,25,4400
433,Banette (Mega Banette),-15,102,15,24,-5,35,12680
434,Duskull,-59,-23,30,-39,2,-15,6660
435,Dusclops,-39,7,70,-9,42,-15,8540
436,Tropius,20,5,23,3,-1,11,1085
437,Chimecho,-4,-13,20,26,2,25,1890
438,Absol,-14,67,0,6,-28,35,6730
439,Absol (Mega Absol),-14,87,0,46,-28,75,16290
440,Wynaut,16,-40,-12,-46,-40,-17,6005
441,Snorunt,-29,-13,-10,-19,-38,10,3015
442,Glalie,1,17,20,11,-8,40,2475
443,Glalie (Mega Glalie),1,57,20,51,-8,60,9915
444,Spheal,-9,-23,-10,-14,-38,-15,2575
445,Sealeo,11,-3,10,6,-18,5,615
446,Walrein,31,17,30,26,2,25,3455
447,Clamperl,-44,1,25,5,-33,-8,3740
448,Huntail,-24,41,45,25,-13,12,5220
449,Gorebyss,-24,21,45,45,-13,12,5380
450,Relicanth,21,27,70,-24,-23,15,7400
451,Luvdisc,-36,-33,-5,-29,-23,57,7029
452,Bagon,-34,12,0,-29,-58,10,5605
453,Shelgon,-14,32,40,-9,-38,10,4445
454,Salamence,16,72,20,41,-8,60,11185
455,Salamence (Mega Salamence),16,82,70,51,2,80,20885
456,Beldum,-39,-8,20,-34,-28,-10,4025
457,Metang,-19,12,40,-14,-8,10,2465
458,Metagross,1,72,70,26,2,30,11665
459,Metagross (Mega Metagross),1,82,90,36,22,70,21505
460,Regirock,1,37,140,-19,12,10,21575
461,Regice,1,-13,40,31,112,10,15375
462,Registeel,1,12,90,6,62,10,12225
463,Latias,1,17,30,41,42,70,9535
464,Latias (Mega Latias),1,37,60,71,62,70,18755
465,Latios,1,27,20,61,22,70,10235
466,Latios (Mega Latios),1,67,40,91,32,70,20295
467,Kyogre,21,37,30,81,52,50,14475
468,Kyogre (Primal Kyogre),21,87,30,111,72,50,28915
469,Groudon,21,87,80,31,2,50,17875
470,Groudon (Primal Groudon),21,117,100,81,2,50,33195
471,Rayquaza,26,87,30,81,2,55,18735
472,Rayquaza (Mega Rayquaza),26,117,40,111,12,75,34055
473,Jirachi,21,37,40,31,12,60,8115
474,Deoxys (Normal Forme),-29,87,-10,81,-38,110,28615
475,Deoxys (Attack Forme),-29,117,-40,111,-68,110,45175
476,Deoxys (Defense Forme),-29,7,100,1,72,50,18575
477,Deoxys (Speed Forme),-29,32,30,26,2,140,23045
478,Turtwig,-24,5,4,-24,-33,-9,2363
479,Grotle,-4,26,25,-14,-23,-4,2058
480,Torterra,16,46,45,6,-3,16,4698
481,Chimchar,-35,-5,-16,-11,-44,21,4004
482,Monferno,-15,15,-8,9,-36,41,3572
483,Infernape,-3,41,11,35,-17,68,7949
484,Piplup,-26,-12,-7,-8,-32,0,1957
485,Prinplup,-15,3,8,12,-12,10,686
486,Empoleon,5,23,28,42,13,20,3671
487,Starly,-39,-8,-30,-39,-58,20,7770
488,Staravia,-24,12,-10,-29,-48,40,5565
489,Staraptor,6,57,10,-19,-28,60,8130
490,Bidoof,-20,-18,-20,-34,-48,-9,4665
491,Bibarel,0,22,0,-14,-28,31,2425
492,Kricketot,-42,-38,-19,-44,-47,-15,7939
493,Kricketune,-2,22,-9,-14,-37,25,2759
494,Shinx,-34,2,-26,-29,-54,5,5618
495,Luxio,-19,22,-11,-9,-39,20,2968
496,Luxray,1,57,19,26,-9,30,5268
497,Budew,-39,-33,-25,-19,-18,15,4145
498,Roserade,-19,7,5,56,17,50,6360
499,Cranidos,-12,62,-20,-39,-58,18,9597
500,Rampardos,18,102,0,-4,-38,18,12512
501,Shieldon,-49,-21,58,-27,0,-10,7035
502,Bastiodon,-19,-11,108,-22,50,-10,15230
503,Burmy,-39,-34,-15,-40,-43,-4,6367
504,Wormadam (Plant Cloak),-19,-4,25,10,17,-4,1407
505,Wormadam (Sandy Cloak),-19,16,45,-10,-3,-4,2767
506,Wormadam (Trash Cloak),-19,6,35,0,7,-4,1687
507,Mothim,-9,31,-10,25,-38,26,3887
508,Combee,-49,-33,-18,-39,-46,30,8351
509,Vespiquen,-9,17,42,11,14,0,2451
510,Pachirisu,-19,-18,10,-24,2,55,4390
511,Buizel,-24,2,-25,-9,-58,45,6675
512,Floatzel,6,42,-5,16,-38,75,9150
513,Cherubi,-34,-28,-15,-7,-35,-5,3464
514,Cherrim,-9,-3,10,18,-10,45,2639
515,Shellos,-3,-15,-12,-12,-26,-6,1234
516,Gastrodon,32,20,8,23,-6,-1,2054
517,Ambipom,-4,37,6,-9,-22,75,7611
518,Drifloon,11,-13,-26,-9,-44,30,3883
519,Drifblim,71,17,-16,21,-34,40,8783
520,Buneary,-24,3,-16,-25,-32,45,4515
521,Lopunny,-14,13,24,-15,8,65,5455
522,Lopunny (Mega Lopunny),-14,73,34,-15,8,95,15995
523,Mismagius,-19,-3,0,36,17,65,6180
524,Honchkrow,21,62,-8,36,-36,31,7902
525,Glameow,-30,-8,-18,-27,-51,45,6643
526,Purugly,-8,19,4,-5,-29,72,6491
527,Chingling,-34,-33,-10,-4,-38,5,3830
528,Stunky,-16,0,-13,-28,-47,34,4574
529,Skuntank,24,30,7,2,-27,44,4194
530,Bronzor,-22,-39,26,-45,-2,-17,4999
531,Bronzong,-12,26,56,10,28,-7,4889
532,Bonsly,-29,17,35,-59,-43,-30,8585
533,Mime Jr.,-59,-38,-15,1,2,20,5555
534,Happiny,21,-58,-55,-54,-23,-10,10375
535,Chatot,-3,2,-15,23,-46,51,5484
536,Spiritomb,-29,29,48,23,20,-5,4940
537,Gible,-21,7,-15,-29,-43,2,3409
538,Gabite,-11,27,5,-19,-33,42,4089
539,Garchomp,29,67,35,11,-3,62,10529
540,Garchomp (Mega Garchomp),29,107,55,51,7,52,20669
541,Munchlax,56,22,-20,-29,-3,-35,6095
542,Riolu,-39,7,-20,-34,-48,20,5830
543,Lucario,-9,47,10,46,-18,50,7330
544,Lucario (Mega Lucario),-9,82,28,71,-18,72,18138
545,Hippopotas,-11,9,18,-31,-46,-8,3667
546,Hippowdon,29,49,58,-1,-16,7,6912
547,Skorupi,-39,-13,30,-39,-33,25,5825
548,Drapion,-9,27,50,-9,-13,55,6585
549,Croagunk,-31,-2,-20,-8,-48,10,3833
550,Toxicroak,4,43,5,17,-23,45,4733
551,Carnivine,-5,37,12,21,-16,6,2271
552,Finneon,-30,-14,-4,-20,-27,26,2917
553,Lumineon,-10,6,16,0,-2,51,2997
554,Mantyke,-34,-43,-10,-9,32,10,4310
555,Snover,-19,-1,-10,-7,-28,0,1295
556,Abomasnow,11,29,15,23,-3,20,2125
557,Abomasnow (Mega Abomasnow),11,69,45,63,17,-10,11265
558,Weavile,-9,57,5,-24,-3,85,11165
559,Magnezone,-9,7,55,61,2,20,7280
560,Lickilicky,31,22,35,11,7,10,2940
561,Rhyperior,36,77,70,-14,-33,0,13410
562,Tangrowth,21,37,65,41,-38,10,9260
563,Electivire,-4,60,7,26,-3,55,7375
564,Magmortar,-4,32,7,56,7,43,6123
565,Togekiss,6,-13,35,51,27,40,6360
566,Yanmega,7,13,26,47,-32,55,7152
567,Leafeon,-14,47,70,-9,-23,55,10940
568,Glaceon,-14,-3,50,61,7,25,7100
569,Gliscor,-4,32,65,-24,-13,55,9035
570,Mamoswine,31,67,20,1,-28,40,8235
571,Porygon-Z,6,17,10,66,-13,50,7450
572,Gallade,-11,62,5,-4,27,40,6335
573,Gallade (Mega Gallade),-11,102,35,-4,27,70,17395
574,Probopass,-19,-8,85,6,62,0,11530
575,Dusknoir,-34,37,75,-4,47,5,10400
576,Froslass,-9,17,10,11,-18,70,5815
577,Rotom,-29,-13,17,26,-11,51,4697
578,Rotom (Heat Rotom),-29,2,47,36,19,46,6827
579,Rotom (Wash Rotom),-29,2,47,36,19,46,6827
580,Rotom (Frost Rotom),-29,2,47,36,19,46,6827
581,Rotom (Fan Rotom),-29,2,47,36,19,46,6827
582,Rotom (Mow Rotom),-29,2,47,36,19,46,6827
583,Uxie,-4,12,70,6,42,55,9885
584,Mesprit,1,42,45,36,17,40,6975
585,Azelf,-4,62,10,56,-18,75,13045
586,Dialga,21,57,60,81,12,50,16495
587,Dialga (Origin Forme),21,37,60,81,32,50,15495
588,Palkia,11,57,40,81,32,60,16155
589,Palkia (Origin Forme),11,37,40,81,32,80,17075
590,Heatran,12,27,46,61,18,37,8403
591,Regigigas,31,97,50,11,22,60,17075
592,Giratina (Altered Forme),71,37,60,31,32,50,14495
593,Giratina (Origin Forme),71,57,40,51,12,50,15135
594,Cresselia,41,7,60,6,42,45,9155
595,Phione,1,17,20,11,-8,40,2475
596,Manaphy,21,37,40,31,12,60,8115
597,Darkrai,-9,27,30,66,2,85,13295
598,Shaymin (Land Forme),21,37,40,31,12,60,8115
599,Shaymin (Sky Forme),21,40,15,51,-13,87,12605
600,Arceus,41,57,60,51,32,80,18555
601,Victini,21,37,40,31,12,60,8115
602,Snivy,-34,-18,-5,-24,-33,23,3699
603,Servine,-19,-3,15,-9,-13,43,2694
604,Serperior,-4,12,35,6,7,73,6799
605,Tepig,-14,0,-15,-24,-43,5,2871
606,Pignite,11,30,-5,1,-33,15,2361
607,Emboar,31,60,5,31,-23,25,6701
608,Oshawott,-24,-8,-15,-6,-43,5,2775
609,Dewott,-4,12,0,14,-28,20,1540
610,Samurott,16,37,25,39,-18,30,4995
611,Samurott (Hisuian Samurott),11,45,20,31,-23,45,6061
612,Patrat,-34,-8,-21,-34,-49,2,5222
613,Watchog,-19,22,9,-9,-19,37,2737
614,Lillipup,-34,-3,-15,-44,-43,15,5400
615,Herdier,-14,17,5,-34,-23,20,2595
616,Stoutland,6,47,30,-24,2,40,5325
617,Purrloin,-38,-13,-23,-19,-51,26,5780
618,Liepard,-15,25,-10,19,-38,66,7111
619,Pansage,-29,-10,-12,-16,-40,24,3517
620,Simisage,-4,35,3,29,-25,61,6437
621,Pansear,-29,-10,-12,-16,-40,24,3517
622,Simisear,-4,35,3,29,-25,61,6437
623,Panpour,-29,-10,-12,-16,-40,24,3517
624,Simipour,-4,35,3,29,-25,61,6437
625,Munna,-3,-38,-15,-2,-33,-16,3027
626,Musharna,37,-8,25,38,7,-11,3672
627,Pidove,-29,-8,-10,-33,-58,3,5467
628,Tranquill,-17,14,2,-19,-46,25,3591
629,Unfezant,1,52,20,-4,-33,53,7019
630,Blitzle,-34,-3,-28,-19,-56,36,6742
631,Zebstrika,-4,37,3,11,-25,76,7916
632,Roggenrola,-24,12,25,-44,-63,-25,7875
633,Boldore,-9,42,45,-19,-48,-20,6935
634,Gigalith,6,72,70,-9,-8,-15,10490
635,Woobat,-14,-18,-17,-14,-45,32,4054
636,Swoobat,-12,-6,-5,8,-33,74,6834
637,Drilbur,-19,22,-20,-39,-43,28,5399
638,Excadrill,31,72,0,-19,-23,48,9339
639,Audino,24,-3,26,-9,-2,10,1446
640,Audino (Mega Audino),24,-3,66,11,38,10,6606
641,Timburr,-4,17,-5,-44,-53,-5,5100
642,Gurdurr,6,42,25,-29,-38,0,4710
643,Conkeldurr,26,77,35,-14,-23,5,8580
644,Tympole,-29,-13,-20,-19,-48,24,4651
645,Palpitoad,-4,2,-5,-4,-33,29,1991
646,Seismitoad,26,32,15,16,-13,34,3506
647,Throh,41,37,25,-39,-3,5,5230
648,Sawk,-4,62,15,-39,-13,45,7800
649,Sewaddle,-34,-10,10,-29,-28,2,2985
650,Swadloon,-24,0,30,-19,-8,2,1905
651,Leavanny,-4,40,20,1,-8,52,4785
652,Venipede,-49,-18,-1,-39,-49,17,6937
653,Whirlipede,-39,-8,39,-29,-9,7,4077
654,Scolipede,-19,37,29,-14,-19,72,8312
655,Cottonee,-39,-36,0,-32,-38,26,5961
656,Whimsicott,-19,4,25,8,-13,76,7011
657,Petilil,-34,-28,-10,1,-38,-10,3585
658,Lilligant,-9,-3,15,41,-13,50,4665
659,Lilligant (Hisuian Lilligant),-9,42,15,-19,-13,65,6825
660,Basculin,-9,29,5,11,-33,58,5521
661,Sandile,-29,9,-25,-34,-53,25,6137
662,Krokorok,-19,19,-15,-24,-43,34,4528
663,Krookodile,16,54,20,-4,-18,52,6616
664,Darumaka,-9,27,-15,-54,-43,10,5900
665,Darumaka (Galarian Darumaka),-9,27,-15,-54,-43,10,5900
666,Darmanitan (Standard Mode),26,77,-5,-39,-33,55,12265
667,Darmanitan (Zen Mode),26,-33,45,71,17,15,9345
668,Darmanitan (Galarian Standard Mode),26,77,-5,-39,-33,55,12265
669,Darmanitan (Galarian Zen Mode),26,97,-5,-39,-33,95,21745
670,Maractus,-4,23,7,37,-21,20,2804
671,Dwebble,-29,2,25,-34,-53,15,5660
672,Crustle,-9,42,65,-4,-13,5,6280
673,Scraggy,-29,12,10,-34,-18,8,2629
674,Scrafty,-14,27,55,-24,27,18,5579
675,Sigilyph,-7,-5,20,34,-8,57,4943
676,Yamask,-41,-33,25,-14,-23,-10,4220
677,Yamask (Galarian Yamask),-41,-8,25,-39,-23,-10,4520
678,Cofagrigus,-21,-13,85,26,17,-10,8900
679,Tirtouga,-25,15,43,-16,-43,-18,5128
680,Carracosta,-5,45,73,14,-23,-8,8168
681,Archen,-24,49,-15,5,-43,30,5976
682,Archeops,-4,77,5,43,-23,70,13248
683,Trubbish,-29,-13,2,-29,-26,25,3156
684,Garbodor,1,32,22,-9,-6,35,2851
685,Zorua,-39,2,-20,11,-48,25,4975
686,Zorua (Hisuian Zorua),-44,-3,-20,16,-48,30,5805
687,Zoroark,-19,42,0,51,-28,65,9735
688,Zoroark (Hisuian Zoroark),-24,37,0,56,-28,70,10765
689,Minccino,-24,-13,-20,-29,-48,35,5515
690,Cinccino,-4,32,0,-4,-28,75,7465
691,Gothita,-34,-33,-10,-14,-23,5,3095
692,Gothorita,-19,-18,10,6,-3,15,1055
693,Gothitelle,-9,-8,35,26,22,25,3155
694,Solosis,-34,-33,-20,36,-38,-20,5785
695,Duosion,-14,-23,-10,56,-28,-10,4845
696,Reuniclus,31,2,15,56,-3,-10,4435
697,Ducklett,-17,-19,-10,-25,-38,15,3044
698,Swanna,-4,24,3,18,-25,58,4914
699,Vanillite,-43,-13,-10,-4,-28,4,2934
700,Vanillish,-28,2,5,11,-13,19,1464
701,Vanilluxe,-8,32,25,41,7,39,4964
702,Deerling,-19,-3,-10,-29,-38,35,3980
703,Sawsbuck,1,37,10,-9,-18,55,4900
704,Emolga,-24,12,0,6,-28,63,5509
705,Karrablast,-29,12,-15,-29,-43,20,4300
706,Escavalier,-9,72,45,-9,17,-20,8060
707,Foongus,-10,-8,-15,-14,-33,-25,2299
708,Amoonguss,35,22,10,16,-8,-10,2229
709,Frillish,-24,-23,-10,-4,-3,0,1230
710,Jellicent,21,-3,10,16,17,20,1495
711,Alomomola,86,12,20,-29,-43,25,11255
712,Joltik,-29,-16,-10,-12,-38,25,3410
713,Galvantula,-9,14,0,28,-28,68,6469
714,Ferroseed,-35,-13,31,-45,-2,-30,5284
715,Ferrothorn,-5,31,71,-15,28,-20,7436
716,Klink,-39,-8,10,-24,-28,-10,3145
717,Klang,-19,17,35,1,-3,10,1985
718,Klinklang,-19,37,55,1,-3,50,7265
719,Tynamo,-44,-8,-20,-24,-48,20,5680
720,Eelektrik,-14,22,10,6,-18,0,1140
721,Eelektross,6,52,20,36,-8,10,4600
722,Elgyem,-24,-8,-5,16,-33,-10,2110
723,Beheeyem,-4,12,15,56,7,0,3570
724,Litwick,-29,-33,-5,-4,-33,-20,3460
725,Lampent,-19,-23,0,26,-28,15,2575
726,Chandelure,-19,-8,30,76,2,40,8705
727,Axew,-33,24,0,-39,-48,17,5779
728,Fraxure,-13,54,10,-29,-38,27,6199
729,Haxorus,-3,84,30,-9,-18,57,11619
730,Cubchoo,-24,7,-20,-9,-48,0,3410
731,Beartic,16,67,20,1,-8,10,5310
732,Cryogonal,1,-13,-10,26,47,65,7380
733,Shelmet,-29,-23,25,-29,-23,-15,3590
734,Accelgor,1,7,-20,31,-28,105,13220
735,Stunfisk,30,3,24,12,11,-8,1814
736,Stunfisk (Galarian Stunfisk),30,18,39,-3,-4,-8,2834
737,Mienfoo,-34,22,-10,-14,-38,25,4005
738,Mienshao,-14,62,0,26,-28,65,9725
739,Druddigon,-2,57,30,-9,2,8,4302
740,Golett,-20,11,-10,-34,-38,-5,3246
741,Golurk,10,61,20,-14,-8,15,4706
742,Pawniard,-34,22,10,-29,-48,20,5285
743,Bisharp,-14,62,40,-9,-18,30,6945
744,Bouffalant,16,47,35,-29,7,15,4805
745,Rufflet,-9,20,-10,-32,-38,20,3449
746,Braviary,21,60,15,-12,-13,40,6179
747,Braviary (Hisuian Braviary),31,20,10,43,-18,25,4259
748,Vullaby,-9,-8,15,-24,-23,20,1875
749,Mandibuzz,31,2,45,-14,7,40,4835
750,Heatmor,6,34,6,36,-22,25,3633
751,Durant,-21,46,52,-21,-40,69,12063
752,Deino,-27,2,-10,-24,-38,-2,2857
753,Zweilous,-7,22,10,-4,-18,18,1297
754,Hydreigon,13,42,30,56,2,58,9337
755,Larvesta,-24,22,-5,-19,-33,20,2935
756,Volcarona,6,-3,5,66,17,60,8315
757,Cobalion,12,27,69,21,-16,68,10955
758,Terrakion,12,66,30,3,2,68,10037
759,Virizion,12,27,12,21,41,68,7763
760,Tornadus (Incarnate Forme),0,52,10,56,-8,71,11045
761,Tornadus (Therian Forme),0,37,20,41,2,81,10015
762,Thundurus (Incarnate Forme),0,52,10,56,-8,71,11045
763,Thundurus (Therian Forme),0,42,10,76,-8,61,11425
764,Reshiram,21,57,40,81,32,50,15375
765,Zekrom,21,87,60,51,12,50,16855
766,Landorus (Incarnate Forme),10,62,30,46,-8,61,10745
767,Landorus (Therian Forme),10,82,30,36,-8,51,11685
768,Kyurem,46,67,30,61,2,55,14255
769,Kyurem (Black Kyurem),46,107,40,51,2,55,20795
770,Kyurem (White Kyurem),46,57,30,101,12,55,19635
771,Keldeo,12,9,30,60,2,68,9353
772,Meloetta (Aria Forme),21,14,17,59,40,50,8507
773,Meloetta (Pirouette Forme),21,65,30,8,-11,88,13495
774,Genesect,-8,57,35,51,7,59,10669
775,Chespin,-23,-2,5,-21,-43,-2,2852
776,Quilladin,-18,15,35,-13,-30,17,3132
777,Chesnaught,9,44,62,5,-13,24,6631
778,Fennekin,-39,-18,-20,-7,-28,20,3478
779,Braixen,-20,-4,-2,21,-18,33,2274
780,Delphox,-4,6,12,45,12,64,6461
781,Froakie,-38,-7,-20,-7,-44,31,4839
782,Frogadier,-25,0,-8,14,-32,57,5158
783,Greninja,-7,32,7,34,-17,82,9291
784,Greninja (Ash-Greninja),-7,82,7,84,-17,92,22631
785,Bunnelby,-41,-27,-22,-37,-52,17,7256
786,Diggersby,6,-7,17,-19,-11,38,2300
787,Fletchling,-34,-13,-17,-29,-50,22,5439
788,Fletchinder,-17,10,-5,-13,-36,44,3815
789,Talonflame,-1,18,11,5,-19,86,8228
790,Scatterbug,-41,-28,-20,-42,-63,-5,8623
791,Spewpa,-34,-41,0,-42,-58,-11,8086
792,Vivillon,1,-11,-10,21,-38,49,4508
793,Litleo,-17,-13,-2,4,-34,32,2658
794,Pyroar,7,5,12,40,-22,66,6658
795,Flabébé,-35,-25,-21,-8,-9,2,2440
796,Floette,-25,-18,-13,6,10,12,1398
797,Florges,-1,2,8,43,66,35,7499
798,Skiddo,-13,2,-12,-7,-31,12,1471
799,Gogoat,44,37,2,28,-7,28,4926
800,Pancham,-12,19,2,-23,-40,3,2647
801,Pangoro,16,61,18,0,-17,18,4914
802,Furfrou,-4,17,0,-4,2,62,4169
803,Espurr,-17,-15,-6,-6,-28,28,2154
804,Meowstic,-5,-15,16,14,-7,64,4847
805,Honedge,-34,17,40,-34,-51,-12,6946
806,Doublade,-20,47,90,-24,-39,-5,12831
807,Aegislash (Shield Forme),-19,-13,80,-19,52,20,10395
808,Aegislash (Blade Forme),-19,77,-10,71,-38,20,13275
809,Spritzee,-1,-11,0,-6,-23,-17,976
810,Aromatisse,22,9,12,30,1,-11,1731
811,Swirlix,-17,-15,6,-10,-31,9,1692
812,Slurpuff,3,17,26,16,-13,32,2423
813,Inkay,-26,-9,-7,-32,-42,5,3619
814,Malamar,7,29,28,-1,-13,33,2933
815,Binacle,-37,-11,7,-30,-32,10,3563
816,Barbaracle,-7,42,55,-15,-2,28,5851
817,Skrelp,-29,-3,0,-9,-28,-10,1815
818,Dragalge,-14,12,30,28,35,4,3265
819,Clauncher,-29,-10,2,-11,-25,4,1707
820,Clawitzer,-8,10,28,51,1,19,3911
821,Helioptile,-35,-25,-27,-8,-45,30,5568
822,Heliolisk,-17,-8,-8,40,6,69,6814
823,Tyrunt,-21,26,17,-24,-43,8,3895
824,Tyrantrum,3,58,59,0,-29,31,8656
825,Amaura,-2,-4,-10,-2,-25,6,785
826,Aurorus,44,14,12,30,4,18,3516
827,Sylveon,16,2,5,41,42,20,4130
828,Hawlucha,-1,29,15,5,-25,78,7801
829,Dedenne,-12,-5,-3,12,-21,61,4484
830,Carbink,-29,-13,90,-19,62,10,13415
831,Goomy,-34,-13,-25,-14,-13,0,2315
832,Sliggoo,-11,12,-7,14,25,20,1535
833,Sliggoo (Hisuian Sliggoo),-21,12,23,14,25,0,1935
834,Goodra,11,37,10,41,62,40,8715
835,Goodra (Hisuian Goodra),1,37,40,41,62,20,8895
836,Klefki,-22,17,31,11,-1,35,3081
837,Phantump,-36,7,-12,-19,-28,-2,2638
838,Trevenant,6,47,16,-4,-6,16,2809
839,Pumpkaboo (Small Size),-35,3,10,-25,-33,16,3304
840,Pumpkaboo (Average Size),-30,3,10,-25,-33,11,2844
841,Pumpkaboo (Large Size),-25,3,10,-25,-33,6,2484
842,Pumpkaboo (Super Size),-20,3,10,-25,-33,1,2224
843,Gourgeist (Small Size),-24,22,62,-11,-13,59,8675
844,Gourgeist (Average Size),-14,27,62,-11,-13,44,6995
845,Gourgeist (Large Size),-4,32,62,-11,-13,29,6015
846,Gourgeist (Super Size),6,37,62,-11,-13,14,5735
847,Bergmite,-24,6,25,-37,-53,-12,5559
848,Avalugg,16,54,124,-25,-42,-12,21081
849,Avalugg (Hisuian Avalugg),16,64,124,-35,-52,-2,23661
850,Noibat,-39,-33,-25,-24,-48,15,6340
851,Noivern,6,7,20,28,-8,83,8222
852,Xerneas,47,68,35,62,10,59,15483
853,Yveltal,47,68,35,62,10,59,15483
854,Zygarde (50% Forme),29,37,61,12,7,55,9149
855,Zygarde (10% Forme),-25,37,11,-8,-3,75,7813
856,Zygarde (Complete Forme),137,37,61,22,7,45,26417
857,Diancie,-29,37,90,31,62,10,15215
858,Diancie (Mega Diancie),-29,97,50,91,22,70,26415
859,Hoopa (Hoopa Confined),1,47,0,81,42,30,11435
860,Hoopa (Hoopa Unbound),1,97,0,101,42,40,22975
861,Volcanion,1,47,60,61,2,30,10435
862,Rowlet,-11,-8,-5,-19,-38,2,2019
863,Dartrix,-1,12,15,1,-18,12,839
864,Decidueye,-1,44,15,31,12,30,4167
865,Decidueye (Hisuian Decidueye),9,49,20,26,7,20,4007
866,Litten,-34,2,-20,-9,-48,30,4845
867,Torracat,-14,22,-10,11,-38,50,4845
868,Incineroar,16,52,30,11,2,20,4385
869,Popplio,-29,-9,-6,-3,-32,0,1991
870,Brionne,-19,6,9,22,-7,10,1111
871,Primarina,1,11,14,57,28,20,4751
872,Pikipek,-44,12,-30,-39,-58,25,8490
873,Trumbeak,-24,22,-10,-29,-38,35,4670
874,Toucannon,1,57,15,6,-13,20,4080
875,Yungoos,-31,7,-30,-39,-58,5,6820
876,Gumshoos,9,47,0,-14,-28,5,3295
877,Grubbin,-32,-1,-15,-14,-43,6,3331
878,Charjabug,-22,19,35,-14,-13,-4,2451
879,Vikavolt,-2,7,30,76,-13,3,6907
880,Crabrawler,-32,19,-3,-27,-41,23,4333
881,Crabominable,18,69,17,-7,-21,3,5873
882,Oricorio,-4,7,10,29,-18,53,4139
883,Cutiefly,-39,-18,-20,-14,-48,44,6681
884,Ribombee,-19,-8,0,26,-18,84,8481
885,Rockruff,-34,2,-20,-39,-48,20,5785
886,Lycanroc (Midday Form),-4,52,5,-14,-23,72,8654
887,Lycanroc (Midnight Form),6,52,15,-14,-13,42,5094
888,Lycanroc (Dusk Form),-4,54,5,-14,-23,70,8582
889,Wishiwashi (Solo Form),-34,-43,-40,-44,-63,0,10510
890,Wishiwashi (School Form),-34,77,70,71,47,-10,19335
891,Mareanie,-29,-10,2,-26,-36,5,2942
892,Toxapex,-29,0,92,-16,54,-5,12502
893,Mudbray,-9,37,10,-24,-33,5,3240
894,Mudsdale,21,62,40,-14,-3,-5,6115
895,Dewpider,-41,-23,-8,-29,-16,-13,3540
896,Araquanid,-11,7,32,-19,44,2,3495
897,Fomantis,-39,-8,-25,-19,-53,-5,5405
898,Lurantis,-9,42,30,11,2,5,2895
899,Morelull,-39,-28,-5,-4,-13,-25,3140
900,Shiinotic,-19,-18,20,21,12,-10,1770
901,Salandit,-31,-19,-20,2,-48,37,5399
902,Salazzle,-11,1,0,42,-28,77,8599
903,Stufful,-9,12,-10,-24,-38,10,2445
904,Bewear,41,62,20,-14,-28,20,7305
905,Bounsweet,-37,-33,-22,-39,-50,-8,7027
906,Steenee,-27,-23,-12,-29,-40,22,4327
907,Tsareena,-7,57,38,-19,10,32,6227
908,Comfey,-28,-11,30,13,22,60,6058
909,Oranguru,11,-3,20,21,22,20,1855
910,Passimian,21,57,30,-29,-28,40,7815
911,Wimpod,-54,-28,-20,-49,-58,40,11465
912,Golisopod,-4,62,80,-9,2,0,10345
913,Sandygast,-24,-8,20,1,-43,-25,3515
914,Palossand,6,12,50,31,-13,-5,3835
915,Pyukumuku,-24,-3,70,-39,42,-35,9995
916,Type: Null,16,32,35,26,7,19,3591
917,Silvally,16,32,35,26,7,55,6255
918,Minior (Meteor Form),-19,-3,40,-9,12,20,2595
919,Minior (Core),-19,37,0,31,-28,80,9875
920,Komala,-14,52,5,6,7,25,3635
921,Turtonator,-19,15,75,22,-3,-4,6720
922,Togedemaru,-14,35,3,-29,-15,56,5632
923,Mimikyu,-24,27,20,-19,17,56,5491
924,Bruxish,-11,42,10,1,-18,52,5014
925,Drampa,-1,-3,25,66,3,-4,5016
926,Dhelmise,-9,68,40,17,2,0,6598
927,Jangmo-o,-34,-8,5,-24,-43,5,3695
928,Hakamo-o,-24,12,30,-4,-18,25,2585
929,Kommo-o,-4,47,65,31,17,45,9725
930,Tapu Koko,-9,52,25,26,-13,90,12355
931,Tapu Lele,-9,22,15,61,27,55,8265
932,Tapu Bulu,-9,67,55,16,7,35,9125
933,Tapu Fini,-9,12,55,26,42,45,7715
934,Cosmog,-36,-34,-29,-40,-57,-3,8151
935,Cosmoem,-36,-34,71,-40,43,-3,10951
936,Solgaleo,58,74,47,44,1,57,16235
937,Lunala,58,50,29,68,19,57,14939
938,Nihilego,30,-10,-13,58,43,63,10351
939,Buzzwole,28,76,79,-16,-35,39,15803
940,Pheromosa,-8,74,-23,68,-51,111,25615
941,Xurkitree,4,26,11,104,-17,43,13767
942,Celesteela,18,38,43,38,13,21,5671
943,Kartana,-20,118,71,-10,-57,69,27475
944,Guzzlord,144,38,-7,28,-35,3,24247
945,Necrozma,18,44,41,58,1,39,8827
946,Necrozma (Dusk Mane Necrozma),18,94,67,44,21,37,17395
947,Necrozma (Dawn Wings Necrozma),18,50,49,88,39,37,15859
948,Necrozma (Ultra Necrozma),18,104,37,98,9,89,30115
949,Magearna,1,32,55,61,27,25,9125
950,Marshadow,11,62,20,21,2,85,12035
951,Poipole,-12,10,7,4,-21,33,1839
952,Naganadel,-6,10,13,58,-15,81,10455
953,Stakataka,-18,68,151,-16,13,-27,28903
954,Blacephalon,-26,64,-7,82,-9,67,16115
955,Zeraora,9,49,15,33,-8,103,14469
956,Meltan,-33,2,5,-14,-53,-6,4159
957,Melmetal,56,80,83,11,-23,-6,17111
958,Grookey,-29,2,-10,-29,-48,25,4715
959,Thwackey,-9,22,10,-14,-28,40,3245
960,Rillaboom,21,62,30,-9,-18,45,7615
961,Scorbunny,-29,8,-20,-29,-48,29,5291
962,Raboot,-14,23,0,-14,-28,54,4621
963,Cinderace,1,53,15,-4,-13,79,9461
964,Sobble,-29,-23,-20,1,-48,30,4975
965,Drizzile,-14,-3,-5,26,-33,50,4495
966,Inteleon,-9,22,5,56,-23,80,10655
967,Skwovet,-9,-8,-5,-34,-53,-15,4360
968,Greedent,41,32,35,-14,-13,-20,4695
969,Rookidee,-41,-16,-25,-36,-53,17,6956
970,Corvisquire,-11,4,-5,-26,-33,37,3296
971,Corviknight,19,24,45,-16,-3,27,3956
972,Blipbug,-54,-43,-40,-44,-43,5,10175
973,Dottler,-29,-28,20,-19,2,-10,2490
974,Orbeetle,-19,-18,50,11,32,50,6830
975,Nickit,-39,-35,-32,-22,-36,10,5650
976,Thievul,-9,-5,-2,18,4,50,2950
977,Gossifleur,-39,-23,0,-29,-28,-30,4575
978,Eldegoss,-19,-13,30,11,32,20,2975
979,Wooloo,-37,-23,-5,-29,-43,8,4677
980,Dubwool,-7,17,40,-9,2,48,4327
981,Chewtle,-29,1,-10,-31,-50,4,4419
982,Drednaw,11,52,30,-21,-20,34,5722
983,Yamper,-20,-18,-10,-29,-38,-14,3305
984,Boltund,-10,27,0,21,-28,81,8615
985,Rolycoly,-49,-23,-10,-29,-38,-10,5415
986,Carkol,1,-3,30,-9,-18,10,1415
987,Coalossal,31,17,60,11,2,-10,5075
988,Applin,-39,-23,20,-29,-48,-20,5995
989,Flapple,-9,47,20,26,-28,30,5050
990,Appletun,31,22,20,31,-8,-10,2970
991,Silicobra,-27,-6,15,-34,-38,6,3626
992,Sandaconda,-7,44,65,-4,-18,31,7511
993,Cramorant,-9,22,-5,16,7,45,2920
994,Arrokuda,-38,0,-20,-29,-58,26,6725
995,Barraskewda,-18,60,0,-9,-38,96,14665
996,Toxel,-39,-25,-25,-15,-53,0,5805
997,Toxtricity,-4,35,10,45,-18,35,4915
998,Sizzlipede,-29,2,-15,-19,-38,5,2900
999,Centiskorch,21,52,5,21,2,25,4240
1000,Clobbopus,-29,5,0,-19,-38,-8,2735
1001,Grapploct,1,55,30,1,-8,2,3995
1002,Sinistea,-39,-18,-15,5,-34,10,3351
1003,Polteageist,-19,2,5,65,26,30,6191
1004,Hatenna,-37,-33,-15,-13,-35,-1,4078
1005,Hattrem,-22,-23,5,17,-15,9,1633
1006,Hatterene,-22,27,35,67,15,-11,7273
1007,Impidimp,-34,-18,-30,-14,-48,10,4980
1008,Morgrem,-14,-3,-15,6,-33,30,2455
1009,Grimmsnarl,16,57,5,26,-13,20,4775
1010,Obstagoon,14,27,41,-9,-7,55,5761
1011,Perrserker,-9,47,40,-19,-28,10,5135
1012,Cursola,-19,32,-10,76,42,-10,9125
1013,Sirfetch'd,-17,72,35,-1,-6,25,7360
1014,Mr. Rime,1,22,15,41,12,30,3435
1015,Runerigus,-21,32,85,-19,17,-10,9440
1016,Milcery,-34,-23,-20,-19,-27,-6,3211
1017,Alcremie,-14,-3,15,41,33,24,3776
1018,Falinks,-14,37,40,1,-28,35,5175
1019,Pincurchin,-31,38,35,22,-3,-25,4748
1020,Snom,-49,-38,-25,-24,-58,-20,8810
1021,Frosmoth,-9,2,0,56,2,25,3850
1022,Stonjourner,21,62,75,-49,-68,30,17835
1023,Eiscue (Ice Face),-4,17,50,-4,2,10,2925
1024,Eiscue (Noice Face),-4,17,10,-4,-38,90,9965
1025,Indeedee (Male),-19,2,-5,36,7,55,4760
1026,Indeedee (Female),-9,-8,5,26,17,45,3160
1027,Morpeko,-21,32,-2,1,-30,57,5619
1028,Cufant,-7,17,-11,-29,-39,0,2821
1029,Copperajah,43,67,9,11,-19,-10,7001
1030,Dracozolt,11,37,30,11,-18,35,4060
1031,Arctozolt,11,37,30,21,-8,15,3120
1032,Dracovish,11,27,40,1,-8,35,3740
1033,Arctovish,11,27,40,11,2,15,2800
1034,Duraludon,-9,32,55,51,-38,45,10200
1035,Dreepy,-51,-3,-30,-29,-58,42,9479
1036,Drakloak,-11,17,-10,-9,-38,62,5879
1037,Dragapult,9,57,15,31,-13,102,15089
1038,Zacian (Hero of Many Battles),13,57,55,11,27,98,16897
1039,Zacian (Crowned Sword),13,87,55,11,27,108,23277
1040,Zamazenta (Hero of Many Battles),13,57,55,11,27,98,16897
1041,Zamazenta (Crowned Shield),13,57,80,11,52,88,20387
1042,Eternatus,61,22,35,76,7,90,19355
1043,Eternatus (Eternamax Eternatus),176,52,190,56,162,90,107260
1044,Kubfu,-19,27,0,-16,-38,32,3814
1045,Urshifu,21,67,40,-6,-28,57,10599
1046,Zarude,26,57,45,1,7,65,10225
1047,Regieleki,1,37,-10,31,-38,160,29475
1048,Regidrago,121,37,-10,31,-38,40,20115
1049,Glastrier,21,82,70,-4,22,-10,12665
1050,Spectrier,21,2,0,76,-8,90,14385
1051,Calyrex,21,17,20,11,-8,40,2915
1052,Calyrex (Ice Rider Calyrex),21,102,90,16,42,10,21065
1053,Calyrex (Shadow Rider Calyrex),21,22,20,96,12,110,22785
1054,Wyrdeer,24,42,12,36,-13,25,4574
1055,Kleavor,-9,72,35,-24,-18,45,9415
1056,Ursaluna,51,77,45,-24,-8,10,11295
1057,Basculegion (Male),41,49,5,11,-13,38,5841
1058,Basculegion (Female),41,29,5,31,-13,38,5121
1059,Sneasler,1,67,0,-29,-8,80,11795
1060,Overqwil,6,52,35,-4,-23,45,6535
1061,Enamorus (Incarnate Forme),-5,52,10,66,-8,66,11605
1062,Enamorus (Therian Forme),-5,52,50,66,12,6,9765
1063,Sprigatito,-39,-2,-6,-24,-43,25,4611
1064,Floragato,-18,17,3,-9,-25,43,3177
1065,Meowscarada,-3,47,10,12,-18,83,9675
1066,Fuecoco,-12,-18,-1,-6,-48,-4,2825
1067,Crocalor,2,-8,18,21,-30,9,1814
1068,Skeledirge,25,12,40,41,-13,26,4895
1069,Quaxly,-24,2,-15,-19,-43,10,3115
1070,Quaxwell,-9,22,5,-4,-28,25,2015
1071,Quaquaval,6,57,20,16,-13,45,6135
1072,Lechonk,-25,-18,-20,-34,-43,-5,4379
1073,Oinkologne (Male),31,37,15,-10,-8,25,3344
1074,Oinkologne (Female),36,27,10,-10,2,25,2854
1075,Tarountula,-44,-22,-15,-40,-48,-20,6949
1076,Spidops,-19,16,32,-17,-2,-5,1959
1077,Nymble,-46,-17,-20,-48,-63,5,9103
1078,Lokix,-8,39,18,-17,-33,52,5991
1079,Pawmi,-34,-13,-40,-29,-63,20,8135
1080,Pawmo,-19,12,-20,-19,-48,45,5595
1081,Pawmot,-9,52,10,1,-28,65,7895
1082,Tandemaus,-29,-13,-15,-29,-43,35,5150
1083,Maushold,-5,12,10,-4,-13,71,5495
1084,Fidough,-42,-8,10,-39,-33,25,5163
1085,Dachsbun,-22,17,55,-19,-8,55,7248
1086,Smoliv,-38,-28,-15,-11,-37,-10,4043
1087,Dolliv,-27,-10,0,9,-10,-7,1059
1088,Arboliva,-1,6,30,56,21,-1,4515
1089,Squawkabilly,3,33,-9,-24,-37,52,5828
1090,Nacli,-24,-8,15,-34,-53,-15,5055
1091,Naclstack,-19,-3,40,-34,-23,-5,3680
1092,Garganacl,21,37,70,-24,2,-5,7315
1093,Charcadet,-39,-13,-20,-19,-48,-5,4780
1094,Armarouge,6,-3,40,56,-8,35,6070
1095,Ceruledge,-4,62,20,-9,12,45,6510
1096,Tadbulb,-18,-32,-19,-10,-53,5,4643
1097,Bellibolt,30,1,31,34,-5,5,3068
1098,Wattrel,-39,-23,-25,-14,-48,30,6075
1099,Kilowattrel,-9,7,0,36,-28,85,9435
1100,Maschiff,-19,15,0,-29,-37,11,2917
1101,Mabosstiff,1,57,30,-9,-18,45,6580
1102,Shroodle,-39,2,-25,-29,-53,35,7025
1103,Grafaiai,-16,32,5,11,-16,70,6582
1104,Bramblin,-39,2,-30,-24,-53,20,6210
1105,Brambleghast,-24,52,10,11,-18,50,6325
1106,Toedscool,-39,-23,-25,-19,12,30,4080
1107,Toedscruel,1,7,5,11,32,60,4820
1108,Klawf,-9,37,55,-34,-33,35,7945
1109,Capsakid,-29,-1,-20,-7,-48,10,3695
1110,Scovillain,-14,45,5,39,-23,35,5521
1111,Rellor,-38,-13,0,-38,-30,-10,4057
1112,Rabsca,-4,-13,25,46,12,5,3095
1113,Flittle,-49,-28,-30,-14,-58,35,8870
1114,Espathra,16,-3,0,32,-28,65,6298
1115,Tinkatink,-29,-18,-15,-34,-24,18,3446
1116,Tinkatuff,-14,-8,-5,-24,-6,38,2341
1117,Tinkaton,6,12,17,1,17,54,3675
1118,Wiglett,-69,-8,-35,-34,-63,55,14200
1119,Wugtrio,-44,37,-10,-19,-18,80,10490
1120,Bombirdier,-9,40,25,-9,-3,42,4160
1121,Finizen,-9,-18,-20,-24,-48,35,4910
1122,Palafin,21,7,12,-16,-26,60,5166
1123,Palafin,21,97,37,37,-1,60,16189
1124,Varoom,-34,7,3,-39,-43,7,4633
1125,Revavroom,1,56,30,-15,-21,50,7203
1126,Cyclizar,-9,32,5,16,-23,81,8476
1127,Orthworm,-9,22,85,-9,-33,25,9585
1128,Glimmet,-31,-28,-18,36,-28,20,4549
1129,Glimmora,4,-8,30,61,-7,46,6866
1130,Greavard,-29,-2,0,-39,-33,-6,3491
1131,Houndstone,-7,38,40,-19,9,28,4319
1132,Flamigo,3,52,14,6,-24,50,6021
1133,Cetoddle,29,5,-15,-39,-48,3,4925
1134,Cetitan,91,50,5,-24,-33,33,13560
1135,Veluza,11,39,13,9,-23,30,3321
1136,Dondozo,71,37,55,-4,-23,-5,10005
1137,Tatsugiri,-11,-13,0,51,7,42,4704
1138,Annihilape,31,52,20,-19,2,50,6930
1139,Clodsire,51,12,0,-24,12,-20,3865
1140,Farigiraf,41,27,10,41,-18,20,4915
1141,Dudunsparce,46,37,20,16,-13,15,4535
1142,Kingambit,21,72,60,-9,-3,10,9415
1143,Great Tusk,36,68,71,-16,-35,47,14651
1144,Scream Tail,36,2,39,-4,27,71,8607
1145,Brute Bonnet,32,64,39,10,11,15,7087
1146,Flutter Mane,-24,-8,-5,66,47,95,16255
1147,Slither Wing,6,72,19,16,17,41,7807
1148,Sandy Shocks,6,18,37,52,-3,61,8163
1149,Iron Treads,11,49,60,3,-18,66,10811
1150,Iron Bundle,-23,17,54,55,-28,96,16759
1151,Iron Hands,75,77,48,-19,-20,10,14719
1152,Iron Jugulis,15,17,26,53,-8,68,8687
1153,Iron Moth,1,7,0,71,22,70,10475
1154,Iron Thorns,21,71,50,1,-4,32,9023
1155,Frigibax,-14,12,-15,-34,-43,15,3795
1156,Arctibax,11,32,6,-24,-23,22,2770
1157,Baxcalibur,36,82,32,6,-2,47,11293
1158,Gimmighoul (Chest Form),-34,-33,10,6,-18,-30,3605
1159,Gimmighoul (Roaming Form),-34,-33,-35,6,-43,40,6955
1160,Gholdengo,8,-3,35,64,3,44,7339
1161,Wo-Chien,6,22,40,26,47,30,5905
1162,Chien-Pao,1,57,20,21,-23,95,13645
1163,Ting-Lu,76,47,65,-14,-8,5,12495
1164,Chi-Yu,-24,17,20,66,32,60,10245
1165,Roaring Moon,26,76,11,-14,13,79,13179
1166,Iron Valiant,-5,67,30,51,-28,76,14575
1167,Koraidon,21,72,55,16,12,95,18075
1168,Miraidon,21,22,40,66,27,95,16635
