Noah Dale vs. Pokemon SSE,pokemon,D_HP,D_ATK,D_DEF,D_SPA,D_SPD,D_SPE,SSE
0,Bulbasaur,-41,-29,-45,-4,-14,-5,4784
1,Ivysaur,-26,-16,-31,11,1,10,2115
2,Venusaur,-6,4,-11,31,21,30,2475
3,Venusaur (Mega Venusaur),-6,22,29,53,41,30,6751
4,Charmander,-47,-26,-51,-9,-29,15,6633
5,Charmeleon,-28,-14,-36,11,-14,30,3493
6,Charizard,-8,6,-16,40,6,50,4492
7,Charizard (Mega Charizard X),-8,52,17,61,6,50,9314
8,Charizard (Mega Charizard Y),-8,26,-16,90,36,50,12892
9,Squirtle,-42,-30,-29,-19,-15,-7,4140
10,Wartortle,-27,-15,-14,-4,1,8,1231
11,Blastoise,-7,5,6,16,26,28,1826
12,Blastoise (Mega Blastoise),-7,25,26,66,36,28,7786
13,Caterpie,-41,-48,-59,-49,-59,-5,13373
14,Metapod,-36,-58,-39,-44,-54,-20,11433
15,Butterfree,-26,-33,-44,21,1,20,4543
16,Weedle,-46,-43,-64,-49,-59,0,13943
17,Kakuna,-41,-53,-44,-44,-54,-15,11503
18,Beedrill,-21,12,-54,-24,1,25,4703
19,Beedrill (Mega Beedrill),-21,72,-54,-54,1,95,20483
20,Pidgey,-46,-33,-54,-34,-44,6,9249
21,Pidgeotto,-23,-18,-39,-19,-29,21,4017
22,Pidgeot,-3,2,-19,1,-9,51,3057
23,Pidgeot (Mega Pidgeot),-3,2,-14,66,1,71,9607
24,Rattata,-56,-22,-59,-44,-44,22,11457
25,Rattata (Alolan Rattata),-56,-22,-59,-44,-44,22,11457
26,Raticate,-31,3,-34,-19,-9,47,4777
27,Raticate (Alolan Raticate),-11,-7,-24,-29,1,27,2317
28,Spearow,-46,-18,-64,-38,-48,20,10684
29,Fearow,-21,12,-29,-8,-18,50,4314
30,Ekans,-51,-18,-50,-29,-25,5,6916
31,Arbok,-26,17,-25,-4,0,30,2506
32,Pikachu,-51,-23,-54,-19,-29,40,8848
33,Pikachu (Partner Pikachu),-41,2,-44,6,-19,70,8918
34,Raichu,-26,12,-39,21,1,60,6383
35,Raichu (Alolan Raichu),-26,7,-44,26,6,60,6973
36,Sandshrew,-36,-3,-9,-49,-49,-10,6288
37,Sandshrew (Alolan Sandshrew),-36,-3,-4,-59,-44,-10,6838
38,Sandslash,-11,22,16,-24,-24,15,2238
39,Sandslash (Alolan Sandslash),-11,22,26,-44,-14,15,3638
40,Nidoran♀,-31,-31,-42,-29,-39,-9,6129
41,Nidorina,-16,-16,-27,-14,-24,6,2049
42,Nidoqueen,4,14,-7,6,6,26,1009
43,Nidoran♂,-40,-21,-54,-29,-39,0,7319
44,Nidorino,-25,-6,-37,-14,-24,15,3027
45,Nidoking,-5,24,-17,16,-4,35,2387
46,Clefairy,-16,-33,-46,-9,-14,-15,3963
47,Clefable,9,-8,-21,26,11,10,1483
48,Vulpix,-48,-37,-54,-19,-14,15,7371
49,Vulpix (Alolan Vulpix),-48,-37,-54,-19,-14,15,7371
50,Ninetales,-13,-2,-19,12,21,50,3619
51,Ninetales (Alolan Ninetales),-13,-11,-19,12,21,59,4717
52,Jigglypuff,29,-33,-74,-24,-54,-30,11798
53,Wigglytuff,54,-8,-49,16,-29,-5,6503
54,Zubat,-46,-33,-59,-39,-39,5,9753
55,Golbat,-11,2,-24,-4,-4,40,2333
56,Oddish,-41,-28,-39,6,-14,-20,4618
57,Gloom,-26,-13,-24,16,-4,-10,1793
58,Vileplume,-11,2,-9,41,11,0,2008
59,Paras,-51,-8,-39,-24,-24,-25,5963
60,Parasect,-26,17,-14,-9,1,-20,1643
61,Venonat,-26,-23,-44,-29,-24,-5,4583
62,Venomoth,-16,-13,-34,21,-4,40,3638
63,Diglett,-76,-23,-69,-34,-34,45,15403
64,Diglett (Alolan Diglett),-76,-23,-64,-34,-34,40,14313
65,Dugtrio,-51,22,-44,-19,-9,70,10363
66,Dugtrio (Alolan Dugtrio),-51,22,-34,-19,-9,60,8283
67,Meowth,-46,-33,-59,-29,-39,40,10648
68,Meowth (Alolan Meowth),-46,-43,-59,-19,-39,40,10928
69,Meowth (Galarian Meowth),-36,-13,-39,-29,-39,-10,5448
70,Persian,-21,-8,-34,-4,-14,65,6098
71,Persian (Alolan Persian),-21,-18,-34,6,-14,65,6378
72,Psyduck,-36,-26,-46,-4,-29,5,4970
73,Golduck,-6,4,-16,26,1,35,2210
74,Mankey,-46,2,-59,-34,-34,20,8313
75,Primeape,-21,27,-34,-9,-9,45,4513
76,Growlithe,-31,-8,-49,1,-29,10,4368
77,Growlithe (Hisuian Growlithe),-26,-3,-49,-4,-29,5,3968
78,Arcanine,4,32,-14,31,1,45,4223
79,Arcanine (Hisuian Arcanine),9,37,-14,26,1,40,3923
80,Poliwag,-46,-28,-54,-29,-39,40,9778
81,Poliwhirl,-21,-13,-29,-19,-29,40,4253
82,Poliwrath,4,17,1,1,11,20,828
83,Abra,-61,-58,-79,36,-24,40,16798
84,Kadabra,-46,-43,-64,51,-9,55,13768
85,Alakazam,-31,-28,-49,66,16,70,13658
86,Alakazam (Mega Alakazam),-31,-28,-29,106,26,100,24498
87,Machop,-16,2,-44,-34,-44,-15,5513
88,Machoke,-6,22,-24,-19,-19,-5,1843
89,Machamp,4,52,-14,-4,6,5,2993
90,Bellsprout,-36,-3,-59,1,-49,-10,7288
91,Weepinbell,-21,12,-44,16,-34,5,3958
92,Victreebel,-6,27,-29,31,-9,20,3048
93,Tentacool,-46,-38,-59,-19,21,20,8243
94,Tentacruel,-6,-8,-29,11,41,50,5243
95,Geodude,-46,2,6,-39,-49,-30,6978
96,Geodude (Alolan Geodude),-46,2,6,-39,-49,-30,6978
97,Graveler,-31,17,21,-24,-34,-15,3648
98,Graveler (Alolan Graveler),-31,17,21,-24,-34,-15,3648
99,Golem,-6,42,36,-14,-14,-5,3513
100,Golem (Alolan Golem),-6,42,36,-14,-14,-5,3513
101,Ponyta,-36,7,-39,-4,-14,40,4678
102,Ponyta (Galarian Ponyta),-36,7,-39,-4,-14,40,4678
103,Rapidash,-21,22,-24,11,1,55,4648
104,Rapidash (Galarian Rapidash),-21,22,-24,11,1,55,4648
105,Slowpoke,4,-13,-29,-29,-39,-35,4613
106,Slowpoke (Galarian Slowpoke),4,-13,-29,-29,-39,-35,4613
107,Slowbro,9,-3,16,31,1,-20,1708
108,Slowbro (Mega Slowbro),9,-3,86,61,1,-20,11608
109,Slowbro (Galarian Slowbro),9,22,1,31,-9,-20,2008
110,Magnemite,-61,-43,-24,26,-24,-5,7423
111,Magneton,-36,-18,1,51,-9,20,4703
112,Farfetch'd,-34,12,-39,-11,-17,10,3331
113,Farfetch'd (Galarian Farfetch'd),-34,17,-39,-11,-17,5,3401
114,Doduo,-51,7,-49,-34,-44,25,8768
115,Dodrio,-26,32,-24,-9,-19,60,6318
116,Seel,-21,-33,-39,-24,-9,-5,3733
117,Dewgong,4,-8,-14,1,16,20,933
118,Grimer,-6,2,-44,-29,-29,-25,4283
119,Grimer (Alolan Grimer),-6,2,-44,-29,-29,-25,4283
120,Muk,19,27,-19,-4,21,0,1908
121,Muk (Alolan Muk),19,27,-19,-4,21,0,1908
122,Shellder,-56,-13,6,-24,-54,-10,6933
123,Cloyster,-36,17,86,16,-34,20,10793
124,Gastly,-56,-43,-64,31,-44,30,12878
125,Haunter,-41,-28,-49,46,-24,45,9583
126,Gengar,-26,-13,-34,61,-4,60,9338
127,Gengar (Mega Gengar),-26,-13,-14,101,16,80,17898
128,Onix,-51,-33,66,-39,-34,20,11123
129,Drowzee,-26,-30,-49,-26,11,-8,4838
130,Hypno,-1,-5,-24,4,36,17,2203
131,Krabby,-56,27,-4,-44,-54,0,8733
132,Kingler,-31,52,21,-19,-29,25,5933
133,Voltorb,-46,-48,-44,-14,-24,50,9628
134,Voltorb (Hisuian Voltorb),-46,-48,-44,-14,-24,50,9628
135,Electrode,-26,-28,-24,11,1,100,12158
136,Electrode (Hisuian Electrode),-26,-28,-24,11,1,100,12158
137,Exeggcute,-26,-38,-14,-9,-34,-10,3653
138,Exeggutor,9,17,-9,56,-4,5,3628
139,Exeggutor (Alolan Exeggutor),9,27,-9,56,-4,-5,4068
140,Cubone,-36,-28,1,-29,-29,-15,3988
141,Marowak,-26,2,16,-19,1,-5,1323
142,Marowak (Alolan Marowak),-26,2,16,-19,1,-5,1323
143,Hitmonlee,-36,42,-41,-34,31,37,8227
144,Hitmonchan,-36,27,-15,-34,31,26,5043
145,Lickitung,4,-23,-19,-9,-4,-20,1403
146,Koffing,-46,-13,1,-9,-34,-15,3748
147,Weezing,-21,12,26,16,-9,10,1698
148,Weezing (Galarian Weezing),-21,12,26,16,-9,10,1698
149,Rhyhorn,-6,7,1,-39,-49,-25,4633
150,Rhydon,19,52,26,-24,-34,-10,5573
151,Chansey,164,-73,-89,-34,26,0,41978
152,Tangela,-21,-23,21,31,-39,10,3993
153,Kangaskhan,19,17,-14,-29,1,40,3288
154,Kangaskhan (Mega Kangaskhan),19,47,6,-9,21,50,5628
155,Horsea,-56,-38,-24,1,-54,10,8173
156,Seadra,-31,-13,1,26,-34,35,4188
157,Goldeen,-41,-11,-34,-34,-29,13,5124
158,Seaking,-6,14,-29,-4,1,18,1414
159,Staryu,-56,-33,-39,1,-24,35,7548
160,Starmie,-26,-3,-9,31,6,65,5988
161,Mr. Mime,-46,-33,-29,31,41,40,8288
162,Mr. Mime (Galarian Mr. Mime),-36,-13,-29,21,11,50,5368
163,Scyther,-16,32,-14,-14,1,55,4698
164,Jynx,-21,-28,-59,46,16,45,9103
165,Electabuzz,-21,5,-37,26,6,55,5572
166,Magmar,-21,17,-37,31,6,43,4945
167,Pinsir,-21,47,6,-14,-9,35,4188
168,Pinsir (Mega Pinsir),-21,77,26,-4,11,55,10208
169,Tauros,-11,22,1,-29,-9,60,5128
170,Tauros (Paldean Tauros (Combat Breed)),-11,32,11,-39,-9,50,5368
171,Tauros (Paldean Tauros (Blaze Breed)),-11,32,11,-39,-9,50,5368
172,Tauros (Paldean Tauros (Aqua Breed)),-11,32,11,-39,-9,50,5368
173,Magikarp,-66,-68,-39,-54,-59,30,17798
174,Gyarados,9,47,-15,-9,21,31,3998
175,Gyarados (Mega Gyarados),9,77,15,1,51,31,9798
176,Lapras,44,7,-14,16,16,10,2793
177,Ditto,-38,-30,-46,-21,-31,-2,5866
178,Eevee,-31,-23,-44,-24,-14,5,4223
179,Eevee (Partner Eevee),-21,-3,-24,-4,6,25,1703
180,Vaporeon,44,-13,-34,41,16,15,5423
181,Jolteon,-21,-13,-34,41,16,80,10103
182,Flareon,-21,52,-34,26,31,15,6163
183,Porygon,-21,-18,-24,16,-4,-10,1713
184,Omanyte,-51,-38,6,21,-24,-15,5323
185,Omastar,-16,-18,31,46,-9,5,3763
186,Kabuto,-56,2,-4,-14,-34,5,4533
187,Kabutops,-26,37,11,-4,-9,30,3163
188,Aerodactyl,-6,27,-29,-9,-4,80,8103
189,Aerodactyl (Mega Aerodactyl),-6,57,-9,1,16,100,13623
190,Snorlax,74,32,-29,-4,31,-20,8718
191,Articuno,4,7,6,26,46,35,4118
192,Articuno (Galarian Articuno),4,7,-9,56,21,45,5748
193,Zapdos,4,12,-9,56,11,50,5998
194,Zapdos (Galarian Zapdos),4,47,-4,16,11,50,5118
195,Moltres,4,22,-4,56,6,40,5288
196,Moltres (Galarian Moltres),4,7,-4,31,46,40,4758
197,Dratini,-45,-14,-49,-19,-29,0,5824
198,Dragonair,-25,6,-29,1,-9,20,1984
199,Dragonite,5,56,1,31,21,30,5464
200,Mewtwo,20,32,-4,85,11,80,15186
201,Mewtwo (Mega Mewtwo X),20,112,6,85,21,80,27046
202,Mewtwo (Mega Mewtwo Y),20,72,-24,125,41,90,31566
203,Mew,14,22,6,31,21,50,4618
204,Chikorita,-41,-29,-29,-20,-14,-5,3984
205,Bayleef,-26,-16,-14,-6,1,10,1265
206,Meganium,-6,4,6,14,21,30,1625
207,Cyndaquil,-47,-26,-51,-9,-29,15,6633
208,Quilava,-28,-14,-36,11,-14,30,3493
209,Typhlosion,-8,6,-16,40,6,50,4492
210,Typhlosion (Hisuian Typhlosion),-13,6,-16,50,6,45,5022
211,Totodile,-36,-13,-30,-25,-31,-7,4000
212,Croconaw,-21,2,-14,-10,-16,8,1061
213,Feraligatr,-1,27,6,10,4,28,1666
214,Sentret,-51,-32,-60,-34,-34,-30,10437
215,Furret,-1,-2,-30,-24,-24,40,3657
216,Hoothoot,-26,-48,-64,-33,-23,0,8694
217,Noctowl,14,-28,-44,17,17,20,3894
218,Ledyba,-46,-58,-64,-29,1,5,10443
219,Ledian,-31,-43,-44,-14,31,35,7128
220,Spinarak,-46,-18,-54,-29,-39,-20,8118
221,Ariados,-16,12,-24,-9,-9,-10,1238
222,Crobat,-1,12,-14,1,1,80,6743
223,Chinchou,-11,-40,-56,-13,-23,17,5844
224,Lanturn,39,-20,-36,7,-3,17,3564
225,Pichu,-66,-38,-79,-34,-44,10,15233
226,Cleffa,-36,-53,-66,-24,-24,-35,10838
227,Igglybuff,4,-48,-79,-29,-59,-35,14108
228,Togepi,-51,-58,-29,-29,-14,-30,8743
229,Togetic,-31,-38,-9,11,26,-10,3383
230,Natu,-46,-28,-49,1,-34,20,6858
231,Xatu,-21,-3,-24,26,-9,45,3808
232,Mareep,-31,-38,-54,-4,-34,-15,6718
233,Flaaffy,-16,-23,-39,11,-19,-5,2813
234,Ampharos,4,-3,-9,46,11,5,2368
235,Ampharos (Mega Ampharos),4,17,11,96,31,-5,10628
236,Bellossom,-11,2,1,21,21,0,1008
237,Marill,-16,-58,-44,-49,-29,-10,8898
238,Azumarill,14,-28,-14,-9,1,0,1258
239,Sudowoodo,-16,22,21,-39,-14,-20,3298
240,Politoed,4,-3,-19,21,21,20,1668
241,Hoppip,-51,-43,-54,-34,-24,0,9098
242,Skiploom,-31,-33,-44,-24,-14,30,5658
243,Jumpluff,-11,-23,-24,-14,16,60,5278
244,Aipom,-31,-8,-39,-29,-24,35,5188
245,Sunkern,-56,-48,-64,-39,-49,-20,13858
246,Sunflora,-11,-3,-39,36,6,-20,3383
247,Yanma,-21,-13,-49,6,-34,45,6228
248,Wooper,-31,-33,-49,-44,-54,-35,10528
249,Wooper (Paldean Wooper),-31,-33,-49,-44,-54,-35,10528
250,Quagsire,9,7,-9,-4,-14,-15,648
251,Espeon,-21,-13,-34,61,16,60,9343
252,Umbreon,9,-13,16,-9,51,15,3413
253,Murkrow,-26,7,-52,16,-37,41,6735
254,Slowking,9,-3,-14,31,31,-20,2608
255,Slowking (Galarian Slowking),9,-13,-14,41,31,-20,3488
256,Misdreavus,-26,-18,-34,16,6,35,3673
257,Unown,-38,-6,-46,3,-31,-2,4570
258,Wobbuffet,104,-45,-36,-36,-21,-17,16163
259,Girafarig,-16,2,-29,21,-14,35,2963
260,Pineco,-36,-13,-4,-34,-44,-35,5798
261,Forretress,-11,12,46,-9,-19,-10,2923
262,Dunsparce,14,-8,-24,-4,-14,-5,1073
263,Gligar,-21,-3,11,-34,-14,35,3148
264,Steelix,-11,7,106,-14,-14,-20,12198
265,Steelix (Mega Steelix),-11,47,136,-14,16,-20,21678
266,Snubbull,-26,2,-44,-29,-39,-20,5378
267,Granbull,4,42,-19,-9,-19,-5,2608
268,Qwilfish,-21,17,-9,-14,-24,35,2808
269,Qwilfish (Hisuian Qwilfish),-21,17,-9,-14,-24,35,2808
270,Scizor,-16,52,6,-14,1,15,3418
271,Scizor (Mega Scizor),-16,72,46,-4,21,25,8638
272,Shuckle,-66,-68,136,-59,151,-45,55783
273,Heracross,-6,47,-19,-29,16,35,4928
274,Heracross (Mega Heracross),-6,107,21,-29,26,25,14068
275,Sneasel,-31,17,-39,-34,-4,65,8168
276,Sneasel (Hisuian Sneasel),-31,17,-39,-34,-4,65,8168
277,Teddiursa,-26,2,-44,-19,-29,-10,3918
278,Ursaring,4,52,-19,6,-4,5,3158
279,Slugma,-46,-38,-54,1,-39,-30,8898
280,Magcargo,-26,-28,26,21,1,-20,2978
281,Swinub,-36,-28,-54,-39,-49,0,8918
282,Piloswine,14,22,-14,-9,-19,0,1318
283,Corsola,-21,-23,1,-4,16,-15,1468
284,Corsola (Galarian Corsola),-26,-23,6,-4,21,-20,2098
285,Remoraid,-51,-13,-59,-4,-44,15,8428
286,Octillery,-11,27,-19,36,-4,-5,2548
287,Delibird,-41,-23,-49,-4,-34,25,6408
288,Mantine,-1,-38,-24,11,61,20,6263
289,Skarmory,-21,2,46,-29,-9,20,3883
290,Houndour,-41,-18,-64,11,-29,15,7288
291,Houndoom,-11,12,-44,41,1,45,5908
292,Houndoom (Mega Houndoom),-11,12,-4,71,11,65,9668
293,Kingdra,-11,17,1,26,16,35,2568
294,Phanpy,4,-18,-34,-29,-39,-10,3958
295,Donphan,4,42,26,-9,-19,0,2898
296,Porygon2,-1,2,-4,36,16,10,1673
297,Stantler,-13,17,-32,16,-14,35,3159
298,Smeargle,-31,-58,-59,-49,-34,25,11988
299,Tyrogue,-51,-43,-59,-34,-44,-15,11248
300,Hitmontop,-36,17,1,-34,31,20,4103
301,Smoochum,-41,-48,-79,16,-14,15,10903
302,Elekid,-41,-15,-57,-4,-24,45,7772
303,Magby,-41,-3,-57,1,-24,33,6605
304,Miltank,9,2,11,-29,-9,50,3628
305,Blissey,169,-68,-84,6,56,5,43438
306,Raikou,4,7,-19,46,21,65,7208
307,Entei,29,37,-9,21,-4,50,5248
308,Suicune,14,-3,21,21,36,35,3608
309,Larvitar,-36,-14,-44,-24,-29,-9,4926
310,Pupitar,-16,6,-24,-4,-9,1,966
311,Tyranitar,14,56,16,26,21,11,4826
312,Tyranitar (Mega Tyranitar),14,86,56,26,41,21,13526
313,Lugia,20,12,36,21,75,60,11506
314,Ho-Oh,20,52,-4,41,75,40,12026
315,Celebi,14,22,6,31,21,50,4618
316,Treecko,-46,-33,-59,-4,-24,20,7678
317,Grovyle,-36,-13,-49,16,-14,45,6343
318,Sceptile,-16,7,-29,36,6,70,7378
319,Sceptile (Mega Sceptile),-16,32,-19,76,6,95,16478
320,Torchic,-41,-18,-54,1,-29,-5,5788
321,Combusken,-26,7,-34,16,-19,5,2523
322,Blaziken,-6,42,-24,41,-9,30,5038
323,Blaziken (Mega Blaziken),-6,82,-14,61,1,50,13178
324,Mudkip,-36,-8,-44,-19,-29,-10,4598
325,Marshtomp,-16,7,-24,-9,-9,0,1043
326,Swampert,14,32,-4,16,11,10,1713
327,Swampert (Mega Swampert),14,72,16,26,31,20,7673
328,Poochyena,-51,-23,-59,-39,-49,-15,10758
329,Mightyena,-16,12,-24,-9,-19,20,1818
330,Zigzagoon,-48,-48,-53,-39,-38,10,10482
331,Zigzagoon (Galarian Zigzagoon),-48,-48,-53,-39,-38,10,10482
332,Linoone,-8,-8,-33,-19,-18,50,4402
333,Linoone (Galarian Linoone),-8,-8,-33,-19,-18,50,4402
334,Wurmple,-41,-33,-59,-49,-49,-30,11953
335,Silcoon,-36,-43,-39,-44,-54,-35,10743
336,Beautifly,-26,-8,-44,31,-29,15,4703
337,Cascoon,-36,-43,-39,-44,-54,-35,10743
338,Dustox,-26,-28,-24,-19,11,15,2743
339,Lotad,-46,-48,-64,-29,-29,-20,10598
340,Lombre,-26,-28,-44,-9,-9,0,3558
341,Ludicolo,-6,-8,-24,21,21,20,1958
342,Seedot,-46,-38,-44,-39,-49,-20,9818
343,Nuzleaf,-16,-8,-54,-9,-39,10,4938
344,Shiftry,4,22,-34,21,-19,30,3358
345,Taillow,-46,-23,-64,-39,-49,35,11888
346,Swellow,-26,7,-34,6,-29,75,8383
347,Wingull,-46,-48,-64,-14,-49,35,12338
348,Pelipper,-26,-28,6,26,-9,15,2478
349,Ralts,-58,-53,-69,-24,-44,-10,13546
350,Kirlia,-48,-43,-59,-4,-24,0,8226
351,Gardevoir,-18,-13,-29,56,36,30,6666
352,Gardevoir (Mega Gardevoir),-18,7,-29,96,56,50,16066
353,Surskit,-46,-48,-62,-19,-27,15,9579
354,Masquerain,-16,-18,-32,31,3,30,3474
355,Shroomish,-26,-38,-34,-29,-19,-15,4703
356,Breloom,-26,52,-14,-9,-19,20,4418
357,Slakoth,-26,-18,-34,-34,-44,-20,5648
358,Vigoroth,-6,2,-14,-14,-24,40,2608
359,Slaking,64,82,6,26,-14,50,14228
360,Nincada,-55,-33,-4,-39,-49,-10,8152
361,Ninjask,-25,12,-49,-19,-29,110,16472
362,Shedinja,-85,12,-49,-39,-49,-10,13792
363,Whismur,-22,-27,-71,-18,-56,-22,10198
364,Loudred,-2,-7,-51,2,-36,-2,3958
365,Exploud,18,13,-31,22,-6,18,2298
366,Makuhita,-14,-18,-64,-49,-49,-25,10043
367,Hariyama,58,42,-34,-29,-19,0,7486
368,Azurill,-36,-58,-54,-49,-39,-30,12398
369,Nosepass,-56,-33,41,-24,11,-20,7003
370,Skitty,-36,-33,-49,-34,-44,0,7878
371,Delcatty,-16,-13,-29,-14,-24,40,3638
372,Sableye,-36,-3,-19,-4,-14,0,1878
373,Sableye (Mega Sableye),-36,7,31,16,36,-30,4758
374,Mawile,-36,7,-9,-14,-24,0,2198
375,Mawile (Mega Mawile),-36,27,31,-14,16,0,3438
376,Aron,-36,-8,6,-29,-39,-20,4158
377,Lairon,-26,12,46,-19,-29,-10,4238
378,Aggron,-16,32,86,-9,-19,0,9118
379,Aggron (Mega Aggron),-16,62,136,-9,1,0,22678
380,Meditite,-56,-38,-39,-29,-24,10,7618
381,Medicham,-26,-18,-19,-9,-4,30,2358
382,Medicham (Mega Medicham),-26,22,-9,11,6,50,3898
383,Electrike,-46,-33,-54,-4,-39,15,7883
384,Manectric,-16,-3,-34,36,-19,55,6103
385,Manectric (Mega Manectric),-16,-3,-14,66,1,85,12043
386,Plusle,-26,-28,-54,16,-4,45,6673
387,Minun,-26,-38,-44,6,6,45,6153
388,Volbeat,-21,-5,-19,-22,6,35,2572
389,Illumise,-21,-31,-19,4,6,35,3040
390,Roselia,-36,-18,-49,31,1,15,5208
391,Gulpin,-16,-35,-41,-26,-26,-10,4614
392,Swalot,14,-5,-11,4,4,5,399
393,Carvanha,-41,12,-74,-4,-59,15,11023
394,Sharpedo,-16,42,-54,26,-39,45,9158
395,Sharpedo (Mega Sharpedo),-16,62,-24,41,-14,55,9578
396,Wailmer,44,-8,-59,1,-44,10,7518
397,Wailord,84,12,-49,21,-34,10,11298
398,Numel,-26,-18,-54,-4,-34,-15,5313
399,Camerupt,-16,22,-24,36,-4,-10,2728
400,Camerupt (Mega Camerupt),-16,42,6,76,26,-30,9408
401,Torkoal,-16,7,46,16,-9,-30,3658
402,Spoink,-26,-53,-59,1,1,10,7068
403,Grumpig,-6,-33,-29,21,31,30,4268
404,Spinda,-26,-18,-34,-9,-19,10,2698
405,Trapinch,-41,22,-49,-24,-34,-40,7898
406,Vibrava,-36,-8,-44,-19,-29,20,4898
407,Flygon,-6,22,-14,11,1,50,3338
408,Cacnea,-36,7,-54,16,-39,-15,6263
409,Cacturne,-16,37,-34,46,-19,5,5283
410,Swablu,-41,-38,-34,-29,-4,0,5138
411,Altaria,-11,-8,-4,1,26,30,1778
412,Altaria (Mega Altaria),-11,32,16,41,26,30,4658
413,Zangoose,-13,37,-34,-9,-19,40,4736
414,Seviper,-13,22,-34,31,-19,15,3356
415,Lunatone,4,-23,-29,26,6,20,2498
416,Solrock,4,17,-9,-14,-14,20,1178
417,Barboach,-36,-30,-51,-23,-38,10,6870
418,Whiscash,24,0,-21,7,-8,10,1230
419,Corphish,-43,2,-29,-19,-44,-15,5216
420,Crawdaunt,-23,42,-9,21,-24,5,3416
421,Baltoy,-46,-38,-39,-29,-9,5,6028
422,Claydol,-26,-8,11,1,41,25,3168
423,Lileep,-20,-37,-17,-8,8,-27,2915
424,Cradily,0,3,3,12,28,-7,995
425,Anorith,-41,17,-44,-29,-29,25,6213
426,Armaldo,-11,47,6,1,1,-5,2393
427,Feebas,-66,-63,-74,-59,-24,30,18758
428,Milotic,9,-18,-15,31,46,31,4668
429,Castform,-16,-8,-24,1,-9,20,1378
430,Kecleon,-26,12,-24,-9,41,-10,3258
431,Shuppet,-42,-3,-59,-6,-46,-5,7431
432,Banette,-22,37,-29,14,-16,15,3371
433,Banette (Mega Banette),-22,87,-19,24,4,25,9631
434,Duskull,-66,-38,-4,-39,11,-25,8083
435,Dusclops,-46,-8,36,-9,51,-25,6783
436,Tropius,13,-10,-11,3,8,1,464
437,Chimecho,-11,-28,-14,26,11,15,2123
438,Absol,-21,52,-34,6,-19,25,5323
439,Absol (Mega Absol),-21,72,-34,46,-19,65,13483
440,Wynaut,9,-55,-46,-46,-31,-27,9028
441,Snorunt,-36,-28,-44,-19,-29,0,5218
442,Glalie,-6,2,-14,11,1,30,1258
443,Glalie (Mega Glalie),-6,42,-14,51,1,50,7098
444,Spheal,-16,-38,-44,-14,-29,-25,5298
445,Sealeo,4,-18,-24,6,-9,-5,1058
446,Walrein,24,2,-4,26,11,15,1618
447,Clamperl,-51,-14,-9,5,-24,-18,3803
448,Huntail,-31,26,11,25,-4,2,2403
449,Gorebyss,-31,6,11,45,-4,2,3163
450,Relicanth,14,12,36,-24,-14,5,2433
451,Luvdisc,-43,-48,-39,-29,-14,47,8920
452,Bagon,-41,-3,-34,-29,-49,0,6088
453,Shelgon,-21,17,6,-9,-29,0,1688
454,Salamence,9,57,-14,41,1,50,7708
455,Salamence (Mega Salamence),9,67,36,51,11,70,13488
456,Beldum,-46,-23,-14,-34,-19,-20,4758
457,Metang,-26,-3,6,-14,1,0,918
458,Metagross,-6,57,36,26,11,20,5778
459,Metagross (Mega Metagross),-6,67,56,36,31,60,13518
460,Regirock,-6,22,106,-19,21,0,12558
461,Regice,-6,-28,6,31,121,0,16458
462,Registeel,-6,-3,56,6,71,0,8258
463,Latias,-6,2,-4,41,51,60,7938
464,Latias (Mega Latias),-6,22,26,71,71,60,14878
465,Latios,-6,12,-14,61,31,60,8658
466,Latios (Mega Latios),-6,52,6,91,41,60,16338
467,Kyogre,14,22,-4,81,61,40,12578
468,Kyogre (Primal Kyogre),14,72,-4,111,81,40,25878
469,Groudon,14,72,46,31,11,40,10178
470,Groudon (Primal Groudon),14,102,66,81,11,40,23238
471,Rayquaza,19,72,-4,81,11,45,14268
472,Rayquaza (Mega Rayquaza),19,102,6,111,21,65,27788
473,Jirachi,14,22,6,31,21,50,4618
474,Deoxys (Normal Forme),-36,72,-44,81,-29,100,25818
475,Deoxys (Attack Forme),-36,102,-74,111,-59,100,42978
476,Deoxys (Defense Forme),-36,-8,66,1,81,40,13878
477,Deoxys (Speed Forme),-36,17,-4,26,11,130,19298
478,Turtwig,-31,-10,-30,-24,-24,-19,3474
479,Grotle,-11,11,-9,-14,-14,-14,911
480,Torterra,9,31,11,6,6,6,1271
481,Chimchar,-42,-20,-50,-11,-35,11,6131
482,Monferno,-22,0,-42,9,-27,31,4019
483,Infernape,-10,26,-23,35,-8,58,5958
484,Piplup,-33,-27,-41,-8,-23,-10,4192
485,Prinplup,-22,-12,-26,12,-3,0,1457
486,Empoleon,-2,8,-6,42,22,10,2452
487,Starly,-46,-23,-64,-39,-49,10,10763
488,Staravia,-31,-3,-44,-29,-39,30,6168
489,Staraptor,-1,42,-24,-19,-19,50,5563
490,Bidoof,-27,-33,-54,-34,-39,-19,7772
491,Bibarel,-7,7,-34,-14,-19,21,2252
492,Kricketot,-49,-53,-53,-44,-38,-25,12024
493,Kricketune,-9,7,-43,-14,-28,15,3184
494,Shinx,-41,-13,-60,-29,-45,-5,8341
495,Luxio,-26,7,-45,-9,-30,10,3831
496,Luxray,-6,42,-15,26,0,20,3101
497,Budew,-46,-48,-59,-19,-9,5,8368
498,Roserade,-26,-8,-29,56,26,40,6993
499,Cranidos,-19,47,-54,-39,-49,8,9472
500,Rampardos,11,87,-34,-4,-29,8,9767
501,Shieldon,-56,-36,24,-27,9,-20,6218
502,Bastiodon,-26,-26,74,-22,59,-20,11193
503,Burmy,-46,-49,-49,-40,-34,-14,9870
504,Wormadam (Plant Cloak),-26,-19,-9,10,26,-14,2090
505,Wormadam (Sandy Cloak),-26,1,11,-10,6,-14,1130
506,Wormadam (Trash Cloak),-26,-9,1,0,16,-14,1210
507,Mothim,-16,16,-44,25,-29,16,4170
508,Combee,-56,-48,-52,-39,-37,20,11434
509,Vespiquen,-16,2,8,11,23,-10,1074
510,Pachirisu,-26,-33,-24,-24,11,45,5063
511,Buizel,-31,-13,-59,-9,-49,35,8318
512,Floatzel,-1,27,-39,16,-29,65,7573
513,Cherubi,-41,-43,-49,-7,-26,-15,6881
514,Cherrim,-16,-18,-24,18,-1,35,2706
515,Shellos,-10,-30,-46,-12,-17,-16,3805
516,Gastrodon,25,5,-26,23,3,-11,1985
517,Ambipom,-11,22,-28,-9,-13,65,5864
518,Drifloon,4,-28,-60,-9,-35,20,6106
519,Drifblim,64,2,-50,21,-25,30,8566
520,Buneary,-31,-12,-50,-25,-23,35,5984
521,Lopunny,-21,-2,-10,-15,17,55,4084
522,Lopunny (Mega Lopunny),-21,58,0,-15,17,85,11544
523,Mismagius,-26,-18,-34,36,26,55,7153
524,Honchkrow,14,47,-42,36,-27,21,6635
525,Glameow,-37,-23,-52,-27,-42,35,8320
526,Purugly,-15,4,-30,-5,-20,62,5410
527,Chingling,-41,-48,-44,-4,-29,-5,6803
528,Stunky,-23,-15,-47,-28,-38,24,5767
529,Skuntank,17,15,-27,2,-18,34,2727
530,Bronzor,-29,-54,-8,-45,7,-27,6624
531,Bronzong,-19,11,22,10,37,-17,2724
532,Bonsly,-36,2,1,-59,-34,-40,7538
533,Mime Jr.,-66,-53,-49,1,11,10,9788
534,Happiny,14,-73,-89,-54,-14,-20,16958
535,Chatot,-10,-13,-49,23,-37,41,6249
536,Spiritomb,-36,14,14,23,29,-15,3283
537,Gible,-28,-8,-49,-29,-34,-8,5310
538,Gabite,-18,12,-29,-19,-24,32,3270
539,Garchomp,22,52,1,11,6,52,6050
540,Garchomp (Mega Garchomp),22,92,21,51,16,42,14010
541,Munchlax,49,7,-54,-29,6,-45,8268
542,Riolu,-46,-8,-54,-34,-39,10,7873
543,Lucario,-16,32,-24,46,-9,40,5653
544,Lucario (Mega Lucario),-16,67,-6,71,-9,62,13747
545,Hippopotas,-18,-6,-16,-31,-37,-18,3270
546,Hippowdon,22,34,24,-1,-7,-3,2275
547,Skorupi,-46,-28,-4,-39,-24,15,5238
548,Drapion,-16,12,16,-9,-4,45,2778
549,Croagunk,-38,-17,-54,-8,-39,0,6234
550,Toxicroak,-3,28,-29,17,-14,35,3344
551,Carnivine,-12,22,-22,21,-7,-4,1618
552,Finneon,-37,-29,-38,-20,-18,16,4634
553,Lumineon,-17,-9,-18,0,7,41,2424
554,Mantyke,-41,-58,-44,-9,41,0,8743
555,Snover,-26,-16,-44,-7,-19,-10,3378
556,Abomasnow,4,14,-19,23,6,10,1238
557,Abomasnow (Mega Abomasnow),4,54,11,63,26,-20,8098
558,Weavile,-16,42,-29,-24,6,75,9098
559,Magnezone,-16,-8,21,61,11,10,4703
560,Lickilicky,24,7,1,11,16,0,1003
561,Rhyperior,29,62,36,-14,-24,-10,6853
562,Tangrowth,14,22,31,41,-29,0,4163
563,Electivire,-11,45,-27,26,6,45,5612
564,Magmortar,-11,17,-27,56,16,33,5620
565,Togekiss,-1,-28,1,51,36,30,5583
566,Yanmega,0,-2,-8,47,-23,45,4831
567,Leafeon,-21,32,36,-9,-14,45,5063
568,Glaceon,-21,-18,16,61,16,15,5223
569,Gliscor,-11,17,31,-24,-4,45,3988
570,Mamoswine,24,52,-14,1,-19,30,4738
571,Porygon-Z,-1,2,-24,66,-4,40,6553
572,Gallade,-18,47,-29,-4,36,30,5586
573,Gallade (Mega Gallade),-18,87,1,-4,36,60,12806
574,Probopass,-26,-23,51,6,71,-10,8983
575,Dusknoir,-41,22,41,-4,56,-5,7023
576,Froslass,-16,2,-24,11,-9,60,4638
577,Rotom,-36,-28,-17,26,-2,41,4730
578,Rotom (Heat Rotom),-36,-13,13,36,28,36,5010
579,Rotom (Wash Rotom),-36,-13,13,36,28,36,5010
580,Rotom (Frost Rotom),-36,-13,13,36,28,36,5010
581,Rotom (Fan Rotom),-36,-13,13,36,28,36,5010
582,Rotom (Mow Rotom),-36,-13,13,36,28,36,5010
583,Uxie,-11,-3,36,6,51,45,6088
584,Mesprit,-6,27,11,36,26,30,3758
585,Azelf,-11,47,-24,56,-9,65,10348
586,Dialga,14,42,26,81,21,40,11238
587,Dialga (Origin Forme),14,22,26,81,41,40,11198
588,Palkia,4,42,6,81,41,50,12558
589,Palkia (Origin Forme),4,22,6,81,41,70,13678
590,Heatran,5,12,12,61,27,27,5492
591,Regigigas,24,82,16,11,31,50,11138
592,Giratina (Altered Forme),64,22,26,31,41,40,9498
593,Giratina (Origin Forme),64,42,6,51,21,40,10538
594,Cresselia,34,-8,26,6,51,35,5758
595,Phione,-6,2,-14,11,1,30,1258
596,Manaphy,14,22,6,31,21,50,4618
597,Darkrai,-16,12,-4,66,11,75,10518
598,Shaymin (Land Forme),14,22,6,31,21,50,4618
599,Shaymin (Sky Forme),14,25,-19,51,-4,77,9728
600,Arceus,34,42,26,51,41,70,12778
601,Victini,14,22,6,31,21,50,4618
602,Snivy,-41,-33,-39,-24,-24,13,5612
603,Servine,-26,-18,-19,-9,-4,33,2547
604,Serperior,-11,-3,1,6,16,63,4392
605,Tepig,-21,-15,-49,-24,-34,-5,4824
606,Pignite,4,15,-39,1,-24,5,2364
607,Emboar,24,45,-29,31,-14,15,4824
608,Oshawott,-31,-23,-49,-6,-34,-5,5108
609,Dewott,-11,-3,-34,14,-19,10,1943
610,Samurott,9,22,-9,39,-9,20,2648
611,Samurott (Hisuian Samurott),4,30,-14,31,-14,35,3494
612,Patrat,-41,-23,-55,-34,-40,-8,8055
613,Watchog,-26,7,-25,-9,-10,27,2260
614,Lillipup,-41,-18,-49,-44,-34,5,7523
615,Herdier,-21,2,-29,-34,-14,10,2738
616,Stoutland,-1,32,-4,-24,11,30,2638
617,Purrloin,-45,-28,-57,-19,-42,16,8439
618,Liepard,-22,10,-44,19,-29,56,6858
619,Pansage,-36,-25,-46,-16,-31,14,5450
620,Simisage,-11,20,-31,29,-16,51,5180
621,Pansear,-36,-25,-46,-16,-31,14,5450
622,Simisear,-11,20,-31,29,-16,51,5180
623,Panpour,-36,-25,-46,-16,-31,14,5450
624,Simipour,-11,20,-31,29,-16,51,5180
625,Munna,-10,-53,-49,-2,-24,-26,6566
626,Musharna,30,-23,-9,38,16,-21,3651
627,Pidove,-36,-23,-44,-33,-49,-7,7300
628,Tranquill,-24,-1,-32,-19,-37,15,3556
629,Unfezant,-6,37,-14,-4,-24,43,4042
630,Blitzle,-41,-18,-62,-19,-47,26,9095
631,Zebstrika,-11,22,-31,11,-16,66,6299
632,Roggenrola,-31,-3,-9,-44,-54,-35,7128
633,Boldore,-16,27,11,-19,-39,-30,3888
634,Gigalith,-1,57,36,-9,1,-25,5253
635,Woobat,-21,-33,-51,-14,-36,22,6107
636,Swoobat,-19,-21,-39,8,-24,64,7059
637,Drilbur,-26,7,-54,-39,-34,18,6642
638,Excadrill,24,57,-34,-19,-14,38,6982
639,Audino,17,-18,-8,-9,7,0,807
640,Audino (Mega Audino),17,-18,32,11,47,0,3967
641,Timburr,-11,2,-39,-44,-44,-15,5743
642,Gurdurr,-1,27,-9,-29,-29,-10,2593
643,Conkeldurr,19,62,1,-14,-14,-5,4623
644,Tympole,-36,-28,-54,-19,-39,14,7074
645,Palpitoad,-11,-13,-39,-4,-24,19,2764
646,Seismitoad,19,17,-19,16,-4,24,1859
647,Throh,34,22,-9,-39,6,-5,3303
648,Sawk,-11,47,-19,-39,-4,35,5453
649,Sewaddle,-41,-25,-24,-29,-19,-8,4148
650,Swadloon,-31,-15,-4,-19,1,-8,1628
651,Leavanny,-11,25,-14,1,1,42,2708
652,Venipede,-56,-33,-35,-39,-40,7,8620
653,Whirlipede,-46,-23,5,-29,0,-3,3520
654,Scolipede,-26,22,-5,-14,-10,62,5325
655,Cottonee,-46,-51,-34,-32,-29,16,7994
656,Whimsicott,-26,-11,-9,8,-4,66,5314
657,Petilil,-41,-43,-44,1,-29,-20,6708
658,Lilligant,-16,-18,-19,41,-4,40,4238
659,Lilligant (Hisuian Lilligant),-16,27,-19,-19,-4,55,4748
660,Basculin,-16,14,-29,11,-24,48,4294
661,Sandile,-36,-6,-59,-34,-44,15,8130
662,Krokorok,-26,4,-49,-24,-34,24,5401
663,Krookodile,9,39,-14,-4,-9,42,3659
664,Darumaka,-16,12,-49,-54,-34,0,6873
665,Darumaka (Galarian Darumaka),-16,12,-49,-54,-34,0,6873
666,Darmanitan (Standard Mode),19,62,-39,-39,-24,45,9848
667,Darmanitan (Zen Mode),19,-48,11,71,26,5,8528
668,Darmanitan (Galarian Standard Mode),19,62,-39,-39,-24,45,9848
669,Darmanitan (Galarian Zen Mode),19,82,-39,-39,-24,85,17928
670,Maractus,-11,8,-27,37,-12,10,2527
671,Dwebble,-36,-13,-9,-34,-44,5,4663
672,Crustle,-16,27,31,-4,-4,-5,2003
673,Scraggy,-36,-3,-24,-34,-9,-2,3122
674,Scrafty,-21,12,21,-24,36,8,2962
675,Sigilyph,-14,-20,-14,34,1,47,4158
676,Yamask,-48,-48,-9,-14,-14,-20,5481
677,Yamask (Galarian Yamask),-48,-23,-9,-39,-14,-20,5031
678,Cofagrigus,-28,-28,51,26,26,-20,5921
679,Tirtouga,-32,0,9,-16,-34,-28,3301
680,Carracosta,-12,30,39,14,-14,-18,3281
681,Archen,-31,34,-49,5,-34,20,6099
682,Archeops,-11,62,-29,43,-14,60,10451
683,Trubbish,-36,-28,-32,-29,-17,15,4459
684,Garbodor,-6,17,-12,-9,3,25,1184
685,Zorua,-46,-13,-54,11,-39,15,7068
686,Zorua (Hisuian Zorua),-51,-18,-54,16,-39,20,8018
687,Zoroark,-26,27,-34,51,-19,55,8548
688,Zoroark (Hisuian Zoroark),-31,22,-34,56,-19,60,9698
689,Minccino,-31,-28,-54,-29,-39,25,7648
690,Cinccino,-11,17,-34,-4,-19,65,6168
691,Gothita,-41,-48,-44,-14,-14,-5,6338
692,Gothorita,-26,-33,-24,6,6,5,2438
693,Gothitelle,-16,-23,1,26,31,15,2648
694,Solosis,-41,-48,-54,36,-29,-30,9938
695,Duosion,-21,-38,-44,56,-19,-20,7718
696,Reuniclus,24,-13,-19,56,6,-20,4678
697,Ducklett,-24,-34,-44,-25,-29,5,5159
698,Swanna,-11,9,-31,18,-16,48,4047
699,Vanillite,-50,-28,-44,-4,-19,-6,5633
700,Vanillish,-35,-13,-29,11,-4,9,2453
701,Vanilluxe,-15,17,-9,41,16,29,3373
702,Deerling,-26,-18,-44,-29,-29,25,5243
703,Sawsbuck,-6,22,-24,-9,-9,45,3283
704,Emolga,-31,-3,-34,6,-19,53,5332
705,Karrablast,-36,-3,-49,-29,-34,10,5803
706,Escavalier,-16,57,11,-9,26,-30,5283
707,Foongus,-17,-23,-49,-14,-24,-35,5216
708,Amoonguss,28,7,-24,16,1,-20,2066
709,Frillish,-31,-38,-44,-4,6,-10,4493
710,Jellicent,14,-18,-24,16,26,10,2128
711,Alomomola,79,-3,-14,-29,-34,15,8668
712,Joltik,-36,-31,-44,-12,-29,15,5403
713,Galvantula,-16,-1,-34,28,-19,58,5922
714,Ferroseed,-42,-28,-3,-45,7,-40,6231
715,Ferrothorn,-12,16,37,-15,37,-30,4263
716,Klink,-46,-23,-24,-24,-19,-20,4558
717,Klang,-26,2,1,1,6,0,718
718,Klinklang,-26,22,21,1,6,40,3238
719,Tynamo,-51,-23,-54,-24,-39,10,8243
720,Eelektrik,-21,7,-24,6,-9,-10,1283
721,Eelektross,-1,37,-14,36,1,0,2863
722,Elgyem,-31,-23,-39,16,-24,-20,4243
723,Beheeyem,-11,-3,-19,56,16,-10,3983
724,Litwick,-36,-48,-39,-4,-24,-30,6613
725,Lampent,-26,-38,-34,26,-19,5,4338
726,Chandelure,-26,-23,-4,76,11,30,8018
727,Axew,-40,9,-34,-39,-39,7,5928
728,Fraxure,-20,39,-24,-29,-29,17,4468
729,Haxorus,-10,69,-4,-9,-9,47,7248
730,Cubchoo,-31,-8,-54,-9,-39,-10,5643
731,Beartic,9,52,-14,1,1,0,2983
732,Cryogonal,-6,-28,-44,26,56,55,9593
733,Shelmet,-36,-38,-9,-29,-14,-25,4483
734,Accelgor,-6,-8,-54,31,-19,95,13363
735,Stunfisk,23,-12,-10,12,20,-18,1641
736,Stunfisk (Galarian Stunfisk),23,3,5,-3,5,-18,921
737,Mienfoo,-41,7,-44,-14,-29,15,4928
738,Mienshao,-21,47,-34,26,-19,55,7868
739,Druddigon,-9,42,-4,-9,11,-2,2067
740,Golett,-27,-4,-44,-34,-29,-15,4903
741,Golurk,3,46,-14,-14,1,5,2543
742,Pawniard,-41,7,-24,-29,-39,10,4768
743,Bisharp,-21,47,6,-9,-9,20,3248
744,Bouffalant,9,32,1,-29,16,5,2228
745,Rufflet,-16,5,-44,-32,-29,10,4182
746,Braviary,14,45,-19,-12,-4,30,3642
747,Braviary (Hisuian Braviary),24,5,-24,43,-9,15,3332
748,Vullaby,-16,-23,-19,-24,-14,10,2018
749,Mandibuzz,24,-13,11,-14,16,30,2218
750,Heatmor,-1,19,-28,36,-13,15,2836
751,Durant,-28,31,18,-21,-31,59,6952
752,Deino,-34,-13,-44,-24,-29,-12,4822
753,Zweilous,-14,7,-24,-4,-9,8,982
754,Hydreigon,6,27,-4,56,11,48,6342
755,Larvesta,-31,7,-39,-19,-24,10,3568
756,Volcarona,-1,-18,-29,66,26,50,8698
757,Cobalion,5,12,35,21,-7,58,5248
758,Terrakion,5,51,-4,3,11,58,6136
759,Virizion,5,12,-22,21,50,58,6958
760,Tornadus (Incarnate Forme),-7,37,-24,56,1,61,8852
761,Tornadus (Therian Forme),-7,22,-14,41,11,71,7572
762,Thundurus (Incarnate Forme),-7,37,-24,56,1,61,8852
763,Thundurus (Therian Forme),-7,27,-24,76,1,51,9732
764,Reshiram,14,42,6,81,41,40,11838
765,Zekrom,14,72,26,51,21,40,10698
766,Landorus (Incarnate Forme),3,47,-4,46,1,51,6952
767,Landorus (Therian Forme),3,67,-4,36,1,41,7492
768,Kyurem,39,52,-4,61,11,45,10108
769,Kyurem (Black Kyurem),39,92,6,51,11,45,14768
770,Kyurem (White Kyurem),39,42,-4,101,21,45,15968
771,Keldeo,5,-6,-4,60,11,58,7162
772,Meloetta (Aria Forme),14,-1,-17,59,49,40,7968
773,Meloetta (Pirouette Forme),14,50,-4,8,-2,78,8864
774,Genesect,-15,42,1,51,16,49,7248
775,Chespin,-30,-17,-29,-21,-34,-12,3771
776,Quilladin,-25,0,1,-13,-21,7,1285
777,Chesnaught,2,29,28,5,-4,14,1866
778,Fennekin,-46,-33,-54,-7,-19,10,6631
779,Braixen,-27,-19,-36,21,-9,23,3437
780,Delphox,-11,-9,-22,45,21,54,6068
781,Froakie,-45,-22,-54,-7,-35,21,7140
782,Frogadier,-32,-15,-42,14,-23,47,5947
783,Greninja,-14,17,-27,34,-8,72,7618
784,Greninja (Ash-Greninja),-14,67,-27,84,-8,82,19258
785,Bunnelby,-48,-42,-56,-37,-43,7,10471
786,Diggersby,-1,-22,-17,-19,-2,28,1923
787,Fletchling,-41,-28,-51,-29,-41,12,7732
788,Fletchinder,-24,-5,-39,-13,-27,34,4176
789,Talonflame,-8,3,-23,5,-10,76,6503
790,Scatterbug,-48,-43,-54,-42,-54,-15,11974
791,Spewpa,-41,-56,-34,-42,-49,-21,10579
792,Vivillon,-6,-26,-44,21,-29,39,5451
793,Litleo,-24,-28,-36,4,-25,22,3781
794,Pyroar,0,-10,-22,40,-13,56,5489
795,Flabébé,-42,-40,-55,-8,0,-8,6517
796,Floette,-32,-33,-47,6,19,2,4723
797,Florges,-8,-13,-26,43,75,25,9008
798,Skiddo,-20,-13,-46,-7,-22,2,3222
799,Gogoat,37,22,-32,28,2,18,3989
800,Pancham,-19,4,-32,-23,-31,-7,2940
801,Pangoro,9,46,-16,0,-8,8,2581
802,Furfrou,-11,2,-34,-4,11,52,4122
803,Espurr,-24,-30,-40,-6,-19,18,3797
804,Meowstic,-12,-30,-18,14,2,54,4484
805,Honedge,-41,2,6,-34,-42,-22,5125
806,Doublade,-27,32,56,-24,-30,-15,6590
807,Aegislash (Shield Forme),-26,-28,46,-19,61,10,7758
808,Aegislash (Blade Forme),-26,62,-44,71,-29,10,12438
809,Spritzee,-8,-26,-34,-6,-14,-27,2857
810,Aromatisse,15,-6,-22,30,10,-21,2186
811,Swirlix,-24,-30,-28,-10,-22,-1,2845
812,Slurpuff,-4,2,-8,16,-4,22,840
813,Inkay,-33,-24,-41,-32,-33,-5,5484
814,Malamar,0,14,-6,-1,-4,23,778
815,Binacle,-44,-26,-27,-30,-23,0,4770
816,Barbaracle,-14,27,21,-15,7,18,1964
817,Skrelp,-36,-18,-34,-9,-19,-20,3618
818,Dragalge,-21,-3,-4,28,44,-6,3222
819,Clauncher,-36,-25,-32,-11,-16,-6,3358
820,Clawitzer,-15,-5,-6,51,10,9,3068
821,Helioptile,-42,-40,-61,-8,-36,20,8845
822,Heliolisk,-24,-23,-42,40,15,59,8175
823,Tyrunt,-28,11,-17,-24,-34,-2,2930
824,Tyrantrum,-4,43,25,0,-20,21,3331
825,Amaura,-9,-19,-44,-2,-16,-4,2654
826,Aurorus,37,-1,-22,30,13,8,2987
827,Sylveon,9,-13,-29,41,51,10,5473
828,Hawlucha,-8,14,-19,5,-16,68,5526
829,Dedenne,-19,-20,-37,12,-12,51,5019
830,Carbink,-36,-28,56,-19,71,0,10618
831,Goomy,-41,-28,-59,-14,-4,-10,6258
832,Sliggoo,-18,-3,-41,14,34,10,3466
833,Sliggoo (Hisuian Sliggoo),-28,-3,-11,14,34,-10,2366
834,Goodra,4,22,-24,41,71,30,8698
835,Goodra (Hisuian Goodra),-6,22,6,41,71,10,7378
836,Klefki,-29,2,-3,11,8,25,1664
837,Phantump,-43,-8,-46,-19,-19,-12,4895
838,Trevenant,-1,32,-18,-4,3,6,1410
839,Pumpkaboo (Small Size),-42,-12,-24,-25,-24,6,3721
840,Pumpkaboo (Average Size),-37,-12,-24,-25,-24,1,3291
841,Pumpkaboo (Large Size),-32,-12,-24,-25,-24,-4,2961
842,Pumpkaboo (Super Size),-27,-12,-24,-25,-24,-9,2731
843,Gourgeist (Small Size),-31,7,28,-11,-4,49,4332
844,Gourgeist (Average Size),-21,12,28,-11,-4,34,2662
845,Gourgeist (Large Size),-11,17,28,-11,-4,19,1692
846,Gourgeist (Super Size),-1,22,28,-11,-4,4,1422
847,Bergmite,-31,-9,-9,-37,-44,-22,4912
848,Avalugg,9,39,90,-25,-33,-22,11900
849,Avalugg (Hisuian Avalugg),9,49,90,-35,-43,-12,13800
850,Noibat,-46,-48,-59,-24,-39,5,10023
851,Noivern,-1,-8,-14,28,1,73,6375
852,Xerneas,40,53,1,62,19,49,11016
853,Yveltal,40,53,1,62,19,49,11016
854,Zygarde (50% Forme),22,22,27,12,16,45,4122
855,Zygarde (10% Forme),-32,22,-23,-8,6,65,6362
856,Zygarde (Complete Forme),130,22,27,22,16,35,20078
857,Diancie,-36,22,56,31,71,0,10918
858,Diancie (Mega Diancie),-36,82,16,91,31,60,21118
859,Hoopa (Hoopa Confined),-6,32,-34,81,51,20,11778
860,Hoopa (Hoopa Unbound),-6,82,-34,101,51,30,21618
861,Volcanion,-6,32,26,61,11,20,5978
862,Rowlet,-18,-23,-39,-19,-29,-8,3640
863,Dartrix,-8,-3,-19,1,-9,2,520
864,Decidueye,-8,29,-19,31,21,20,3068
865,Decidueye (Hisuian Decidueye),2,34,-14,26,16,10,2388
866,Litten,-41,-13,-54,-9,-39,20,6768
867,Torracat,-21,7,-44,11,-29,40,4988
868,Incineroar,9,37,-4,11,11,10,1808
869,Popplio,-36,-24,-40,-3,-23,-10,4110
870,Brionne,-26,-9,-25,22,2,0,1870
871,Primarina,-6,-4,-20,57,37,10,5170
872,Pikipek,-51,-3,-64,-39,-49,15,10853
873,Trumbeak,-31,7,-44,-29,-29,25,5253
874,Toucannon,-6,42,-19,6,-4,10,2313
875,Yungoos,-38,-8,-64,-39,-49,-5,9551
876,Gumshoos,2,32,-34,-14,-19,-5,2766
877,Grubbin,-39,-16,-49,-14,-34,-4,5546
878,Charjabug,-29,4,1,-14,-4,-14,1266
879,Vikavolt,-9,-8,-4,76,-4,-7,6002
880,Crabrawler,-39,4,-37,-27,-32,13,4828
881,Crabominable,11,54,-17,-7,-12,-7,3568
882,Oricorio,-11,-8,-24,29,-9,43,3532
883,Cutiefly,-46,-33,-54,-14,-39,34,8994
884,Ribombee,-26,-23,-34,26,-9,74,8594
885,Rockruff,-41,-13,-54,-39,-39,10,7908
886,Lycanroc (Midday Form),-11,37,-29,-14,-14,62,6567
887,Lycanroc (Midnight Form),-1,37,-19,-14,-4,32,2967
888,Lycanroc (Dusk Form),-11,39,-29,-14,-14,60,6475
889,Wishiwashi (Solo Form),-41,-58,-74,-44,-54,-10,15473
890,Wishiwashi (School Form),-41,62,36,71,56,-20,15398
891,Mareanie,-36,-25,-32,-26,-27,-5,4375
892,Toxapex,-36,-15,58,-16,63,-15,9335
893,Mudbray,-16,22,-24,-24,-24,-5,2493
894,Mudsdale,14,47,6,-14,6,-15,2898
895,Dewpider,-48,-38,-42,-29,-7,-23,6931
896,Araquanid,-18,-8,-2,-19,53,-8,3626
897,Fomantis,-46,-23,-59,-19,-44,-15,8648
898,Lurantis,-16,27,-4,11,11,-5,1268
899,Morelull,-46,-43,-39,-4,-4,-35,6743
900,Shiinotic,-26,-33,-14,21,21,-20,3243
901,Salandit,-38,-34,-54,2,-39,27,7770
902,Salazzle,-18,-14,-34,42,-19,67,8290
903,Stufful,-16,-3,-44,-24,-29,0,3618
904,Bewear,34,47,-14,-14,-19,10,4218
905,Bounsweet,-44,-48,-56,-39,-41,-18,10902
906,Steenee,-34,-38,-46,-29,-31,12,6662
907,Tsareena,-14,42,4,-19,19,22,3182
908,Comfey,-35,-26,-4,13,31,50,5547
909,Oranguru,4,-18,-14,21,31,10,2038
910,Passimian,14,42,-4,-29,-19,30,4078
911,Wimpod,-61,-43,-54,-49,-49,30,14188
912,Golisopod,-11,47,46,-9,11,-10,4748
913,Sandygast,-31,-23,-14,1,-34,-35,4068
914,Palossand,-1,-3,16,31,-4,-15,1468
915,Pyukumuku,-31,-18,36,-39,51,-45,8728
916,Type: Null,9,17,1,26,16,9,1384
917,Silvally,9,17,1,26,16,45,3328
918,Minior (Meteor Form),-26,-18,6,-9,21,10,1658
919,Minior (Core),-26,22,-34,31,-19,70,8538
920,Komala,-21,37,-29,6,16,15,3168
921,Turtonator,-26,0,41,22,6,-14,3073
922,Togedemaru,-21,20,-31,-29,-6,46,4795
923,Mimikyu,-31,12,-14,-19,26,46,4454
924,Bruxish,-18,27,-24,1,-9,42,3475
925,Drampa,-8,-18,-9,66,12,-14,5165
926,Dhelmise,-16,53,6,17,11,-10,3611
927,Jangmo-o,-41,-23,-29,-24,-34,-5,4808
928,Hakamo-o,-31,-3,-4,-4,-9,15,1308
929,Kommo-o,-11,32,31,31,26,35,4968
930,Tapu Koko,-16,37,-9,26,-4,80,8798
931,Tapu Lele,-16,7,-19,61,36,45,7708
932,Tapu Bulu,-16,52,21,16,16,25,4538
933,Tapu Fini,-16,-3,21,26,51,35,5208
934,Cosmog,-43,-49,-63,-40,-48,-13,12292
935,Cosmoem,-43,-49,37,-40,52,-13,10092
936,Solgaleo,51,59,13,44,10,47,10496
937,Lunala,51,35,-5,68,28,47,11468
938,Nihilego,23,-25,-47,58,52,53,12240
939,Buzzwole,21,61,45,-16,-26,29,7960
940,Pheromosa,-15,59,-57,68,-42,101,23544
941,Xurkitree,-3,11,-23,104,-8,33,12628
942,Celesteela,11,23,9,38,22,11,2780
943,Kartana,-27,103,37,-10,-48,59,18592
944,Guzzlord,137,23,-41,28,-26,-7,22488
945,Necrozma,11,29,7,58,10,29,5316
946,Necrozma (Dusk Mane Necrozma),11,79,33,44,30,27,11016
947,Necrozma (Dawn Wings Necrozma),11,35,15,88,48,27,12348
948,Necrozma (Ultra Necrozma),11,89,3,98,18,79,24220
949,Magearna,-6,17,21,61,36,15,6008
950,Marshadow,4,47,-14,21,11,75,8608
951,Poipole,-19,-5,-27,4,-12,23,1804
952,Naganadel,-13,-5,-21,58,-6,71,9076
953,Stakataka,-25,53,117,-16,22,-37,19232
954,Blacephalon,-33,49,-41,82,0,57,15144
955,Zeraora,2,34,-19,33,1,93,11260
956,Meltan,-40,-13,-29,-14,-44,-16,4998
957,Melmetal,49,65,49,11,-14,-16,9600
958,Grookey,-36,-13,-44,-29,-39,15,5988
959,Thwackey,-16,7,-24,-14,-19,30,2338
960,Rillaboom,14,47,-4,-9,-9,35,3808
961,Scorbunny,-36,-7,-54,-29,-39,19,6984
962,Raboot,-21,8,-34,-14,-19,44,4154
963,Cinderace,-6,38,-19,-4,-4,69,6634
964,Sobble,-36,-38,-54,1,-39,20,7578
965,Drizzile,-21,-18,-39,26,-24,40,5138
966,Inteleon,-16,7,-29,56,-14,70,9378
967,Skwovet,-16,-23,-39,-34,-44,-25,6023
968,Greedent,34,17,1,-14,-4,-30,2558
969,Rookidee,-48,-31,-59,-36,-44,7,10027
970,Corvisquire,-18,-11,-39,-26,-24,27,3947
971,Corviknight,12,9,11,-16,6,17,927
972,Blipbug,-61,-58,-74,-44,-34,-5,15678
973,Dottler,-36,-43,-14,-19,11,-20,4223
974,Orbeetle,-26,-33,16,11,41,40,5423
975,Nickit,-46,-50,-66,-22,-27,0,10185
976,Thievul,-16,-20,-36,18,13,40,4045
977,Gossifleur,-46,-38,-34,-29,-19,-40,7518
978,Eldegoss,-26,-28,-4,11,41,10,3378
979,Wooloo,-44,-38,-39,-29,-34,-2,6902
980,Dubwool,-14,2,6,-9,11,38,1882
981,Chewtle,-36,-14,-44,-31,-41,-6,6106
982,Drednaw,4,37,-4,-21,-11,24,2539
983,Yamper,-27,-33,-44,-29,-29,-24,6012
984,Boltund,-17,12,-34,21,-19,71,7432
985,Rolycoly,-56,-38,-44,-29,-29,-20,8598
986,Carkol,-6,-18,-4,-9,-9,0,538
987,Coalossal,24,2,26,11,11,-20,1898
988,Applin,-46,-38,-14,-29,-39,-30,7018
989,Flapple,-16,32,-14,26,-19,20,2913
990,Appletun,24,7,-14,31,1,-20,2183
991,Silicobra,-34,-21,-19,-34,-29,-4,3971
992,Sandaconda,-14,29,31,-4,-9,21,2536
993,Cramorant,-16,7,-39,16,16,35,3563
994,Arrokuda,-45,-15,-54,-29,-49,16,8664
995,Barraskewda,-25,45,-34,-9,-29,86,12124
996,Toxel,-46,-40,-59,-15,-44,-10,9458
997,Toxtricity,-11,20,-24,45,-9,25,3828
998,Sizzlipede,-36,-13,-49,-19,-29,-5,5093
999,Centiskorch,14,37,-29,21,11,15,3193
1000,Clobbopus,-36,-10,-34,-19,-29,-18,4078
1001,Grapploct,-6,40,-4,1,1,-8,1718
1002,Sinistea,-46,-33,-49,5,-25,0,6256
1003,Polteageist,-26,-13,-29,65,35,20,7536
1004,Hatenna,-44,-48,-49,-13,-26,-11,7607
1005,Hattrem,-29,-38,-29,17,-6,-1,3452
1006,Hatterene,-29,12,1,67,24,-21,6492
1007,Impidimp,-41,-33,-64,-14,-39,0,8583
1008,Morgrem,-21,-18,-49,6,-24,20,4178
1009,Grimmsnarl,9,42,-29,26,-4,10,3478
1010,Obstagoon,7,12,7,-9,2,45,2352
1011,Perrserker,-16,32,6,-19,-19,0,2038
1012,Cursola,-26,17,-44,76,51,-20,11678
1013,Sirfetch'd,-24,57,1,-1,3,15,4061
1014,Mr. Rime,-6,7,-19,41,21,20,2968
1015,Runerigus,-28,17,51,-19,26,-20,5111
1016,Milcery,-41,-38,-54,-19,-18,-16,6982
1017,Alcremie,-21,-18,-19,41,42,14,4767
1018,Falinks,-21,22,6,1,-19,25,1948
1019,Pincurchin,-38,23,1,22,6,-35,3719
1020,Snom,-56,-53,-59,-24,-49,-30,13303
1021,Frosmoth,-16,-13,-34,56,11,15,5063
1022,Stonjourner,14,47,41,-49,-59,20,10368
1023,Eiscue (Ice Face),-11,2,16,-4,11,0,518
1024,Eiscue (Noice Face),-11,2,-24,-4,-29,80,7958
1025,Indeedee (Male),-26,-13,-39,36,16,45,5943
1026,Indeedee (Female),-16,-23,-29,26,26,35,4203
1027,Morpeko,-28,17,-36,1,-21,47,5020
1028,Cufant,-14,2,-45,-29,-30,-10,4066
1029,Copperajah,36,52,-25,11,-10,-20,5246
1030,Dracozolt,4,22,-4,11,-9,25,1343
1031,Arctozolt,4,22,-4,21,1,5,983
1032,Dracovish,4,12,6,1,1,25,823
1033,Arctovish,4,12,6,11,11,5,463
1034,Duraludon,-16,17,21,51,-29,35,5653
1035,Dreepy,-58,-18,-64,-29,-49,32,12050
1036,Drakloak,-18,2,-44,-9,-29,52,5890
1037,Dragapult,2,42,-19,31,-4,92,11570
1038,Zacian (Hero of Many Battles),6,42,21,11,36,88,11402
1039,Zacian (Crowned Sword),6,72,21,11,36,98,16682
1040,Zamazenta (Hero of Many Battles),6,42,21,11,36,88,11402
1041,Zamazenta (Crowned Shield),6,42,46,11,61,78,13842
1042,Eternatus,54,7,1,76,16,80,15398
1043,Eternatus (Eternamax Eternatus),169,37,156,56,171,80,93043
1044,Kubfu,-26,12,-34,-16,-29,22,3557
1045,Urshifu,14,52,6,-6,-19,47,5542
1046,Zarude,19,42,11,1,16,55,5528
1047,Regieleki,-6,22,-44,31,-29,150,26758
1048,Regidrago,114,22,-44,31,-29,30,18118
1049,Glastrier,14,67,36,-4,31,-20,7358
1050,Spectrier,14,-13,-34,76,1,80,13698
1051,Calyrex,14,2,-14,11,1,30,1418
1052,Calyrex (Ice Rider Calyrex),14,87,56,16,51,0,13758
1053,Calyrex (Shadow Rider Calyrex),14,7,-14,96,21,100,20098
1054,Wyrdeer,17,27,-22,36,-4,15,3039
1055,Kleavor,-16,57,1,-24,-9,35,5388
1056,Ursaluna,44,62,11,-24,1,0,6478
1057,Basculegion (Male),34,34,-29,11,-4,28,4074
1058,Basculegion (Female),34,14,-29,31,-4,28,3954
1059,Sneasler,-6,52,-34,-29,1,70,9638
1060,Overqwil,-1,37,1,-4,-14,35,2808
1061,Enamorus (Incarnate Forme),-12,37,-24,66,1,56,9582
1062,Enamorus (Therian Forme),-12,37,16,66,21,-4,6582
1063,Sprigatito,-46,-17,-40,-24,-34,15,5962
1064,Floragato,-25,2,-31,-9,-16,33,3016
1065,Meowscarada,-10,32,-24,12,-9,73,7254
1066,Fuecoco,-19,-33,-35,-6,-39,-14,4428
1067,Crocalor,-5,-23,-16,21,-21,-1,1693
1068,Skeledirge,18,-3,6,41,-4,16,2322
1069,Quaxly,-31,-13,-49,-19,-34,0,5048
1070,Quaxwell,-16,7,-29,-4,-19,15,1748
1071,Quaquaval,-1,42,-14,16,-4,35,3458
1072,Lechonk,-32,-33,-54,-34,-34,-15,7566
1073,Oinkologne (Male),24,22,-19,-10,1,15,1747
1074,Oinkologne (Female),29,12,-24,-10,11,15,2007
1075,Tarountula,-51,-37,-49,-40,-39,-30,10392
1076,Spidops,-26,1,-2,-17,7,-15,1244
1077,Nymble,-53,-32,-54,-48,-54,-5,11994
1078,Lokix,-15,24,-16,-17,-24,42,3686
1079,Pawmi,-41,-28,-74,-29,-54,10,11798
1080,Pawmo,-26,-3,-54,-19,-39,35,6708
1081,Pawmot,-16,37,-24,1,-19,55,5588
1082,Tandemaus,-36,-28,-49,-29,-34,25,7103
1083,Maushold,-12,-3,-24,-4,-4,61,4482
1084,Fidough,-49,-23,-24,-39,-24,15,5828
1085,Dachsbun,-29,2,21,-19,1,45,3673
1086,Smoliv,-45,-43,-49,-11,-28,-20,7580
1087,Dolliv,-34,-25,-34,9,-1,-17,3308
1088,Arboliva,-8,-9,-4,56,30,-11,4318
1089,Squawkabilly,-4,18,-43,-24,-28,42,5313
1090,Nacli,-31,-23,-19,-34,-44,-25,5568
1091,Naclstack,-26,-18,6,-34,-14,-15,2613
1092,Garganacl,14,22,36,-24,11,-15,2898
1093,Charcadet,-46,-28,-54,-19,-39,-15,7923
1094,Armarouge,-1,-18,6,56,1,25,4123
1095,Ceruledge,-11,47,-14,-9,21,35,4273
1096,Tadbulb,-25,-47,-53,-10,-44,-5,7704
1097,Bellibolt,23,-14,-3,34,4,-5,1931
1098,Wattrel,-46,-38,-59,-14,-39,20,9158
1099,Kilowattrel,-16,-8,-34,36,-19,75,8758
1100,Maschiff,-26,0,-34,-29,-28,1,3458
1101,Mabosstiff,-6,42,-4,-9,-9,35,3203
1102,Shroodle,-46,-13,-59,-29,-44,25,9168
1103,Grafaiai,-23,17,-29,11,-7,60,5429
1104,Bramblin,-46,-13,-64,-24,-44,10,8993
1105,Brambleghast,-31,37,-24,11,-9,40,4708
1106,Toedscool,-46,-38,-59,-19,21,20,8243
1107,Toedscruel,-6,-8,-29,11,41,50,5243
1108,Klawf,-16,22,21,-34,-24,25,3538
1109,Capsakid,-36,-16,-54,-7,-39,0,6038
1110,Scovillain,-21,30,-29,39,-14,25,4524
1111,Rellor,-45,-28,-34,-38,-21,-20,6250
1112,Rabsca,-11,-28,-9,46,21,-5,3568
1113,Flittle,-56,-43,-64,-14,-49,25,12303
1114,Espathra,9,-18,-34,32,-19,55,5971
1115,Tinkatink,-36,-33,-49,-34,-15,8,6231
1116,Tinkatuff,-21,-23,-39,-24,3,28,3860
1117,Tinkaton,-1,-3,-17,1,26,44,2912
1118,Wiglett,-76,-23,-69,-34,-54,45,17163
1119,Wugtrio,-51,22,-44,-19,-9,70,10363
1120,Bombirdier,-16,25,-9,-9,6,32,2103
1121,Finizen,-16,-33,-54,-24,-39,25,6983
1122,Palafin,14,-8,-22,-16,-17,50,3789
1123,Palafin,14,82,3,37,8,50,10862
1124,Varoom,-41,-8,-31,-39,-34,-3,5392
1125,Revavroom,-6,41,-4,-15,-12,40,3702
1126,Cyclizar,-16,17,-29,16,-14,71,6879
1127,Orthworm,-16,7,51,-9,-24,15,3788
1128,Glimmet,-38,-43,-52,36,-19,10,7754
1129,Glimmora,-3,-23,-4,61,2,36,5575
1130,Greavard,-36,-17,-34,-39,-24,-16,5094
1131,Houndstone,-14,23,6,-19,18,18,1770
1132,Flamigo,-4,37,-20,6,-15,40,3646
1133,Cetoddle,22,-10,-49,-39,-39,-7,6076
1134,Cetitan,84,35,-29,-24,-24,23,10803
1135,Veluza,4,24,-21,9,-14,20,1710
1136,Dondozo,64,22,21,-4,-14,-15,5458
1137,Tatsugiri,-18,-28,-34,51,16,32,6145
1138,Annihilape,24,37,-14,-19,11,40,4223
1139,Clodsire,44,-3,-34,-24,21,-30,5018
1140,Farigiraf,34,12,-24,41,-9,10,3738
1141,Dudunsparce,39,22,-14,16,-4,5,2498
1142,Kingambit,14,57,26,-9,6,0,4238
1143,Great Tusk,29,53,37,-16,-26,37,7320
1144,Scream Tail,29,-13,5,-4,36,61,6068
1145,Brute Bonnet,25,49,5,10,20,5,3576
1146,Flutter Mane,-31,-23,-39,66,56,85,17728
1147,Slither Wing,-1,57,-15,16,26,31,5368
1148,Sandy Shocks,-1,3,3,52,6,51,5360
1149,Iron Treads,4,34,26,3,-9,56,5074
1150,Iron Bundle,-30,2,20,55,-19,86,12086
1151,Iron Hands,68,62,14,-19,-11,0,9146
1152,Iron Jugulis,8,2,-8,53,1,58,6306
1153,Iron Moth,-6,-8,-34,71,31,60,10858
1154,Iron Thorns,14,56,16,1,5,22,4098
1155,Frigibax,-21,-3,-49,-34,-34,5,5188
1156,Arctibax,4,17,-28,-24,-14,12,2005
1157,Baxcalibur,29,67,-2,6,7,37,6788
1158,Gimmighoul (Chest Form),-41,-48,-24,6,-9,-40,6278
1159,Gimmighoul (Roaming Form),-41,-48,-69,6,-34,30,10838
1160,Gholdengo,1,-18,1,64,12,34,5722
1161,Wo-Chien,-1,7,6,26,56,20,4298
1162,Chien-Pao,-6,42,-14,21,-14,85,9858
1163,Ting-Lu,69,32,31,-14,1,-5,6968
1164,Chi-Yu,-31,2,-14,66,41,50,9698
1165,Roaring Moon,19,61,-23,-14,22,69,10052
1166,Iron Valiant,-12,52,-4,51,-19,66,10182
1167,Koraidon,14,57,21,16,21,85,11808
1168,Miraidon,14,7,6,66,36,85,13158
