Kevin Cooper vs. Pokemon SSE,pokemon,D_HP,D_ATK,D_DEF,D_SPA,D_SPD,D_SPE,SSE
0,Bulbasaur,-28,-58,-61,-6,-32,-5,8954
1,Ivysaur,-13,-45,-47,9,-17,10,4873
2,Venusaur,7,-25,-27,29,3,30,3153
3,Venusaur (Mega Venusaur),7,-7,13,51,23,30,4297
4,Charmander,-34,-55,-67,-11,-47,15,11225
5,Charmeleon,-15,-43,-52,9,-32,30,6783
6,Charizard,5,-23,-32,38,-12,50,5666
7,Charizard (Mega Charizard X),5,23,1,59,-12,50,6680
8,Charizard (Mega Charizard Y),5,-3,-32,88,18,50,11626
9,Squirtle,-29,-59,-45,-21,-33,-7,7926
10,Wartortle,-14,-44,-30,-6,-17,8,3421
11,Blastoise,6,-24,-10,14,8,28,1756
12,Blastoise (Mega Blastoise),6,-4,10,64,18,28,5356
13,Caterpie,-28,-77,-75,-51,-77,-5,20893
14,Metapod,-23,-87,-55,-46,-72,-20,18823
15,Butterfree,-13,-62,-60,19,-17,20,8663
16,Weedle,-33,-72,-80,-51,-77,0,21203
17,Kakuna,-28,-82,-60,-46,-72,-15,18633
18,Beedrill,-8,-17,-70,-26,-17,25,6843
19,Beedrill (Mega Beedrill),-8,43,-70,-56,-17,95,19263
20,Pidgey,-33,-62,-70,-36,-62,6,15009
21,Pidgeotto,-10,-47,-55,-21,-47,21,8425
22,Pidgeot,10,-27,-35,-1,-27,51,5385
23,Pidgeot (Mega Pidgeot),10,-27,-30,64,-17,71,11155
24,Rattata,-43,-51,-75,-46,-62,22,16519
25,Rattata (Alolan Rattata),-43,-51,-75,-46,-62,22,16519
26,Raticate,-18,-26,-50,-21,-27,47,6879
27,Raticate (Alolan Raticate),2,-36,-40,-31,-17,27,4879
28,Spearow,-33,-47,-80,-40,-66,20,16054
29,Fearow,-8,-17,-45,-10,-36,50,6274
30,Ekans,-38,-47,-66,-31,-43,5,10844
31,Arbok,-13,-12,-41,-6,-18,30,3254
32,Pikachu,-38,-52,-70,-21,-47,40,13298
33,Pikachu (Partner Pikachu),-28,-27,-60,4,-37,70,11398
34,Raichu,-13,-17,-55,19,-17,60,7733
35,Raichu (Alolan Raichu),-13,-22,-60,24,-12,60,8573
36,Sandshrew,-23,-32,-25,-51,-67,-10,9368
37,Sandshrew (Alolan Sandshrew),-23,-32,-20,-61,-62,-10,9618
38,Sandslash,2,-7,0,-26,-42,15,2718
39,Sandslash (Alolan Sandslash),2,-7,10,-46,-32,15,3518
40,Nidoran♀,-18,-60,-58,-31,-57,-9,11579
41,Nidorina,-3,-45,-43,-16,-42,6,5939
42,Nidoqueen,17,-15,-23,4,-12,26,1879
43,Nidoran♂,-27,-50,-70,-31,-57,0,12339
44,Nidorino,-12,-35,-53,-16,-42,15,6423
45,Nidoking,8,-5,-33,14,-22,35,3083
46,Clefairy,-3,-62,-62,-11,-32,-15,9067
47,Clefable,22,-37,-37,24,-7,10,3947
48,Vulpix,-35,-66,-70,-21,-32,15,12171
49,Vulpix (Alolan Vulpix),-35,-66,-70,-21,-32,15,12171
50,Ninetales,0,-31,-35,10,3,50,4795
51,Ninetales (Alolan Ninetales),0,-40,-35,10,3,59,6415
52,Jigglypuff,42,-62,-90,-26,-72,-30,20468
53,Wigglytuff,67,-37,-65,14,-47,-5,12513
54,Zubat,-33,-62,-75,-41,-57,5,15513
55,Golbat,2,-27,-40,-6,-22,40,4453
56,Oddish,-28,-57,-55,4,-32,-20,8498
57,Gloom,-13,-42,-40,14,-22,-10,4313
58,Vileplume,2,-27,-25,39,-7,0,2928
59,Paras,-38,-37,-55,-26,-42,-25,8903
60,Parasect,-13,-12,-30,-11,-17,-20,2023
61,Venonat,-13,-52,-60,-31,-42,-5,9223
62,Venomoth,-3,-42,-50,19,-22,40,6718
63,Diglett,-63,-52,-85,-36,-52,45,19923
64,Diglett (Alolan Diglett),-63,-52,-80,-36,-52,40,18673
65,Dugtrio,-38,-7,-60,-21,-27,70,11163
66,Dugtrio (Alolan Dugtrio),-38,-7,-50,-21,-27,60,8763
67,Meowth,-33,-62,-75,-31,-57,40,16368
68,Meowth (Alolan Meowth),-33,-72,-75,-21,-57,40,17188
69,Meowth (Galarian Meowth),-23,-42,-55,-31,-57,-10,9628
70,Persian,-8,-37,-50,-6,-32,65,9218
71,Persian (Alolan Persian),-8,-47,-50,4,-32,65,10038
72,Psyduck,-23,-55,-62,-6,-47,5,9668
73,Golduck,7,-25,-32,24,-17,35,3788
74,Mankey,-33,-27,-75,-36,-52,20,11843
75,Primeape,-8,-2,-50,-11,-27,45,5443
76,Growlithe,-18,-37,-65,-1,-47,10,8228
77,Growlithe (Hisuian Growlithe),-13,-32,-65,-6,-47,5,7688
78,Arcanine,17,3,-30,29,-17,45,4353
79,Arcanine (Hisuian Arcanine),22,8,-30,24,-17,40,3913
80,Poliwag,-33,-57,-70,-31,-57,40,15048
81,Poliwhirl,-8,-42,-45,-21,-47,40,8103
82,Poliwrath,17,-12,-15,-1,-7,20,1108
83,Abra,-48,-87,-95,34,-42,40,23418
84,Kadabra,-33,-72,-80,49,-27,55,18828
85,Alakazam,-18,-57,-65,64,-2,70,16798
86,Alakazam (Mega Alakazam),-18,-57,-45,104,8,100,26478
87,Machop,-3,-27,-60,-36,-62,-15,9703
88,Machoke,7,-7,-40,-21,-37,-5,3533
89,Machamp,17,23,-30,-6,-12,5,1923
90,Bellsprout,-23,-32,-75,-1,-67,-10,11768
91,Weepinbell,-8,-17,-60,14,-52,5,6878
92,Victreebel,7,-2,-45,29,-27,20,4048
93,Tentacool,-33,-67,-75,-21,3,20,12053
94,Tentacruel,7,-37,-45,9,23,50,6553
95,Geodude,-33,-27,-10,-41,-67,-30,8988
96,Geodude (Alolan Geodude),-33,-27,-10,-41,-67,-30,8988
97,Graveler,-18,-12,5,-26,-52,-15,4098
98,Graveler (Alolan Graveler),-18,-12,5,-26,-52,-15,4098
99,Golem,7,13,20,-16,-32,-5,1923
100,Golem (Alolan Golem),7,13,20,-16,-32,-5,1923
101,Ponyta,-23,-22,-55,-6,-32,40,6698
102,Ponyta (Galarian Ponyta),-23,-22,-55,-6,-32,40,6698
103,Rapidash,-8,-7,-40,9,-17,55,5108
104,Rapidash (Galarian Rapidash),-8,-7,-40,9,-17,55,5108
105,Slowpoke,17,-42,-45,-31,-57,-35,9513
106,Slowpoke (Galarian Slowpoke),17,-42,-45,-31,-57,-35,9513
107,Slowbro,22,-32,0,29,-17,-20,3038
108,Slowbro (Mega Slowbro),22,-32,70,59,-17,-20,10578
109,Slowbro (Galarian Slowbro),22,-7,-15,29,-27,-20,2728
110,Magnemite,-48,-72,-40,24,-42,-5,11453
111,Magneton,-23,-47,-15,49,-27,20,6493
112,Farfetch'd,-21,-17,-55,-13,-35,10,5249
113,Farfetch'd (Galarian Farfetch'd),-21,-12,-55,-13,-35,5,5029
114,Doduo,-38,-22,-65,-36,-62,25,11918
115,Dodrio,-13,3,-40,-11,-37,60,6868
116,Seel,-8,-62,-55,-26,-27,-5,8363
117,Dewgong,17,-37,-30,-1,-2,20,2963
118,Grimer,7,-27,-60,-31,-47,-25,8173
119,Grimer (Alolan Grimer),7,-27,-60,-31,-47,-25,8173
120,Muk,32,-2,-35,-6,3,0,2298
121,Muk (Alolan Muk),32,-2,-35,-6,3,0,2298
122,Shellder,-43,-42,-10,-26,-72,-10,9673
123,Cloyster,-23,-12,70,14,-52,20,8873
124,Gastly,-43,-72,-80,29,-62,30,19018
125,Haunter,-28,-57,-65,44,-42,45,13983
126,Gengar,-13,-42,-50,59,-22,60,11998
127,Gengar (Mega Gengar),-13,-42,-30,99,-2,80,19038
128,Onix,-38,-62,50,-41,-52,20,12573
129,Drowzee,-13,-59,-65,-28,-7,-8,8772
130,Hypno,12,-34,-40,2,18,17,3517
131,Krabby,-43,-2,-20,-46,-72,0,9553
132,Kingler,-18,23,5,-21,-47,25,4153
133,Voltorb,-33,-77,-60,-16,-42,50,15138
134,Voltorb (Hisuian Voltorb),-33,-77,-60,-16,-42,50,15138
135,Electrode,-13,-57,-40,9,-17,100,15388
136,Electrode (Hisuian Electrode),-13,-57,-40,9,-17,100,15388
137,Exeggcute,-13,-67,-30,-11,-52,-10,8483
138,Exeggutor,22,-12,-25,54,-22,5,4678
139,Exeggutor (Alolan Exeggutor),22,-2,-25,54,-22,-5,4538
140,Cubone,-23,-57,-15,-31,-47,-15,7398
141,Marowak,-13,-27,0,-21,-17,-5,1653
142,Marowak (Alolan Marowak),-13,-27,0,-21,-17,-5,1653
143,Hitmonlee,-23,13,-57,-36,13,37,6781
144,Hitmonchan,-23,-2,-31,-36,13,26,3635
145,Lickitung,17,-52,-35,-11,-22,-20,5223
146,Koffing,-33,-42,-15,-11,-52,-15,6128
147,Weezing,-8,-17,10,14,-27,10,1478
148,Weezing (Galarian Weezing),-8,-17,10,14,-27,10,1478
149,Rhyhorn,7,-22,-15,-41,-67,-25,7553
150,Rhydon,32,23,10,-26,-52,-10,5133
151,Chansey,177,-102,-105,-36,8,0,54118
152,Tangela,-8,-52,5,29,-57,10,6983
153,Kangaskhan,32,-12,-30,-31,-17,40,4918
154,Kangaskhan (Mega Kangaskhan),32,18,-10,-11,3,50,4078
155,Horsea,-43,-67,-40,-1,-72,10,13223
156,Seadra,-18,-42,-15,24,-52,35,6818
157,Goldeen,-28,-40,-50,-36,-47,13,8558
158,Seaking,7,-15,-45,-6,-17,18,2948
159,Staryu,-43,-62,-55,-1,-42,35,11708
160,Starmie,-13,-32,-25,29,-12,65,7028
161,Mr. Mime,-33,-62,-45,29,23,40,9928
162,Mr. Mime (Galarian Mr. Mime),-23,-42,-45,19,-7,50,7228
163,Scyther,-3,3,-30,-16,-17,55,4488
164,Jynx,-8,-57,-75,44,-2,45,12903
165,Electabuzz,-8,-24,-53,24,-12,55,7194
166,Magmar,-8,-12,-53,29,-12,43,5851
167,Pinsir,-8,18,-10,-16,-27,35,2698
168,Pinsir (Mega Pinsir),-8,48,10,-6,-7,55,5578
169,Tauros,2,-7,-15,-31,-27,60,5568
170,Tauros (Paldean Tauros (Combat Breed)),2,3,-5,-41,-27,50,4948
171,Tauros (Paldean Tauros (Blaze Breed)),2,3,-5,-41,-27,50,4948
172,Tauros (Paldean Tauros (Aqua Breed)),2,3,-5,-41,-27,50,4948
173,Magikarp,-53,-97,-55,-56,-77,30,25208
174,Gyarados,22,18,-31,-11,3,31,2860
175,Gyarados (Mega Gyarados),22,48,-1,-1,33,31,4840
176,Lapras,57,-22,-30,14,-2,10,4933
177,Ditto,-25,-59,-62,-23,-49,-2,10884
178,Eevee,-18,-52,-60,-26,-32,5,8353
179,Eevee (Partner Eevee),-8,-32,-40,-6,-12,25,3493
180,Vaporeon,57,-42,-50,39,-2,15,9263
181,Jolteon,-8,-42,-50,39,-2,80,12253
182,Flareon,-8,23,-50,24,13,15,4063
183,Porygon,-8,-47,-40,14,-22,-10,4653
184,Omanyte,-38,-67,-10,19,-42,-15,8383
185,Omastar,-3,-47,15,44,-27,5,5133
186,Kabuto,-43,-27,-20,-16,-52,5,5963
187,Kabutops,-13,8,-5,-6,-27,30,1923
188,Aerodactyl,7,-2,-45,-11,-22,80,9083
189,Aerodactyl (Mega Aerodactyl),7,28,-25,-1,-2,100,11463
190,Snorlax,87,3,-45,-6,13,-20,10208
191,Articuno,17,-22,-10,24,28,35,3458
192,Articuno (Galarian Articuno),17,-22,-25,54,3,45,6348
193,Zapdos,17,-17,-25,54,-7,50,6668
194,Zapdos (Galarian Zapdos),17,18,-20,14,-7,50,3758
195,Moltres,17,-7,-20,54,-12,40,5398
196,Moltres (Galarian Moltres),17,-22,-20,29,28,40,4398
197,Dratini,-32,-43,-65,-21,-47,0,9748
198,Dragonair,-12,-23,-45,-1,-27,20,3828
199,Dragonite,18,27,-15,29,3,30,3028
200,Mewtwo,33,3,-20,83,-7,80,14836
201,Mewtwo (Mega Mewtwo X),33,83,-10,83,3,80,21376
202,Mewtwo (Mega Mewtwo Y),33,43,-40,123,23,90,28296
203,Mew,27,-7,-10,29,3,50,4228
204,Chikorita,-28,-58,-45,-22,-32,-5,7706
205,Bayleef,-13,-45,-30,-8,-17,10,3547
206,Meganium,7,-25,-10,12,3,30,1827
207,Cyndaquil,-34,-55,-67,-11,-47,15,11225
208,Quilava,-15,-43,-52,9,-32,30,6783
209,Typhlosion,5,-23,-32,38,-12,50,5666
210,Typhlosion (Hisuian Typhlosion),0,-23,-32,48,-12,45,6026
211,Totodile,-23,-42,-46,-27,-49,-7,7588
212,Croconaw,-8,-27,-30,-12,-34,8,3057
213,Feraligatr,12,-2,-10,8,-14,28,1292
214,Sentret,-38,-61,-76,-36,-52,-30,15841
215,Furret,12,-31,-46,-26,-42,40,7261
216,Hoothoot,-13,-77,-80,-35,-41,0,15404
217,Noctowl,27,-57,-60,15,-1,20,8204
218,Ledyba,-33,-87,-80,-31,-17,5,16333
219,Ledian,-18,-72,-60,-16,13,35,10758
220,Spinarak,-33,-47,-70,-31,-57,-20,12808
221,Ariados,-3,-17,-40,-11,-27,-10,2848
222,Crobat,12,-17,-30,-1,-17,80,8023
223,Chinchou,2,-69,-72,-15,-41,17,12144
224,Lanturn,52,-49,-52,5,-21,17,8564
225,Pichu,-53,-67,-95,-36,-62,10,21563
226,Cleffa,-23,-82,-82,-26,-42,-35,17642
227,Igglybuff,17,-77,-95,-31,-77,-35,23358
228,Togepi,-38,-87,-45,-31,-32,-30,13923
229,Togetic,-18,-67,-25,9,8,-10,5683
230,Natu,-33,-57,-65,-1,-52,20,11668
231,Xatu,-8,-32,-40,24,-27,45,6018
232,Mareep,-18,-67,-70,-6,-52,-15,12678
233,Flaaffy,-3,-52,-55,9,-37,-5,7213
234,Ampharos,17,-32,-25,44,-7,5,3948
235,Ampharos (Mega Ampharos),17,-12,-5,94,13,-5,9488
236,Bellossom,2,-27,-15,19,3,0,1328
237,Marill,-3,-87,-60,-51,-47,-10,16088
238,Azumarill,27,-57,-30,-11,-17,0,5288
239,Sudowoodo,-3,-7,5,-41,-32,-20,3188
240,Politoed,17,-32,-35,19,3,20,3308
241,Hoppip,-38,-72,-70,-36,-42,0,14588
242,Skiploom,-18,-62,-60,-26,-32,30,10368
243,Jumpluff,2,-52,-40,-16,-2,60,8168
244,Aipom,-18,-37,-55,-31,-42,35,8668
245,Sunkern,-43,-77,-80,-41,-67,-20,20748
246,Sunflora,2,-32,-55,34,-12,-20,5753
247,Yanma,-8,-42,-65,4,-52,45,10798
248,Wooper,-18,-62,-65,-46,-72,-35,16918
249,Wooper (Paldean Wooper),-18,-62,-65,-46,-72,-35,16918
250,Quagsire,22,-22,-25,-6,-32,-15,2878
251,Espeon,-8,-42,-50,59,-2,60,11413
252,Umbreon,22,-42,0,-11,33,15,3683
253,Murkrow,-13,-22,-68,14,-55,41,10179
254,Slowking,22,-32,-30,29,13,-20,3818
255,Slowking (Galarian Slowking),22,-42,-30,39,13,-20,5238
256,Misdreavus,-13,-47,-50,14,-12,35,6443
257,Unown,-25,-35,-62,1,-49,-2,8100
258,Wobbuffet,117,-74,-52,-38,-39,-17,25123
259,Girafarig,-3,-27,-45,19,-32,35,5373
260,Pineco,-23,-42,-20,-36,-62,-35,9058
261,Forretress,2,-17,30,-11,-37,-10,2783
262,Dunsparce,27,-37,-40,-6,-32,-5,4783
263,Gligar,-8,-32,-5,-36,-32,35,4658
264,Steelix,2,-22,90,-16,-32,-20,10268
265,Steelix (Mega Steelix),2,18,120,-16,-2,-20,15388
266,Snubbull,-13,-27,-60,-31,-57,-20,9108
267,Granbull,17,13,-35,-11,-37,-5,3198
268,Qwilfish,-8,-12,-25,-16,-42,35,4078
269,Qwilfish (Hisuian Qwilfish),-8,-12,-25,-16,-42,35,4078
270,Scizor,-3,23,-10,-16,-17,15,1408
271,Scizor (Mega Scizor),-3,43,30,-6,3,25,3428
272,Shuckle,-53,-97,120,-61,133,-45,50053
273,Heracross,7,18,-35,-31,-2,35,3788
274,Heracross (Mega Heracross),7,78,5,-31,8,25,7808
275,Sneasel,-18,-12,-55,-36,-22,65,9498
276,Sneasel (Hisuian Sneasel),-18,-12,-55,-36,-22,65,9498
277,Teddiursa,-13,-27,-60,-21,-47,-10,7248
278,Ursaring,17,23,-35,4,-22,5,2568
279,Slugma,-33,-67,-70,-1,-57,-30,14628
280,Magcargo,-13,-57,10,19,-17,-20,4568
281,Swinub,-23,-57,-70,-41,-67,0,14848
282,Piloswine,27,-7,-30,-11,-37,0,3168
283,Corsola,-8,-52,-15,-6,-2,-15,3258
284,Corsola (Galarian Corsola),-13,-52,-10,-6,3,-20,3418
285,Remoraid,-38,-42,-75,-6,-62,15,12938
286,Octillery,2,-2,-35,34,-22,-5,2898
287,Delibird,-28,-52,-65,-6,-52,25,11078
288,Mantine,12,-67,-40,9,43,20,8563
289,Skarmory,-8,-27,30,-31,-27,20,3783
290,Houndour,-28,-47,-80,9,-47,15,11908
291,Houndoom,2,-17,-60,39,-17,45,7728
292,Houndoom (Mega Houndoom),2,-17,-20,69,-7,65,9728
293,Kingdra,2,-12,-15,24,-2,35,2178
294,Phanpy,17,-47,-50,-31,-57,-10,9308
295,Donphan,17,13,10,-11,-37,0,2048
296,Porygon2,12,-27,-20,34,-2,10,2533
297,Stantler,0,-12,-48,14,-32,35,4893
298,Smeargle,-18,-87,-75,-51,-52,25,19448
299,Tyrogue,-38,-72,-75,-36,-62,-15,17618
300,Hitmontop,-23,-12,-15,-36,13,20,2763
301,Smoochum,-28,-77,-95,14,-32,15,17183
302,Elekid,-28,-44,-73,-6,-42,45,11874
303,Magby,-28,-32,-73,-1,-42,33,9991
304,Miltank,22,-27,-5,-31,-27,50,5428
305,Blissey,182,-97,-100,4,38,5,54018
306,Raikou,17,-22,-35,44,3,65,8168
307,Entei,42,8,-25,19,-22,50,5798
308,Suicune,27,-32,5,19,18,35,3688
309,Larvitar,-23,-43,-60,-26,-47,-9,8944
310,Pupitar,-3,-23,-40,-6,-27,1,2904
311,Tyranitar,27,27,0,24,3,11,2164
312,Tyranitar (Mega Tyranitar),27,57,40,24,23,21,7124
313,Lugia,33,-17,20,19,57,60,8988
314,Ho-Oh,33,23,-20,39,57,40,8388
315,Celebi,27,-7,-10,29,3,50,4228
316,Treecko,-33,-62,-75,-6,-42,20,12758
317,Grovyle,-23,-42,-65,14,-32,45,9763
318,Sceptile,-3,-22,-45,34,-12,70,8718
319,Sceptile (Mega Sceptile),-3,3,-35,74,-12,95,15888
320,Torchic,-28,-47,-70,-1,-47,-5,10128
321,Combusken,-13,-22,-50,14,-37,5,4743
322,Blaziken,7,13,-40,39,-27,30,4968
323,Blaziken (Mega Blaziken),7,53,-30,59,-17,50,10028
324,Mudkip,-23,-37,-60,-21,-47,-10,8248
325,Marshtomp,-3,-22,-40,-11,-27,0,2943
326,Swampert,27,3,-20,14,-7,10,1483
327,Swampert (Mega Swampert),27,43,0,24,13,20,3723
328,Poochyena,-38,-52,-75,-41,-67,-15,16168
329,Mightyena,-3,-17,-40,-11,-37,20,3788
330,Zigzagoon,-35,-77,-69,-41,-56,10,16832
331,Zigzagoon (Galarian Zigzagoon),-35,-77,-69,-41,-56,10,16832
332,Linoone,5,-37,-49,-21,-36,50,8032
333,Linoone (Galarian Linoone),5,-37,-49,-21,-36,50,8032
334,Wurmple,-28,-62,-75,-51,-67,-30,18243
335,Silcoon,-23,-72,-55,-46,-72,-35,17263
336,Beautifly,-13,-37,-60,29,-47,15,8413
337,Cascoon,-23,-72,-55,-46,-72,-35,17263
338,Dustox,-13,-57,-40,-21,-7,15,5733
339,Lotad,-33,-77,-80,-31,-47,-20,16988
340,Lombre,-13,-57,-60,-11,-27,0,7868
341,Ludicolo,7,-37,-40,19,3,20,3788
342,Seedot,-33,-67,-60,-41,-67,-20,15748
343,Nuzleaf,-3,-37,-70,-11,-57,10,9748
344,Shiftry,17,-7,-50,19,-37,30,5468
345,Taillow,-33,-52,-80,-41,-67,35,17588
346,Swellow,-13,-22,-50,4,-47,75,11003
347,Wingull,-33,-77,-80,-16,-67,35,19388
348,Pelipper,-13,-57,-10,24,-27,15,5048
349,Ralts,-45,-82,-85,-26,-62,-10,20594
350,Kirlia,-35,-72,-75,-6,-42,0,13834
351,Gardevoir,-5,-42,-45,54,18,30,7954
352,Gardevoir (Mega Gardevoir),-5,-22,-45,94,38,50,15314
353,Surskit,-33,-77,-78,-21,-45,15,15793
354,Masquerain,-3,-47,-48,29,-15,30,6488
355,Shroomish,-13,-67,-50,-31,-37,-15,9713
356,Breloom,-13,23,-30,-11,-37,20,3488
357,Slakoth,-13,-47,-50,-36,-62,-20,10418
358,Vigoroth,7,-27,-30,-16,-42,40,5298
359,Slaking,77,53,-10,24,-32,50,12938
360,Nincada,-42,-62,-20,-41,-67,-10,12278
361,Ninjask,-12,-17,-65,-21,-47,110,19408
362,Shedinja,-72,-17,-65,-41,-67,-10,15968
363,Whismur,-9,-56,-87,-20,-74,-22,17146
364,Loudred,11,-36,-67,0,-54,-2,8826
365,Exploud,31,-16,-47,20,-24,18,4726
366,Makuhita,-1,-47,-80,-51,-67,-25,16325
367,Hariyama,71,13,-50,-31,-37,0,10040
368,Azurill,-23,-87,-70,-51,-57,-30,19748
369,Nosepass,-43,-62,25,-26,-7,-20,7443
370,Skitty,-23,-62,-65,-36,-62,0,13738
371,Delcatty,-3,-42,-45,-16,-42,40,7418
372,Sableye,-23,-32,-35,-6,-32,0,3838
373,Sableye (Mega Sableye),-23,-22,15,14,18,-30,2658
374,Mawile,-23,-22,-25,-16,-42,0,3658
375,Mawile (Mega Mawile),-23,-2,15,-16,-2,0,1018
376,Aron,-23,-37,-10,-31,-57,-20,6608
377,Lairon,-13,-17,30,-21,-47,-10,4108
378,Aggron,-3,3,70,-11,-37,0,6408
379,Aggron (Mega Aggron),-3,33,120,-11,-17,0,15908
380,Meditite,-43,-67,-55,-31,-42,10,12188
381,Medicham,-13,-47,-35,-11,-22,30,5108
382,Medicham (Mega Medicham),-13,-7,-25,9,-12,50,3568
383,Electrike,-33,-62,-70,-6,-57,15,13343
384,Manectric,-3,-32,-50,34,-37,55,9083
385,Manectric (Mega Manectric),-3,-32,-30,64,-17,85,13543
386,Plusle,-13,-57,-70,14,-22,45,11023
387,Minun,-13,-67,-60,4,-12,45,10443
388,Volbeat,-8,-34,-35,-24,-12,35,4390
389,Illumise,-8,-60,-35,2,-12,35,6262
390,Roselia,-23,-47,-65,29,-17,15,8318
391,Gulpin,-3,-64,-57,-28,-44,-10,10174
392,Swalot,27,-34,-27,2,-14,5,2839
393,Carvanha,-28,-17,-90,-6,-77,15,15363
394,Sharpedo,-3,13,-70,24,-57,45,10928
395,Sharpedo (Mega Sharpedo),-3,33,-40,39,-32,55,8268
396,Wailmer,57,-37,-75,-1,-62,10,14188
397,Wailord,97,-17,-65,19,-52,10,17088
398,Numel,-13,-47,-70,-6,-52,-15,10243
399,Camerupt,-3,-7,-40,34,-22,-10,3398
400,Camerupt (Mega Camerupt),-3,13,-10,74,8,-30,6718
401,Torkoal,-3,-22,30,14,-27,-30,3218
402,Spoink,-13,-82,-75,-1,-17,10,12908
403,Grumpig,7,-62,-45,19,13,30,7348
404,Spinda,-13,-47,-50,-11,-37,10,6468
405,Trapinch,-28,-7,-65,-26,-52,-40,10038
406,Vibrava,-23,-37,-60,-21,-47,20,8548
407,Flygon,7,-7,-30,9,-17,50,3868
408,Cacnea,-23,-22,-70,14,-57,-15,9583
409,Cacturne,-3,8,-50,44,-37,5,5903
410,Swablu,-28,-67,-50,-31,-22,0,9218
411,Altaria,2,-37,-20,-1,8,30,2738
412,Altaria (Mega Altaria),2,3,0,39,8,30,2498
413,Zangoose,0,8,-50,-11,-37,40,5654
414,Seviper,0,-7,-50,29,-37,15,4984
415,Lunatone,17,-52,-45,24,-12,20,6138
416,Solrock,17,-12,-25,-16,-32,20,2738
417,Barboach,-23,-59,-67,-25,-56,10,12360
418,Whiscash,37,-29,-37,5,-26,10,4380
419,Corphish,-30,-27,-45,-21,-62,-15,8164
420,Crawdaunt,-10,13,-25,19,-42,5,3044
421,Baltoy,-33,-67,-55,-31,-27,5,10318
422,Claydol,-13,-37,-5,-1,23,25,2718
423,Lileep,-7,-66,-33,-10,-10,-27,6423
424,Cradily,13,-26,-13,10,10,-7,1263
425,Anorith,-28,-12,-60,-31,-47,25,8323
426,Armaldo,2,18,-10,-1,-17,-5,743
427,Feebas,-53,-92,-90,-61,-42,30,25758
428,Milotic,22,-47,-31,29,28,31,6240
429,Castform,-3,-37,-40,-1,-27,20,4108
430,Kecleon,-13,-17,-40,-11,23,-10,2808
431,Shuppet,-29,-32,-75,-8,-64,-5,11675
432,Banette,-9,8,-45,12,-34,15,3695
433,Banette (Mega Banette),-9,58,-35,22,-14,25,5975
434,Duskull,-53,-67,-20,-41,-7,-25,10053
435,Dusclops,-33,-37,20,-11,33,-25,4693
436,Tropius,26,-39,-27,1,-10,1,3028
437,Chimecho,2,-57,-30,24,-7,15,5003
438,Absol,-8,23,-50,4,-37,25,5103
439,Absol (Mega Absol),-8,43,-50,44,-37,65,11943
440,Wynaut,22,-84,-62,-48,-49,-27,16818
441,Snorunt,-23,-57,-60,-21,-47,0,10028
442,Glalie,7,-27,-30,9,-17,30,2948
443,Glalie (Mega Glalie),7,13,-30,49,-17,50,6308
444,Spheal,-3,-67,-60,-16,-47,-25,11188
445,Sealeo,17,-47,-40,4,-27,-5,4868
446,Walrein,37,-27,-20,24,-7,15,3348
447,Clamperl,-38,-43,-25,3,-42,-18,6015
448,Huntail,-18,-3,-5,23,-22,2,1375
449,Gorebyss,-18,-23,-5,43,-22,2,3215
450,Relicanth,27,-17,20,-26,-32,5,3143
451,Luvdisc,-30,-77,-55,-31,-32,47,14048
452,Bagon,-28,-32,-50,-31,-67,0,9758
453,Shelgon,-8,-12,-10,-11,-47,0,2638
454,Salamence,22,28,-30,39,-17,50,6478
455,Salamence (Mega Salamence),22,38,20,49,-7,70,9678
456,Beldum,-33,-52,-30,-36,-37,-20,7758
457,Metang,-13,-32,-10,-16,-17,0,1838
458,Metagross,7,28,20,24,-7,20,2258
459,Metagross (Mega Metagross),7,38,40,34,13,60,8018
460,Regirock,7,-7,90,-21,3,0,8648
461,Regice,7,-57,-10,29,103,0,14848
462,Registeel,7,-32,40,4,53,0,5498
463,Latias,7,-27,-20,39,33,60,7388
464,Latias (Mega Latias),7,-7,10,69,53,60,11368
465,Latios,7,-17,-30,59,13,60,8488
466,Latios (Mega Latios),7,23,-10,89,23,60,12728
467,Kyogre,27,-7,-20,79,43,40,10868
468,Kyogre (Primal Kyogre),27,43,-20,109,63,40,20428
469,Groudon,27,43,30,29,-7,40,5968
470,Groudon (Primal Groudon),27,73,50,79,-7,40,16448
471,Rayquaza,32,43,-20,79,-7,45,11588
472,Rayquaza (Mega Rayquaza),32,73,-10,109,3,65,22568
473,Jirachi,27,-7,-10,29,3,50,4228
474,Deoxys (Normal Forme),-23,43,-60,79,-47,100,24428
475,Deoxys (Attack Forme),-23,73,-90,109,-77,100,41768
476,Deoxys (Defense Forme),-23,-37,50,-1,63,40,9968
477,Deoxys (Speed Forme),-23,-12,-20,24,-7,130,18598
478,Turtwig,-18,-39,-46,-26,-42,-19,6762
479,Grotle,2,-18,-25,-16,-32,-14,2429
480,Torterra,22,2,-5,4,-12,6,709
481,Chimchar,-29,-49,-66,-13,-53,11,10697
482,Monferno,-9,-29,-58,7,-45,31,7321
483,Infernape,3,-3,-39,33,-26,58,6668
484,Piplup,-20,-56,-57,-10,-41,-10,8666
485,Prinplup,-9,-41,-42,10,-21,0,4067
486,Empoleon,11,-21,-22,40,4,10,2762
487,Starly,-33,-52,-80,-41,-67,10,16463
488,Staravia,-18,-32,-60,-31,-57,30,10058
489,Staraptor,12,13,-40,-21,-37,50,6223
490,Bidoof,-14,-62,-70,-36,-57,-19,13846
491,Bibarel,6,-22,-50,-16,-37,21,5086
492,Kricketot,-36,-82,-69,-46,-56,-25,18658
493,Kricketune,4,-22,-59,-16,-46,15,6578
494,Shinx,-28,-42,-76,-31,-63,-5,13279
495,Luxio,-13,-22,-61,-11,-48,10,6899
496,Luxray,7,13,-31,24,-18,20,2479
497,Budew,-33,-77,-75,-21,-27,5,13838
498,Roserade,-13,-37,-45,54,8,40,8143
499,Cranidos,-6,18,-70,-41,-67,8,11494
500,Rampardos,24,58,-50,-6,-47,8,8749
501,Shieldon,-43,-65,8,-29,-9,-20,7460
502,Bastiodon,-13,-55,58,-24,41,-20,9215
503,Burmy,-33,-78,-65,-42,-52,-14,16062
504,Wormadam (Plant Cloak),-13,-48,-25,8,8,-14,3422
505,Wormadam (Sandy Cloak),-13,-28,-5,-12,-12,-14,1462
506,Wormadam (Trash Cloak),-13,-38,-15,-2,-2,-14,2042
507,Mothim,-3,-13,-60,23,-47,16,6772
508,Combee,-43,-77,-68,-41,-55,20,17508
509,Vespiquen,-3,-27,-8,9,5,-10,1008
510,Pachirisu,-13,-62,-40,-26,-7,45,8363
511,Buizel,-18,-42,-75,-11,-67,35,13548
512,Floatzel,12,-2,-55,14,-47,65,9803
513,Cherubi,-28,-72,-65,-9,-44,-15,12435
514,Cherrim,-3,-47,-40,16,-19,35,5660
515,Shellos,3,-59,-62,-14,-35,-16,9011
516,Gastrodon,38,-24,-42,21,-15,-11,4571
517,Ambipom,2,-7,-44,-11,-31,65,7296
518,Drifloon,17,-57,-76,-11,-53,20,12644
519,Drifblim,77,-27,-66,19,-43,30,14124
520,Buneary,-18,-41,-66,-27,-41,35,9996
521,Lopunny,-8,-31,-26,-17,-1,55,5016
522,Lopunny (Mega Lopunny),-8,29,-16,-17,-1,85,8676
523,Mismagius,-13,-47,-50,34,8,55,9123
524,Honchkrow,27,18,-58,34,-45,21,8039
525,Glameow,-24,-52,-68,-29,-60,35,13570
526,Purugly,-2,-25,-46,-7,-38,62,8082
527,Chingling,-28,-77,-60,-6,-47,-5,12583
528,Stunky,-10,-44,-63,-30,-56,24,10617
529,Skuntank,30,-14,-43,0,-36,34,5397
530,Bronzor,-16,-83,-24,-47,-11,-27,10780
531,Bronzong,-6,-18,6,8,19,-17,1110
532,Bonsly,-23,-27,-15,-61,-52,-40,9508
533,Mime Jr.,-53,-82,-65,-1,-7,10,13908
534,Happiny,27,-102,-105,-56,-32,-20,26718
535,Chatot,3,-42,-65,21,-55,41,11145
536,Spiritomb,-23,-15,-2,21,11,-15,1545
537,Gible,-15,-37,-65,-31,-52,-8,9548
538,Gabite,-5,-17,-45,-21,-42,32,5568
539,Garchomp,35,23,-15,9,-12,52,4908
540,Garchomp (Mega Garchomp),35,63,5,49,-2,42,9388
541,Munchlax,62,-22,-70,-31,-12,-45,12358
542,Riolu,-33,-37,-70,-36,-57,10,12003
543,Lucario,-3,3,-40,44,-27,40,5883
544,Lucario (Mega Lucario),-3,38,-22,69,-27,62,11271
545,Hippopotas,-5,-35,-32,-33,-55,-18,6712
546,Hippowdon,35,5,8,-3,-25,-3,1957
547,Skorupi,-33,-57,-20,-41,-42,15,8408
548,Drapion,-3,-17,0,-11,-22,45,2928
549,Croagunk,-25,-46,-70,-10,-57,0,10990
550,Toxicroak,10,-1,-45,15,-32,35,4600
551,Carnivine,1,-7,-38,19,-25,-4,2496
552,Finneon,-24,-58,-54,-22,-36,16,8892
553,Lumineon,-4,-38,-34,-2,-11,41,4422
554,Mantyke,-28,-87,-60,-11,23,0,12603
555,Snover,-13,-45,-60,-9,-37,-10,7344
556,Abomasnow,17,-15,-35,21,-12,10,2424
557,Abomasnow (Mega Abomasnow),17,25,-5,61,8,-20,5124
558,Weavile,-3,13,-45,-26,-12,75,8648
559,Magnezone,-3,-37,5,59,-7,10,5033
560,Lickilicky,37,-22,-15,9,-2,0,2163
561,Rhyperior,42,33,20,-16,-42,-10,5373
562,Tangrowth,27,-7,15,39,-47,0,4733
563,Electivire,2,16,-43,24,-12,45,4854
564,Magmortar,2,-12,-43,54,-2,33,6006
565,Togekiss,12,-57,-15,49,18,30,7243
566,Yanmega,13,-31,-24,45,-41,45,7437
567,Leafeon,-8,3,20,-11,-32,45,3643
568,Glaceon,-8,-47,0,59,-2,15,5983
569,Gliscor,2,-12,15,-26,-22,45,3558
570,Mamoswine,37,23,-30,-1,-37,30,5068
571,Porygon-Z,12,-27,-40,64,-22,40,8653
572,Gallade,-5,18,-45,-6,18,30,3634
573,Gallade (Mega Gallade),-5,58,-15,-6,18,60,7574
574,Probopass,-13,-52,35,4,53,-10,7023
575,Dusknoir,-28,-7,25,-6,38,-5,2963
576,Froslass,-3,-27,-40,9,-27,60,6748
577,Rotom,-23,-57,-33,24,-20,41,7524
578,Rotom (Heat Rotom),-23,-42,-3,34,10,36,4854
579,Rotom (Wash Rotom),-23,-42,-3,34,10,36,4854
580,Rotom (Frost Rotom),-23,-42,-3,34,10,36,4854
581,Rotom (Fan Rotom),-23,-42,-3,34,10,36,4854
582,Rotom (Mow Rotom),-23,-42,-3,34,10,36,4854
583,Uxie,2,-32,20,4,33,45,4558
584,Mesprit,7,-2,-5,34,8,30,2198
585,Azelf,2,18,-40,54,-27,65,9798
586,Dialga,27,13,10,79,3,40,8848
587,Dialga (Origin Forme),27,-7,10,79,23,40,9248
588,Palkia,17,13,-10,79,23,50,9828
589,Palkia (Origin Forme),17,-7,-10,79,23,70,12108
590,Heatran,18,-17,-4,59,9,27,4920
591,Regigigas,37,53,0,9,13,50,6928
592,Giratina (Altered Forme),77,-7,10,29,23,40,9048
593,Giratina (Origin Forme),77,13,-10,49,3,40,10208
594,Cresselia,47,-37,10,4,33,35,6008
595,Phione,7,-27,-30,9,-17,30,2948
596,Manaphy,27,-7,-10,29,3,50,4228
597,Darkrai,-3,-17,-20,64,-7,75,10468
598,Shaymin (Land Forme),27,-7,-10,29,3,50,4228
599,Shaymin (Sky Forme),27,-4,-35,49,-22,77,10784
600,Arceus,47,13,10,49,23,70,10308
601,Victini,27,-7,-10,29,3,50,4228
602,Snivy,-28,-62,-55,-26,-42,13,10262
603,Servine,-13,-47,-35,-11,-22,33,5297
604,Serperior,2,-32,-15,4,-2,63,5242
605,Tepig,-8,-44,-65,-26,-52,-5,9630
606,Pignite,17,-14,-55,-1,-42,5,5300
607,Emboar,37,16,-45,29,-32,15,5740
608,Oshawott,-18,-52,-65,-8,-52,-5,10046
609,Dewott,2,-32,-50,12,-37,10,5141
610,Samurott,22,-7,-25,37,-27,20,3656
611,Samurott (Hisuian Samurott),17,1,-30,29,-32,35,4280
612,Patrat,-28,-52,-71,-36,-58,-8,13253
613,Watchog,-13,-22,-41,-11,-28,27,3968
614,Lillipup,-28,-47,-65,-46,-52,5,12063
615,Herdier,-8,-27,-45,-36,-32,10,5238
616,Stoutland,12,3,-20,-26,-7,30,2178
617,Purrloin,-32,-57,-73,-21,-60,16,13899
618,Liepard,-9,-19,-60,17,-47,56,9676
619,Pansage,-23,-54,-62,-18,-49,14,10210
620,Simisage,2,-9,-47,27,-34,51,6780
621,Pansear,-23,-54,-62,-18,-49,14,10210
622,Simisear,2,-9,-47,27,-34,51,6780
623,Panpour,-23,-54,-62,-18,-49,14,10210
624,Simipour,2,-9,-47,27,-34,51,6780
625,Munna,3,-82,-65,-4,-42,-26,13414
626,Musharna,43,-52,-25,36,-2,-21,6919
627,Pidove,-23,-52,-60,-35,-67,-7,12596
628,Tranquill,-11,-30,-48,-21,-55,15,7016
629,Unfezant,7,8,-30,-6,-42,43,4662
630,Blitzle,-28,-47,-78,-21,-65,26,14419
631,Zebstrika,2,-7,-47,9,-34,66,7855
632,Roggenrola,-18,-32,-25,-46,-72,-35,10498
633,Boldore,-3,-2,-5,-21,-57,-30,4628
634,Gigalith,12,28,20,-11,-17,-25,2363
635,Woobat,-8,-62,-67,-16,-54,22,12053
636,Swoobat,-6,-50,-55,6,-42,64,11457
637,Drilbur,-13,-22,-70,-41,-52,18,10262
638,Excadrill,37,28,-50,-21,-32,38,7562
639,Audino,30,-47,-24,-11,-11,0,3927
640,Audino (Mega Audino),30,-47,16,9,29,0,4287
641,Timburr,2,-27,-55,-46,-62,-15,9943
642,Gurdurr,12,-2,-25,-31,-47,-10,4043
643,Conkeldurr,32,33,-15,-16,-32,-5,3643
644,Tympole,-23,-57,-70,-21,-57,14,12564
645,Palpitoad,2,-42,-55,-6,-42,19,6954
646,Seismitoad,32,-12,-35,14,-22,24,3649
647,Throh,47,-7,-25,-41,-12,-5,4733
648,Sawk,2,18,-35,-41,-22,35,4943
649,Sewaddle,-28,-54,-40,-31,-37,-8,7694
650,Swadloon,-18,-44,-20,-21,-17,-8,3454
651,Leavanny,2,-4,-30,-1,-17,42,2974
652,Venipede,-43,-62,-51,-41,-58,7,13388
653,Whirlipede,-33,-52,-11,-31,-18,-3,5208
654,Scolipede,-13,-7,-21,-16,-28,62,5543
655,Cottonee,-33,-80,-50,-34,-47,16,13610
656,Whimsicott,-13,-40,-25,6,-22,66,7270
657,Petilil,-28,-72,-60,-1,-47,-20,12178
658,Lilligant,-3,-47,-35,39,-22,40,7048
659,Lilligant (Hisuian Lilligant),-3,-2,-35,-21,-22,55,5188
660,Basculin,-3,-15,-45,9,-42,48,6408
661,Sandile,-23,-35,-75,-36,-62,15,12744
662,Krokorok,-13,-25,-65,-26,-52,24,8975
663,Krookodile,22,10,-30,-6,-27,42,4013
664,Darumaka,-3,-17,-65,-56,-52,0,10363
665,Darumaka (Galarian Darumaka),-3,-17,-65,-56,-52,0,10363
666,Darmanitan (Standard Mode),32,33,-55,-41,-42,45,10608
667,Darmanitan (Zen Mode),32,-77,-5,69,8,5,11828
668,Darmanitan (Galarian Standard Mode),32,33,-55,-41,-42,45,10608
669,Darmanitan (Galarian Zen Mode),32,53,-55,-41,-42,85,17528
670,Maractus,2,-21,-43,35,-30,10,4519
671,Dwebble,-23,-42,-25,-36,-62,5,8083
672,Crustle,-3,-2,15,-6,-22,-5,783
673,Scraggy,-23,-32,-40,-36,-27,-2,5182
674,Scrafty,-8,-17,5,-26,18,8,1442
675,Sigilyph,-1,-49,-30,32,-17,47,6824
676,Yamask,-35,-77,-25,-16,-32,-20,9459
677,Yamask (Galarian Yamask),-35,-52,-25,-41,-32,-20,7659
678,Cofagrigus,-15,-57,35,24,8,-20,5739
679,Tirtouga,-19,-29,-7,-18,-52,-28,5063
680,Carracosta,1,1,23,12,-32,-18,2023
681,Archen,-18,5,-65,3,-52,20,7687
682,Archeops,2,33,-45,41,-32,60,9423
683,Trubbish,-23,-57,-48,-31,-35,15,8493
684,Garbodor,7,-12,-28,-11,-15,25,1948
685,Zorua,-33,-42,-70,9,-57,15,11308
686,Zorua (Hisuian Zorua),-38,-47,-70,14,-57,20,12398
687,Zoroark,-13,-2,-50,49,-37,55,9468
688,Zoroark (Hisuian Zoroark),-18,-7,-50,54,-37,60,10758
689,Minccino,-18,-57,-70,-31,-57,25,13308
690,Cinccino,2,-12,-50,-6,-37,65,8278
691,Gothita,-28,-77,-60,-16,-32,-5,11618
692,Gothorita,-13,-62,-40,4,-12,5,5798
693,Gothitelle,-3,-52,-15,24,13,15,3908
694,Solosis,-28,-77,-70,34,-47,-30,15878
695,Duosion,-8,-67,-60,54,-37,-20,12838
696,Reuniclus,37,-42,-35,54,-12,-20,7818
697,Ducklett,-11,-63,-60,-27,-47,5,10653
698,Swanna,2,-20,-47,16,-34,48,6329
699,Vanillite,-37,-57,-60,-6,-37,-6,9659
700,Vanillish,-22,-42,-45,9,-22,9,4919
701,Vanilluxe,-2,-12,-25,39,-2,29,3139
702,Deerling,-13,-47,-60,-31,-47,25,9773
703,Sawsbuck,7,-7,-40,-11,-27,45,4573
704,Emolga,-18,-32,-50,4,-37,53,8042
705,Karrablast,-23,-32,-65,-31,-52,10,9543
706,Escavalier,-3,28,-5,-11,8,-30,1903
707,Foongus,-4,-52,-65,-16,-42,-35,10190
708,Amoonguss,41,-22,-40,14,-17,-20,4650
709,Frillish,-18,-67,-60,-6,-12,-10,8693
710,Jellicent,27,-47,-40,14,8,10,4898
711,Alomomola,92,-32,-30,-31,-52,15,14278
712,Joltik,-23,-60,-60,-14,-47,15,10359
713,Galvantula,-3,-30,-50,26,-37,58,8818
714,Ferroseed,-29,-57,-19,-47,-11,-40,8381
715,Ferrothorn,1,-13,21,-17,19,-30,2161
716,Klink,-33,-52,-40,-26,-37,-20,7838
717,Klang,-13,-27,-15,-1,-12,0,1268
718,Klinklang,-13,-7,5,-1,-12,40,1988
719,Tynamo,-38,-52,-70,-26,-57,10,13073
720,Eelektrik,-8,-22,-40,4,-27,-10,2993
721,Eelektross,12,8,-30,34,-17,0,2553
722,Elgyem,-18,-52,-55,14,-42,-20,8413
723,Beheeyem,2,-32,-35,54,-2,-10,5273
724,Litwick,-23,-77,-55,-6,-42,-30,12183
725,Lampent,-13,-67,-50,24,-37,5,9128
726,Chandelure,-13,-52,-20,74,-7,30,9698
727,Axew,-27,-20,-50,-41,-57,7,8608
728,Fraxure,-7,10,-40,-31,-47,17,5208
729,Haxorus,3,40,-20,-11,-27,47,5068
730,Cubchoo,-18,-37,-70,-11,-57,-10,10063
731,Beartic,22,23,-30,-1,-17,0,2203
732,Cryogonal,7,-57,-60,24,38,55,11943
733,Shelmet,-23,-67,-25,-31,-32,-25,8253
734,Accelgor,7,-37,-70,29,-37,95,17553
735,Stunfisk,36,-41,-26,10,2,-18,4081
736,Stunfisk (Galarian Stunfisk),36,-26,-11,-5,-13,-18,2611
737,Mienfoo,-28,-22,-60,-16,-47,15,7558
738,Mienshao,-8,18,-50,24,-37,55,7858
739,Druddigon,4,13,-20,-11,-7,-2,759
740,Golett,-14,-33,-60,-36,-47,-15,8615
741,Golurk,16,17,-30,-16,-17,5,2015
742,Pawniard,-28,-22,-40,-31,-57,10,7178
743,Bisharp,-8,18,-10,-11,-27,20,1738
744,Bouffalant,22,3,-15,-31,-2,5,1708
745,Rufflet,-3,-24,-60,-34,-47,10,7650
746,Braviary,27,16,-35,-14,-22,30,3790
747,Braviary (Hisuian Braviary),37,-24,-40,41,-27,15,6180
748,Vullaby,-3,-52,-35,-26,-32,10,5738
749,Mandibuzz,37,-42,-5,-16,-2,30,4318
750,Heatmor,12,-10,-44,34,-31,15,4522
751,Durant,-15,2,2,-23,-49,59,6644
752,Deino,-21,-42,-60,-26,-47,-12,8834
753,Zweilous,-1,-22,-40,-6,-27,8,2914
754,Hydreigon,19,-2,-20,54,-7,48,6034
755,Larvesta,-18,-22,-55,-21,-42,10,6138
756,Volcarona,12,-47,-45,64,8,50,11038
757,Cobalion,18,-17,19,19,-25,58,5324
758,Terrakion,18,22,-20,1,-7,58,4622
759,Virizion,18,-17,-38,19,32,58,6806
760,Tornadus (Incarnate Forme),6,8,-40,54,-17,61,8626
761,Tornadus (Therian Forme),6,-7,-30,39,-7,71,7596
762,Thundurus (Incarnate Forme),6,8,-40,54,-17,61,8626
763,Thundurus (Therian Forme),6,-2,-40,74,-17,51,10006
764,Reshiram,27,13,-10,79,23,40,9368
765,Zekrom,27,43,10,49,3,40,6688
766,Landorus (Incarnate Forme),16,18,-20,44,-17,51,5806
767,Landorus (Therian Forme),16,38,-20,34,-17,41,5226
768,Kyurem,52,23,-20,59,-7,45,9188
769,Kyurem (Black Kyurem),52,63,-10,49,-7,45,11248
770,Kyurem (White Kyurem),52,13,-20,99,3,45,15108
771,Keldeo,18,-35,-20,58,-7,58,8726
772,Meloetta (Aria Forme),27,-30,-33,57,31,40,8528
773,Meloetta (Pirouette Forme),27,21,-20,6,-20,78,8090
774,Genesect,-2,13,-15,49,-2,49,5204
775,Chespin,-17,-46,-45,-23,-52,-12,7807
776,Quilladin,-12,-29,-15,-15,-39,7,3005
777,Chesnaught,15,0,12,3,-22,14,1058
778,Fennekin,-33,-62,-70,-9,-37,10,11383
779,Braixen,-14,-48,-52,19,-27,23,6823
780,Delphox,2,-38,-38,43,3,54,7666
781,Froakie,-32,-51,-70,-9,-53,21,11856
782,Frogadier,-19,-44,-58,12,-41,47,9695
783,Greninja,-1,-12,-43,32,-26,72,8878
784,Greninja (Ash-Greninja),-1,38,-43,82,-26,82,17418
785,Bunnelby,-35,-71,-72,-39,-61,7,16741
786,Diggersby,12,-51,-33,-21,-20,28,5459
787,Fletchling,-28,-57,-67,-31,-59,12,13108
788,Fletchinder,-11,-34,-55,-15,-45,34,7708
789,Talonflame,5,-26,-39,3,-28,76,8791
790,Scatterbug,-35,-72,-70,-44,-72,-15,18654
791,Spewpa,-28,-85,-50,-44,-67,-21,17375
792,Vivillon,7,-55,-60,19,-47,39,10765
793,Litleo,-11,-57,-52,2,-43,22,8411
794,Pyroar,13,-39,-38,38,-31,56,8675
795,Flabébé,-29,-69,-71,-10,-18,-8,11131
796,Floette,-19,-62,-63,4,1,2,8195
797,Florges,5,-42,-42,41,57,25,9108
798,Skiddo,-7,-42,-62,-9,-40,2,7342
799,Gogoat,50,-7,-48,26,-16,18,6109
800,Pancham,-6,-25,-48,-25,-49,-7,6040
801,Pangoro,22,17,-32,-2,-26,8,2541
802,Furfrou,2,-27,-50,-6,-7,52,6022
803,Espurr,-11,-59,-56,-8,-37,18,8495
804,Meowstic,1,-59,-34,12,-16,54,7954
805,Honedge,-28,-27,-10,-36,-60,-22,6993
806,Doublade,-14,3,40,-26,-48,-15,5010
807,Aegislash (Shield Forme),-13,-57,30,-21,43,10,6708
808,Aegislash (Blade Forme),-13,33,-60,69,-47,10,11928
809,Spritzee,5,-55,-50,-8,-32,-27,7367
810,Aromatisse,28,-35,-38,28,-8,-21,4742
811,Swirlix,-11,-59,-44,-12,-40,-1,7283
812,Slurpuff,9,-27,-24,14,-22,22,2550
813,Inkay,-20,-53,-57,-34,-51,-5,10240
814,Malamar,13,-15,-22,-3,-22,23,1900
815,Binacle,-31,-55,-43,-32,-41,0,8540
816,Barbaracle,-1,-2,5,-17,-11,18,764
817,Skrelp,-23,-47,-50,-11,-37,-20,7128
818,Dragalge,-8,-32,-20,26,26,-6,2876
819,Clauncher,-23,-54,-48,-13,-34,-6,7110
820,Clawitzer,-2,-34,-22,49,-8,9,4190
821,Helioptile,-29,-69,-77,-10,-54,20,14947
822,Heliolisk,-11,-52,-58,38,-3,59,11123
823,Tyrunt,-15,-18,-33,-26,-52,-2,5022
824,Tyrantrum,9,14,9,-2,-38,21,2247
825,Amaura,4,-48,-60,-4,-34,-4,7108
826,Aurorus,50,-30,-38,28,-5,8,5717
827,Sylveon,22,-42,-45,39,33,10,6983
828,Hawlucha,5,-15,-35,3,-34,68,7264
829,Dedenne,-6,-49,-53,10,-30,51,8847
830,Carbink,-23,-57,40,-21,53,0,8628
831,Goomy,-28,-57,-75,-16,-22,-10,10498
832,Sliggoo,-5,-32,-57,12,16,10,4798
833,Sliggoo (Hisuian Sliggoo),-15,-32,-27,12,16,-10,2478
834,Goodra,17,-7,-40,39,53,30,7168
835,Goodra (Hisuian Goodra),7,-7,-10,39,53,10,4628
836,Klefki,-16,-27,-19,9,-10,25,2152
837,Phantump,-30,-37,-62,-21,-37,-12,8067
838,Trevenant,12,3,-34,-6,-15,6,1606
839,Pumpkaboo (Small Size),-29,-41,-40,-27,-42,6,6651
840,Pumpkaboo (Average Size),-24,-41,-40,-27,-42,1,6351
841,Pumpkaboo (Large Size),-19,-41,-40,-27,-42,-4,6151
842,Pumpkaboo (Super Size),-14,-41,-40,-27,-42,-9,6051
843,Gourgeist (Small Size),-18,-22,12,-13,-22,49,4006
844,Gourgeist (Average Size),-8,-17,12,-13,-22,34,2306
845,Gourgeist (Large Size),2,-12,12,-13,-22,19,1306
846,Gourgeist (Super Size),12,-7,12,-13,-22,4,1006
847,Bergmite,-18,-38,-25,-39,-62,-22,8242
848,Avalugg,22,10,74,-27,-51,-22,9874
849,Avalugg (Hisuian Avalugg),22,20,74,-37,-61,-12,11594
850,Noibat,-33,-77,-75,-26,-57,5,16593
851,Noivern,12,-37,-30,26,-17,73,8707
852,Xerneas,53,24,-15,60,1,49,9612
853,Yveltal,53,24,-15,60,1,49,9612
854,Zygarde (50% Forme),35,-7,11,10,-2,45,3524
855,Zygarde (10% Forme),-19,-7,-39,-10,-12,65,6400
856,Zygarde (Complete Forme),143,-7,11,20,-2,35,22248
857,Diancie,-23,-7,40,29,53,0,5828
858,Diancie (Mega Diancie),-23,53,0,89,13,60,15028
859,Hoopa (Hoopa Confined),7,3,-50,79,33,20,10288
860,Hoopa (Hoopa Unbound),7,53,-50,99,33,30,17148
861,Volcanion,7,3,10,59,-7,20,4088
862,Rowlet,-5,-52,-55,-21,-47,-8,8468
863,Dartrix,5,-32,-35,-1,-27,2,3008
864,Decidueye,5,0,-35,29,3,20,2500
865,Decidueye (Hisuian Decidueye),15,5,-30,24,-2,10,1830
866,Litten,-28,-42,-70,-11,-57,20,11218
867,Torracat,-8,-22,-60,9,-47,40,8038
868,Incineroar,22,8,-20,9,-7,10,1178
869,Popplio,-23,-53,-56,-5,-41,-10,8280
870,Brionne,-13,-38,-41,20,-16,0,3950
871,Primarina,7,-33,-36,55,19,10,5920
872,Pikipek,-38,-32,-80,-41,-67,15,15263
873,Trumbeak,-18,-22,-60,-31,-47,25,8203
874,Toucannon,7,13,-35,4,-22,10,2043
875,Yungoos,-25,-37,-80,-41,-67,-5,14589
876,Gumshoos,15,3,-50,-16,-37,-5,4384
877,Grubbin,-26,-45,-65,-16,-52,-4,9902
878,Charjabug,-16,-25,-15,-16,-22,-14,2042
879,Vikavolt,4,-37,-20,74,-22,-7,7794
880,Crabrawler,-26,-25,-53,-29,-50,13,7620
881,Crabominable,24,25,-33,-9,-30,-7,3320
882,Oricorio,2,-37,-40,27,-27,43,6280
883,Cutiefly,-33,-62,-70,-16,-57,34,14494
884,Ribombee,-13,-52,-50,24,-27,74,12154
885,Rockruff,-28,-42,-70,-41,-57,10,12478
886,Lycanroc (Midday Form),2,8,-45,-16,-32,62,7217
887,Lycanroc (Midnight Form),12,8,-35,-16,-22,32,3197
888,Lycanroc (Dusk Form),2,10,-45,-16,-32,60,7009
889,Wishiwashi (Solo Form),-28,-87,-90,-46,-72,-10,23853
890,Wishiwashi (School Form),-28,33,20,69,38,-20,8878
891,Mareanie,-23,-54,-48,-28,-45,-5,8583
892,Toxapex,-23,-44,42,-18,45,-15,6803
893,Mudbray,-3,-7,-40,-26,-42,-5,4123
894,Mudsdale,27,18,-10,-16,-12,-15,1778
895,Dewpider,-35,-67,-58,-31,-25,-23,11193
896,Araquanid,-5,-37,-18,-21,35,-8,3448
897,Fomantis,-33,-52,-75,-21,-62,-15,13928
898,Lurantis,-3,-2,-20,9,-7,-5,568
899,Morelull,-33,-72,-55,-6,-22,-35,11043
900,Shiinotic,-13,-62,-30,19,3,-20,5683
901,Salandit,-25,-63,-70,0,-57,27,13472
902,Salazzle,-5,-43,-50,40,-37,67,11832
903,Stufful,-3,-32,-60,-26,-47,0,7518
904,Bewear,47,18,-30,-16,-37,10,5158
905,Bounsweet,-31,-77,-72,-41,-59,-18,17560
906,Steenee,-21,-67,-62,-31,-49,12,12280
907,Tsareena,-1,13,-12,-21,1,22,1240
908,Comfey,-22,-55,-20,11,13,50,6699
909,Oranguru,17,-47,-30,19,13,10,4028
910,Passimian,27,13,-20,-31,-37,30,4528
911,Wimpod,-48,-72,-70,-51,-67,30,20378
912,Golisopod,2,18,30,-11,-7,-10,1498
913,Sandygast,-18,-52,-30,-1,-52,-35,7858
914,Palossand,12,-32,0,29,-22,-15,2718
915,Pyukumuku,-18,-47,20,-41,33,-45,7728
916,Type: Null,22,-12,-15,24,-2,9,1514
917,Silvally,22,-12,-15,24,-2,45,3458
918,Minior (Meteor Form),-13,-47,-10,-11,3,10,2708
919,Minior (Core),-13,-7,-50,29,-37,70,9828
920,Komala,-8,8,-45,4,-2,15,2398
921,Turtonator,-13,-29,25,20,-12,-14,2375
922,Togedemaru,-8,-9,-47,-31,-24,46,6007
923,Mimikyu,-18,-17,-30,-21,8,46,4134
924,Bruxish,-5,-2,-40,-1,-27,42,4123
925,Drampa,5,-47,-25,64,-6,-14,7187
926,Dhelmise,-3,24,-10,15,-7,-10,1059
927,Jangmo-o,-28,-52,-45,-26,-52,-5,8918
928,Hakamo-o,-18,-32,-20,-6,-27,15,2738
929,Kommo-o,2,3,15,29,8,35,2368
930,Tapu Koko,-3,8,-25,24,-22,80,8158
931,Tapu Lele,-3,-22,-35,59,18,45,7548
932,Tapu Bulu,-3,23,5,14,-2,25,1388
933,Tapu Fini,-3,-32,5,24,33,35,3948
934,Cosmog,-30,-78,-79,-42,-66,-13,19514
935,Cosmoem,-30,-78,21,-42,34,-13,10514
936,Solgaleo,64,30,-3,42,-8,47,9042
937,Lunala,64,6,-21,66,10,47,11238
938,Nihilego,36,-54,-63,56,34,53,15282
939,Buzzwole,34,32,29,-18,-44,29,6122
940,Pheromosa,-2,30,-73,66,-60,101,24390
941,Xurkitree,10,-18,-39,102,-26,33,14114
942,Celesteela,24,-6,-7,36,4,11,2094
943,Kartana,-14,74,21,-12,-66,59,14094
944,Guzzlord,150,-6,-57,26,-44,-7,28446
945,Necrozma,24,0,-9,56,-8,29,4698
946,Necrozma (Dusk Mane Necrozma),24,50,17,42,12,27,6002
947,Necrozma (Dawn Wings Necrozma),24,6,-1,86,30,27,9638
948,Necrozma (Ultra Necrozma),24,60,-13,96,0,79,19802
949,Magearna,7,-12,5,59,18,15,4248
950,Marshadow,17,18,-30,19,-7,75,7548
951,Poipole,-6,-34,-43,2,-30,23,4474
952,Naganadel,0,-34,-37,56,-24,71,11278
953,Stakataka,-12,24,101,-18,4,-37,12630
954,Blacephalon,-20,20,-57,80,-18,57,14022
955,Zeraora,15,5,-35,31,-17,93,11374
956,Meltan,-27,-42,-45,-16,-62,-16,8874
957,Melmetal,62,36,33,9,-32,-16,7590
958,Grookey,-23,-42,-60,-31,-57,15,10328
959,Thwackey,-3,-22,-40,-16,-37,30,4618
960,Rillaboom,27,18,-20,-11,-27,35,3528
961,Scorbunny,-23,-36,-70,-31,-57,19,11296
962,Raboot,-8,-21,-50,-16,-37,44,6566
963,Cinderace,7,9,-35,-6,-22,69,6636
964,Sobble,-23,-67,-70,-1,-57,20,13568
965,Drizzile,-8,-47,-55,24,-42,40,9238
966,Inteleon,-3,-22,-45,54,-32,70,11358
967,Skwovet,-3,-52,-55,-36,-62,-25,11503
968,Greedent,47,-12,-15,-16,-22,-30,4218
969,Rookidee,-35,-60,-75,-38,-62,7,15787
970,Corvisquire,-5,-40,-55,-28,-42,27,7927
971,Corviknight,25,-20,-5,-18,-12,17,1807
972,Blipbug,-48,-87,-90,-46,-52,-5,22818
973,Dottler,-23,-72,-30,-21,-7,-20,7503
974,Orbeetle,-13,-62,0,9,23,40,6223
975,Nickit,-33,-79,-82,-24,-45,0,16655
976,Thievul,-3,-49,-52,16,-5,40,6995
977,Gossifleur,-33,-67,-50,-31,-37,-40,12008
978,Eldegoss,-13,-57,-20,9,23,10,4528
979,Wooloo,-31,-67,-55,-31,-52,-2,12144
980,Dubwool,-1,-27,-10,-11,-7,38,2444
981,Chewtle,-23,-43,-60,-33,-59,-6,10584
982,Drednaw,17,8,-20,-23,-29,24,2699
983,Yamper,-14,-62,-60,-31,-47,-24,11386
984,Boltund,-4,-17,-50,19,-37,71,9576
985,Rolycoly,-43,-67,-60,-31,-47,-20,13508
986,Carkol,7,-47,-20,-11,-27,0,3508
987,Coalossal,37,-27,10,9,-7,-20,2728
988,Applin,-33,-67,-30,-31,-57,-30,11588
989,Flapple,-3,3,-30,24,-37,20,3263
990,Appletun,37,-22,-30,29,-17,-20,4283
991,Silicobra,-21,-50,-35,-36,-47,-4,7687
992,Sandaconda,-1,0,15,-6,-27,21,1432
993,Cramorant,-3,-22,-55,14,-2,35,4943
994,Arrokuda,-32,-44,-70,-31,-67,16,13566
995,Barraskewda,-12,16,-50,-11,-47,86,12626
996,Toxel,-33,-69,-75,-17,-62,-10,15708
997,Toxtricity,2,-9,-40,43,-27,25,4888
998,Sizzlipede,-23,-42,-65,-21,-47,-5,9193
999,Centiskorch,27,8,-45,19,-7,15,3453
1000,Clobbopus,-23,-39,-50,-21,-47,-18,7524
1001,Grapploct,7,11,-20,-1,-17,-8,924
1002,Sinistea,-33,-62,-65,3,-43,0,11016
1003,Polteageist,-13,-42,-45,63,17,20,8616
1004,Hatenna,-31,-77,-65,-15,-44,-11,13397
1005,Hattrem,-16,-67,-45,15,-24,-1,7572
1006,Hatterene,-16,-17,-15,65,6,-21,5472
1007,Impidimp,-28,-62,-80,-16,-57,0,14533
1008,Morgrem,-8,-47,-65,4,-42,20,8678
1009,Grimmsnarl,22,13,-45,24,-22,10,3838
1010,Obstagoon,20,-17,-9,-11,-16,45,3172
1011,Perrserker,-3,3,-10,-21,-37,0,1928
1012,Cursola,-13,-12,-60,74,33,-20,10878
1013,Sirfetch'd,-11,28,-15,-3,-15,15,1589
1014,Mr. Rime,7,-22,-35,39,3,20,3688
1015,Runerigus,-15,-12,35,-21,8,-20,2499
1016,Milcery,-28,-67,-70,-21,-36,-16,12166
1017,Alcremie,-8,-47,-35,39,24,14,5791
1018,Falinks,-8,-7,-10,-1,-37,25,2208
1019,Pincurchin,-25,-6,-15,20,-12,-35,2655
1020,Snom,-43,-82,-75,-26,-67,-30,20263
1021,Frosmoth,-3,-42,-50,54,-7,15,7463
1022,Stonjourner,27,18,25,-51,-77,20,10608
1023,Eiscue (Ice Face),2,-27,0,-6,-7,0,818
1024,Eiscue (Noice Face),2,-27,-40,-6,-47,80,10978
1025,Indeedee (Male),-13,-42,-55,34,-2,45,8143
1026,Indeedee (Female),-3,-52,-45,24,8,35,6603
1027,Morpeko,-15,-12,-52,-1,-39,47,6804
1028,Cufant,-1,-27,-61,-31,-48,-10,7816
1029,Copperajah,49,23,-41,9,-28,-20,5876
1030,Dracozolt,17,-7,-20,9,-27,25,2173
1031,Arctozolt,17,-7,-20,19,-17,5,1413
1032,Dracovish,17,-17,-10,-1,-17,25,1593
1033,Arctovish,17,-17,-10,9,-7,5,833
1034,Duraludon,-3,-12,5,49,-47,35,6013
1035,Dreepy,-45,-47,-80,-31,-67,32,17108
1036,Drakloak,-5,-27,-60,-11,-47,52,9388
1037,Dragapult,15,13,-35,29,-22,92,11408
1038,Zacian (Hero of Many Battles),19,13,5,9,18,88,8704
1039,Zacian (Crowned Sword),19,43,5,9,18,98,12244
1040,Zamazenta (Hero of Many Battles),19,13,5,9,18,88,8704
1041,Zamazenta (Crowned Shield),19,13,30,9,43,78,9444
1042,Eternatus,67,-22,-15,74,-2,80,17078
1043,Eternatus (Eternamax Eternatus),182,8,140,54,153,80,85513
1044,Kubfu,-13,-17,-50,-18,-47,22,5975
1045,Urshifu,27,23,-10,-8,-37,47,5000
1046,Zarude,32,13,-5,-1,-2,55,4248
1047,Regieleki,7,-7,-60,29,-47,150,29248
1048,Regidrago,127,-7,-60,29,-47,30,23728
1049,Glastrier,27,38,20,-6,13,-20,3178
1050,Spectrier,27,-42,-50,74,-17,80,17158
1051,Calyrex,27,-27,-30,9,-17,30,3628
1052,Calyrex (Ice Rider Calyrex),27,58,40,14,33,0,6978
1053,Calyrex (Shadow Rider Calyrex),27,-22,-30,94,3,100,20958
1054,Wyrdeer,30,-2,-38,34,-22,15,4213
1055,Kleavor,-3,28,-15,-26,-27,35,3648
1056,Ursaluna,57,33,-5,-26,-17,0,5328
1057,Basculegion (Male),47,5,-45,9,-22,28,5608
1058,Basculegion (Female),47,-15,-45,29,-22,28,6568
1059,Sneasler,7,23,-50,-31,-17,70,9228
1060,Overqwil,12,8,-15,-6,-32,35,2718
1061,Enamorus (Incarnate Forme),1,8,-40,64,-17,56,9186
1062,Enamorus (Therian Forme),1,8,0,64,3,-4,4186
1063,Sprigatito,-33,-46,-56,-26,-52,15,9946
1064,Floragato,-12,-27,-47,-11,-34,33,5448
1065,Meowscarada,3,3,-40,10,-27,73,7776
1066,Fuecoco,-6,-62,-51,-8,-57,-14,9990
1067,Crocalor,8,-52,-32,19,-39,-1,5675
1068,Skeledirge,31,-32,-10,39,-22,16,4346
1069,Quaxly,-18,-42,-65,-21,-52,0,9458
1070,Quaxwell,-3,-22,-45,-6,-37,15,4148
1071,Quaquaval,12,13,-30,14,-22,35,3118
1072,Lechonk,-19,-62,-70,-36,-52,-15,13330
1073,Oinkologne (Male),37,-7,-35,-12,-17,15,3301
1074,Oinkologne (Female),42,-17,-40,-12,-7,15,4071
1075,Tarountula,-38,-66,-65,-42,-57,-30,15938
1076,Spidops,-13,-28,-18,-19,-11,-15,1984
1077,Nymble,-40,-61,-70,-50,-72,-5,17930
1078,Lokix,-2,-5,-32,-19,-42,42,4942
1079,Pawmi,-28,-57,-90,-31,-72,10,18378
1080,Pawmo,-13,-32,-70,-21,-57,35,11008
1081,Pawmot,-3,8,-40,-1,-37,55,6068
1082,Tandemaus,-23,-57,-65,-31,-52,25,12293
1083,Maushold,1,-32,-40,-6,-22,61,6866
1084,Fidough,-36,-52,-40,-41,-42,15,9270
1085,Dachsbun,-16,-27,5,-21,-17,45,3765
1086,Smoliv,-32,-72,-65,-13,-46,-20,13118
1087,Dolliv,-21,-54,-50,7,-19,-17,6556
1088,Arboliva,5,-38,-20,54,12,-11,5050
1089,Squawkabilly,9,-11,-59,-26,-46,42,8239
1090,Nacli,-18,-52,-35,-36,-62,-25,10018
1091,Naclstack,-13,-47,-10,-36,-32,-15,5023
1092,Garganacl,27,-7,20,-26,-7,-15,2128
1093,Charcadet,-33,-57,-70,-21,-57,-15,13153
1094,Armarouge,12,-47,-10,54,-17,25,6283
1095,Ceruledge,2,18,-30,-11,3,35,2583
1096,Tadbulb,-12,-76,-69,-12,-62,-5,14694
1097,Bellibolt,36,-43,-19,32,-14,-5,4751
1098,Wattrel,-33,-67,-75,-16,-57,20,15108
1099,Kilowattrel,-3,-37,-50,34,-37,75,12028
1100,Maschiff,-13,-29,-50,-31,-46,1,6588
1101,Mabosstiff,7,13,-20,-11,-27,35,2693
1102,Shroodle,-33,-42,-75,-31,-62,25,13908
1103,Grafaiai,-10,-12,-45,9,-25,60,6575
1104,Bramblin,-33,-42,-80,-26,-62,10,13873
1105,Brambleghast,-18,8,-40,9,-27,40,4398
1106,Toedscool,-33,-67,-75,-21,3,20,12053
1107,Toedscruel,7,-37,-45,9,23,50,6553
1108,Klawf,-3,-7,5,-36,-42,25,3768
1109,Capsakid,-23,-45,-70,-9,-57,0,10784
1110,Scovillain,-8,1,-45,37,-32,25,5108
1111,Rellor,-32,-57,-50,-40,-39,-20,10294
1112,Rabsca,2,-57,-25,44,3,-5,5848
1113,Flittle,-43,-72,-80,-16,-67,25,18803
1114,Espathra,22,-47,-50,30,-37,55,10487
1115,Tinkatink,-23,-62,-65,-36,-33,8,11047
1116,Tinkatuff,-8,-52,-55,-26,-15,28,7478
1117,Tinkaton,12,-32,-33,-1,8,44,4258
1118,Wiglett,-63,-52,-85,-36,-72,45,22403
1119,Wugtrio,-38,-7,-60,-21,-27,70,11163
1120,Bombirdier,-3,-4,-25,-11,-12,32,1939
1121,Finizen,-3,-62,-70,-26,-57,25,13303
1122,Palafin,27,-37,-38,-18,-35,50,7591
1123,Palafin,27,53,-13,35,-10,50,7532
1124,Varoom,-28,-37,-47,-41,-52,-3,8756
1125,Revavroom,7,12,-20,-17,-30,40,3382
1126,Cyclizar,-3,-12,-45,14,-32,71,8439
1127,Orthworm,-3,-22,35,-11,-42,15,3828
1128,Glimmet,-25,-72,-68,34,-37,10,13058
1129,Glimmora,10,-52,-20,59,-16,36,8237
1130,Greavard,-23,-46,-50,-41,-42,-16,8846
1131,Houndstone,-1,-6,-10,-21,0,18,902
1132,Flamigo,9,8,-36,4,-33,40,4146
1133,Cetoddle,35,-39,-65,-41,-57,-7,11950
1134,Cetitan,97,6,-45,-26,-42,23,14439
1135,Veluza,17,-5,-37,7,-32,20,3156
1136,Dondozo,77,-7,5,-6,-32,-15,7288
1137,Tatsugiri,-5,-57,-50,49,-2,32,9203
1138,Annihilape,37,8,-30,-21,-7,40,4423
1139,Clodsire,57,-32,-50,-26,3,-30,8358
1140,Farigiraf,47,-17,-40,39,-27,10,6448
1141,Dudunsparce,52,-7,-30,14,-22,5,4358
1142,Kingambit,27,28,10,-11,-12,0,1878
1143,Great Tusk,42,24,21,-18,-44,37,6410
1144,Scream Tail,42,-42,-11,-6,18,61,7730
1145,Brute Bonnet,38,20,-11,8,2,5,2058
1146,Flutter Mane,-18,-52,-55,64,38,85,18818
1147,Slither Wing,12,28,-31,14,8,31,3110
1148,Sandy Shocks,12,-26,-13,50,-12,51,6234
1149,Iron Treads,17,5,10,1,-27,56,4280
1150,Iron Bundle,-17,-27,4,53,-37,86,12608
1151,Iron Hands,81,33,-2,-21,-29,0,8936
1152,Iron Jugulis,21,-27,-24,51,-17,58,8000
1153,Iron Moth,7,-37,-50,69,13,60,12448
1154,Iron Thorns,27,27,0,-1,-13,22,2112
1155,Frigibax,-8,-32,-65,-36,-52,5,9338
1156,Arctibax,17,-12,-44,-26,-32,12,4213
1157,Baxcalibur,42,38,-18,4,-11,37,5038
1158,Gimmighoul (Chest Form),-28,-77,-40,4,-27,-40,10658
1159,Gimmighoul (Roaming Form),-28,-77,-85,4,-52,30,17558
1160,Gholdengo,14,-47,-15,62,-6,34,7666
1161,Wo-Chien,12,-22,-10,24,38,20,3148
1162,Chien-Pao,7,13,-30,19,-32,85,9728
1163,Ting-Lu,82,3,15,-16,-17,-5,7528
1164,Chi-Yu,-18,-27,-30,64,23,50,9078
1165,Roaring Moon,32,32,-39,-16,4,69,8602
1166,Iron Valiant,1,23,-20,49,-37,66,9056
1167,Koraidon,27,28,5,14,3,85,8968
1168,Miraidon,27,-22,-10,64,18,85,12958
